24 23:12:32.264 [1]  1 : Running(cursor=0,len=1)
24 23:12:32.266 [1]    2 : Running(cursor=0,len=2)
24 23:12:32.267 [1]      3 : Running(cursor=0,len=2)
24 23:12:32.267 [1]        5 : Failure(key=calculated,reason=false != true)
24 23:12:32.268 [1]      3 : Failure(cursor=0,len=2,reason=false != true)
24 23:12:32.269 [1]    2 : Running(cursor=1,len=2)
24 23:12:32.269 [1]      4 : Running(cursor=0,len=1)
24 23:12:32.270 [1]        7 : Running(cursor=0,len=2)
24 23:12:32.270 [1]          8 : Running(cursor=0,len=2)
24 23:12:32.271 [1]            10 : Failure(key=calculated,reason=the key is not locked)
24 23:12:32.271 [1]          8 : Failure(cursor=0,len=2,reason=the key is not locked)
24 23:12:32.272 [1]        7 : Running(cursor=1,len=2)
24 23:12:32.272 [1]          9 : Running(cursor=0,len=2)
24 23:12:33.523 [1]            custom: Calculating
24 23:12:34.658 [1]            custom: Calculated
24 23:12:34.661 [1]            12 : Success(guard=calculated)
24 23:12:34.661 [1]          9 : Running(cursor=1,len=2)
24 23:12:34.662 [1]            13 : Running()
24 23:12:34.663 [1]          9 : Running(cursor=1,len=2)
24 23:12:34.663 [1]        7 : Running(cursor=1,len=2)
24 23:12:34.663 [1]      4 : Running(cursor=0,len=1)
24 23:12:34.664 [1]    2 : Running(cursor=1,len=2)
24 23:12:34.664 [2]  next tick
24 23:12:34.665 [2]    2 : Running(cursor=0,len=2)
24 23:12:34.665 [2]      3 : Running(cursor=0,len=2,reason=false != true)
24 23:12:34.665 [2]        5 : Success(key=calculated)
24 23:12:34.666 [2]      3 : Running(cursor=1,len=2,reason=false != true)
24 23:12:34.976 [2]        6 : Running(flag=calculated)
24 23:12:34.977 [2]      3 : Running(cursor=1,len=2,reason=false != true)
24 23:12:34.977 [2]    2 : Running(cursor=0,len=2)
24 23:12:34.977 [2]  1 : Running(cursor=0,len=1)
24 23:12:34.977 [3]  next tick
24 23:12:34.977 [3]    2 : Running(cursor=0,len=2)
24 23:12:34.978 [3]      3 : Running(cursor=0,len=2,reason=false != true)
24 23:12:34.978 [3]        5 : Success(key=calculated)
24 23:12:34.978 [3]      3 : Running(cursor=1,len=2,reason=false != true)
24 23:12:35.284 [3]        6 : Running(flag=calculated)
24 23:12:35.285 [3]      3 : Running(cursor=1,len=2,reason=false != true)
24 23:12:35.285 [3]    2 : Running(cursor=0,len=2)
24 23:12:35.286 [3]  1 : Running(cursor=0,len=1)
24 23:12:35.286 [4]  next tick
24 23:12:35.286 [4]    2 : Running(cursor=0,len=2)
24 23:12:35.287 [4]      3 : Running(cursor=0,len=2,reason=false != true)
24 23:12:35.287 [4]        5 : Success(key=calculated)
24 23:12:35.287 [4]      3 : Running(cursor=1,len=2,reason=false != true)
24 23:12:35.596 [4]        6 : Running(flag=calculated)
24 23:12:35.596 [4]      3 : Running(cursor=1,len=2,reason=false != true)
24 23:12:35.597 [4]    2 : Running(cursor=0,len=2)
24 23:12:35.597 [4]  1 : Running(cursor=0,len=1)
24 23:12:35.597 [5]  next tick
24 23:12:35.597 [5]    2 : Running(cursor=0,len=2)
24 23:12:35.598 [5]      3 : Running(cursor=0,len=2,reason=false != true)
24 23:12:35.598 [5]        5 : Success(key=calculated)
24 23:12:35.598 [5]      3 : Running(cursor=1,len=2,reason=false != true)
24 23:12:39.999 [5]        custom: Bump!. Recalculate
24 23:12:40.001 [5]        6 : Running(flag=calculated)
24 23:12:40.001 [5]      3 : Running(cursor=1,len=2,reason=false != true)
24 23:12:40.001 [5]    2 : Running(cursor=0,len=2)
24 23:12:40.002 [5]  1 : Running(cursor=0,len=1)
24 23:12:40.002 [6]  next tick
24 23:12:40.002 [6]    2 : Running(cursor=0,len=2)
24 23:12:40.002 [6]      3 : Running(cursor=0,len=2,reason=false != true)
24 23:12:40.002 [6]        5 : Failure(key=calculated,reason=false != true)
24 23:12:40.003 [6]      3 : Failure(cursor=0,len=2,reason=false != true)
24 23:12:40.003 [6]    2 : Running(cursor=1,len=2)
24 23:12:40.003 [6]      4 : Running(cursor=0,len=1)
24 23:12:40.003 [6]        7 : Running(cursor=0,len=2)
24 23:12:40.003 [6]          8 : Running(cursor=0,len=2,reason=the key is not locked)
24 23:12:40.004 [6]            10 : Failure(key=calculated,reason=the key is not locked)
24 23:12:40.004 [6]          8 : Failure(cursor=0,len=2,reason=the key is not locked)
24 23:12:40.004 [6]        7 : Running(cursor=1,len=2)
24 23:12:40.004 [6]          9 : Running(cursor=0,len=2)
24 23:12:41.248 [6]            custom: Calculating
24 23:12:42.381 [6]            custom: Calculated
24 23:12:42.382 [6]            12 : Success(guard=calculated)
24 23:12:42.383 [6]          9 : Running(cursor=1,len=2)
24 23:12:42.383 [6]            13 : Running()
24 23:12:42.383 [6]          9 : Running(cursor=1,len=2)
24 23:12:42.384 [6]        7 : Running(cursor=1,len=2)
24 23:12:42.384 [6]      4 : Running(cursor=0,len=1)
24 23:12:42.384 [6]    2 : Running(cursor=1,len=2)
24 23:12:42.385 [6]  1 : Running(cursor=0,len=1)
24 23:12:42.385 [7]  next tick
24 23:12:42.385 [7]    2 : Running(cursor=0,len=2)
24 23:12:42.385 [7]      3 : Running(cursor=0,len=2,reason=false != true)
24 23:12:42.385 [7]        5 : Success(key=calculated)
24 23:12:42.386 [7]      3 : Running(cursor=1,len=2,reason=false != true)
24 23:12:42.692 [7]        6 : Running(flag=calculated)
24 23:12:42.693 [7]      3 : Running(cursor=1,len=2,reason=false != true)
24 23:12:42.693 [7]    2 : Running(cursor=0,len=2)
24 23:12:42.693 [7]  1 : Running(cursor=0,len=1)
24 23:12:42.694 [8]  next tick
24 23:12:42.694 [8]    2 : Running(cursor=0,len=2)
24 23:12:42.694 [8]      3 : Running(cursor=0,len=2,reason=false != true)
24 23:12:42.694 [8]        5 : Success(key=calculated)
24 23:12:42.695 [8]      3 : Running(cursor=1,len=2,reason=false != true)
24 23:12:43.004 [8]        6 : Running(flag=calculated)
24 23:12:43.005 [8]      3 : Running(cursor=1,len=2,reason=false != true)
24 23:12:43.006 [8]    2 : Running(cursor=0,len=2)
24 23:12:43.006 [8]  1 : Running(cursor=0,len=1)
24 23:12:43.007 [9]  next tick
24 23:12:43.007 [9]    2 : Running(cursor=0,len=2)
24 23:12:43.008 [9]      3 : Running(cursor=0,len=2,reason=false != true)
24 23:12:43.008 [9]        5 : Success(key=calculated)
24 23:12:43.008 [9]      3 : Running(cursor=1,len=2,reason=false != true)
24 23:12:43.314 [9]        6 : Running(flag=calculated)
24 23:12:43.315 [9]      3 : Running(cursor=1,len=2,reason=false != true)
24 23:12:43.315 [9]    2 : Running(cursor=0,len=2)
24 23:12:43.316 [9]  1 : Running(cursor=0,len=1)
24 23:12:43.316 [10]  next tick
24 23:12:43.316 [10]    2 : Running(cursor=0,len=2)
24 23:12:43.316 [10]      3 : Running(cursor=0,len=2,reason=false != true)
24 23:12:43.316 [10]        5 : Success(key=calculated)
24 23:12:43.317 [10]      3 : Running(cursor=1,len=2,reason=false != true)
24 23:12:43.627 [10]        6 : Running(flag=calculated)
24 23:12:43.628 [10]      3 : Running(cursor=1,len=2,reason=false != true)
24 23:12:43.628 [10]    2 : Running(cursor=0,len=2)
24 23:12:43.629 [10]  1 : Running(cursor=0,len=1)
24 23:12:43.629 [11]  next tick
24 23:12:43.629 [11]    2 : Running(cursor=0,len=2)
24 23:12:43.629 [11]      3 : Running(cursor=0,len=2,reason=false != true)
24 23:12:43.630 [11]        5 : Success(key=calculated)
24 23:12:43.630 [11]      3 : Running(cursor=1,len=2,reason=false != true)
24 23:12:43.940 [11]        6 : Success(flag=calculated)
24 23:12:43.941 [11]      3 : Success(cursor=1,len=2,reason=false != true)
24 23:12:43.942 [11]    2 : Success(cursor=0,len=2)
24 23:12:43.942 [11]  1 : Running(cursor=0,len=1)
24 23:12:43.942 [11]  1 : Success(cursor=0,len=1)
23 12:26:17.248 [1]  1 : Running(cursor=0,len=1)
23 12:26:17.249 [1]    2 : Running(cursor=0,len=2)
23 12:26:17.249 [1]      3 : Running(cursor=0,len=2)
23 12:26:17.249 [1]        5 : Failure(key=calculated,reason=io: the key is expected to be a bool)
23 12:26:17.249 [1]      3 : Failure(cursor=0,len=2,reason=io: the key is expected to be a bool)
23 12:26:17.249 [1]    2 : Running(cursor=1,len=2)
23 12:26:17.249 [1]      4 : Running(cursor=0,len=1)
23 12:26:17.249 [1]        7 : Running(cursor=0,len=2)
23 12:26:17.249 [1]          8 : Running(cursor=0,len=2)
23 12:26:17.249 [1]            10 : Failure(key=calculated,reason=the key is not locked)
23 12:26:17.249 [1]          8 : Failure(cursor=0,len=2,reason=the key is not locked)
23 12:26:17.249 [1]        7 : Running(cursor=1,len=2)
23 12:26:17.249 [1]          9 : Running(cursor=0,len=2)
23 12:26:17.275 [1]            12 : Failure(guard=calculated,reason=io: reqwest::Error { kind: Request, url: "http://localhost:10000/calculate", source: hyper_util::client::legacy::Error(Connect, ConnectError("tcp connect error", 127.0.0.1:10000, Os { code: 111, kind: ConnectionRefused, message: "Connection refused" })) })
23 12:26:17.275 [1]          9 : Failure(cursor=0,len=2,reason=io: reqwest::Error { kind: Request, url: "http://localhost:10000/calculate", source: hyper_util::client::legacy::Error(Connect, ConnectError("tcp connect error", 127.0.0.1:10000, Os { code: 111, kind: ConnectionRefused, message: "Connection refused" })) })
23 12:26:17.275 [1]        7 : Failure(cursor=1,len=2,reason=io: reqwest::Error { kind: Request, url: "http://localhost:10000/calculate", source: hyper_util::client::legacy::Error(Connect, ConnectError("tcp connect error", 127.0.0.1:10000, Os { code: 111, kind: ConnectionRefused, message: "Connection refused" })) })
23 12:26:17.275 [1]      4 : Failure(cursor=0,len=1,reason=io: reqwest::Error { kind: Request, url: "http://localhost:10000/calculate", source: hyper_util::client::legacy::Error(Connect, ConnectError("tcp connect error", 127.0.0.1:10000, Os { code: 111, kind: ConnectionRefused, message: "Connection refused" })) })
23 12:26:17.275 [1]    2 : Failure(cursor=1,len=2,reason=io: reqwest::Error { kind: Request, url: "http://localhost:10000/calculate", source: hyper_util::client::legacy::Error(Connect, ConnectError("tcp connect error", 127.0.0.1:10000, Os { code: 111, kind: ConnectionRefused, message: "Connection refused" })) })
23 12:26:17.275 [1]  1 : Failure(cursor=0,len=1,reason=io: reqwest::Error { kind: Request, url: "http://localhost:10000/calculate", source: hyper_util::client::legacy::Error(Connect, ConnectError("tcp connect error", 127.0.0.1:10000, Os { code: 111, kind: ConnectionRefused, message: "Connection refused" })) })
23 12:31:49.031 [1]  1 : Running(cursor=0,len=1)
23 12:31:49.031 [1]    2 : Running(cursor=0,len=2)
23 12:31:49.031 [1]      3 : Running(cursor=0,len=2)
23 12:31:49.031 [1]        5 : Failure(key=calculated,reason=io: the key is expected to be a bool)
23 12:31:49.031 [1]      3 : Failure(cursor=0,len=2,reason=io: the key is expected to be a bool)
23 12:31:49.031 [1]    2 : Running(cursor=1,len=2)
23 12:31:49.031 [1]      4 : Running(cursor=0,len=1)
23 12:31:49.031 [1]        7 : Running(cursor=0,len=2)
23 12:31:49.031 [1]          8 : Running(cursor=0,len=2)
23 12:31:49.031 [1]            10 : Failure(key=calculated,reason=the key is not locked)
23 12:31:49.031 [1]          8 : Failure(cursor=0,len=2,reason=the key is not locked)
23 12:31:49.031 [1]        7 : Running(cursor=1,len=2)
23 12:31:49.031 [1]          9 : Running(cursor=0,len=2)
23 12:31:49.586 [1]            custom: Calculated
23 12:31:49.587 [1]            12 : Success(guard=calculated)
23 12:31:49.587 [1]          9 : Running(cursor=1,len=2)
23 12:31:49.587 [1]            13 : Running()
23 12:31:49.587 [1]          9 : Running(cursor=1,len=2,running_child=1)
23 12:31:49.587 [1]        7 : Running(cursor=1,len=2,running_child=1)
23 12:31:49.587 [1]      4 : Running(cursor=0,len=1,running_child=0)
23 12:31:49.587 [1]    2 : Running(cursor=1,len=2,running_child=1)
23 12:31:49.587 [2]  next tick
23 12:31:49.587 [2]    2 : Running(cursor=0,len=2,running_child=1)
23 12:31:49.587 [2]      3 : Running(cursor=0,len=2,reason=io: the key is expected to be a bool)
23 12:31:49.587 [2]        5 : Failure(key=calculated,reason=io: the key is expected to be a bool)
23 12:31:49.587 [2]      3 : Failure(cursor=0,len=2,reason=io: the key is expected to be a bool)
23 12:31:49.587 [2]    2 : Running(cursor=1,len=2,running_child=1)
23 12:31:49.588 [2]      4 : Running(cursor=0,len=1,running_child=0)
23 12:31:49.588 [2]        7 : Running(cursor=0,len=2,running_child=1)
23 12:31:49.588 [2]          8 : Running(cursor=0,len=2,reason=the key is not locked)
23 12:31:49.588 [2]            10 : Failure(key=calculated,reason=the key is not locked)
23 12:31:49.588 [2]          8 : Failure(cursor=0,len=2,reason=the key is not locked)
23 12:31:49.588 [2]        7 : Running(cursor=1,len=2,running_child=1)
23 12:31:49.588 [2]          9 : Running(cursor=0,len=2,running_child=1)
23 12:31:50.142 [2]            custom: Calculated
23 12:31:50.142 [2]            12 : Success(guard=calculated)
23 12:31:50.143 [2]          9 : Running(cursor=1,len=2,running_child=1)
23 12:31:50.143 [2]            13 : Running()
23 12:31:50.143 [2]          9 : Running(cursor=1,len=2,running_child=1)
23 12:31:50.143 [2]        7 : Running(cursor=1,len=2,running_child=1)
23 12:31:50.143 [2]      4 : Running(cursor=0,len=1,running_child=0)
23 12:31:50.143 [2]    2 : Running(cursor=1,len=2,running_child=1)
23 12:31:50.143 [2]  1 : Running(cursor=0,len=1)
23 12:31:50.143 [3]  next tick
23 12:31:50.143 [3]    2 : Running(cursor=0,len=2,running_child=1)
23 12:31:50.143 [3]      3 : Running(cursor=0,len=2,reason=io: the key is expected to be a bool)
23 12:31:50.143 [3]        5 : Failure(key=calculated,reason=io: the key is expected to be a bool)
23 12:31:50.143 [3]      3 : Failure(cursor=0,len=2,reason=io: the key is expected to be a bool)
23 12:31:50.143 [3]    2 : Running(cursor=1,len=2,running_child=1)
23 12:31:50.143 [3]      4 : Running(cursor=0,len=1,running_child=0)
23 12:31:50.143 [3]        7 : Running(cursor=0,len=2,running_child=1)
23 12:31:50.143 [3]          8 : Running(cursor=0,len=2,reason=the key is not locked)
23 12:31:50.143 [3]            10 : Failure(key=calculated,reason=the key is not locked)
23 12:31:50.143 [3]          8 : Failure(cursor=0,len=2,reason=the key is not locked)
23 12:31:50.143 [3]        7 : Running(cursor=1,len=2,running_child=1)
23 12:31:50.143 [3]          9 : Running(cursor=0,len=2,running_child=1)
23 12:31:50.697 [3]            custom: Calculated
23 12:31:50.697 [3]            12 : Success(guard=calculated)
23 12:31:50.697 [3]          9 : Running(cursor=1,len=2,running_child=1)
23 12:31:50.697 [3]            13 : Running()
23 12:31:50.697 [3]          9 : Running(cursor=1,len=2,running_child=1)
23 12:31:50.698 [3]        7 : Running(cursor=1,len=2,running_child=1)
23 12:31:50.698 [3]      4 : Running(cursor=0,len=1,running_child=0)
23 12:31:50.698 [3]    2 : Running(cursor=1,len=2,running_child=1)
23 12:31:50.698 [3]  1 : Running(cursor=0,len=1)
23 12:31:50.698 [4]  next tick
23 12:31:50.698 [4]    2 : Running(cursor=0,len=2,running_child=1)
23 12:31:50.698 [4]      3 : Running(cursor=0,len=2,reason=io: the key is expected to be a bool)
23 12:31:50.698 [4]        5 : Failure(key=calculated,reason=io: the key is expected to be a bool)
23 12:31:50.698 [4]      3 : Failure(cursor=0,len=2,reason=io: the key is expected to be a bool)
23 12:31:50.698 [4]    2 : Running(cursor=1,len=2,running_child=1)
23 12:31:50.698 [4]      4 : Running(cursor=0,len=1,running_child=0)
23 12:31:50.698 [4]        7 : Running(cursor=0,len=2,running_child=1)
23 12:31:50.698 [4]          8 : Running(cursor=0,len=2,reason=the key is not locked)
23 12:31:50.698 [4]            10 : Failure(key=calculated,reason=the key is not locked)
23 12:31:50.698 [4]          8 : Failure(cursor=0,len=2,reason=the key is not locked)
23 12:31:50.698 [4]        7 : Running(cursor=1,len=2,running_child=1)
23 12:31:50.698 [4]          9 : Running(cursor=0,len=2,running_child=1)
23 12:31:51.251 [4]            custom: Calculated
23 12:31:51.252 [4]            12 : Success(guard=calculated)
23 12:31:51.252 [4]          9 : Running(cursor=1,len=2,running_child=1)
23 12:31:51.252 [4]            13 : Running()
23 12:31:51.252 [4]          9 : Running(cursor=1,len=2,running_child=1)
23 12:31:51.252 [4]        7 : Running(cursor=1,len=2,running_child=1)
23 12:31:51.252 [4]      4 : Running(cursor=0,len=1,running_child=0)
23 12:31:51.252 [4]    2 : Running(cursor=1,len=2,running_child=1)
23 12:31:51.252 [4]  1 : Running(cursor=0,len=1)
23 12:31:51.252 [5]  next tick
23 12:31:51.252 [5]    2 : Running(cursor=0,len=2,running_child=1)
23 12:31:51.252 [5]      3 : Running(cursor=0,len=2,reason=io: the key is expected to be a bool)
23 12:31:51.252 [5]        5 : Failure(key=calculated,reason=io: the key is expected to be a bool)
23 12:31:51.252 [5]      3 : Failure(cursor=0,len=2,reason=io: the key is expected to be a bool)
23 12:31:51.252 [5]    2 : Running(cursor=1,len=2,running_child=1)
23 12:31:51.252 [5]      4 : Running(cursor=0,len=1,running_child=0)
23 12:31:51.252 [5]        7 : Running(cursor=0,len=2,running_child=1)
23 12:31:51.252 [5]          8 : Running(cursor=0,len=2,reason=the key is not locked)
23 12:31:51.252 [5]            10 : Failure(key=calculated,reason=the key is not locked)
23 12:31:51.252 [5]          8 : Failure(cursor=0,len=2,reason=the key is not locked)
23 12:31:51.252 [5]        7 : Running(cursor=1,len=2,running_child=1)
23 12:31:51.252 [5]          9 : Running(cursor=0,len=2,running_child=1)
23 12:31:51.805 [5]            custom: Calculated
23 12:31:51.806 [5]            12 : Success(guard=calculated)
23 12:31:51.806 [5]          9 : Running(cursor=1,len=2,running_child=1)
23 12:31:51.806 [5]            13 : Running()
23 12:31:51.806 [5]          9 : Running(cursor=1,len=2,running_child=1)
23 12:31:51.806 [5]        7 : Running(cursor=1,len=2,running_child=1)
23 12:31:51.806 [5]      4 : Running(cursor=0,len=1,running_child=0)
23 12:31:51.806 [5]    2 : Running(cursor=1,len=2,running_child=1)
23 12:31:51.806 [5]  1 : Running(cursor=0,len=1)
23 12:31:51.806 [6]  next tick
23 12:31:51.806 [6]    2 : Running(cursor=0,len=2,running_child=1)
23 12:31:51.806 [6]      3 : Running(cursor=0,len=2,reason=io: the key is expected to be a bool)
23 12:31:51.806 [6]        5 : Failure(key=calculated,reason=io: the key is expected to be a bool)
23 12:31:51.806 [6]      3 : Failure(cursor=0,len=2,reason=io: the key is expected to be a bool)
23 12:31:51.806 [6]    2 : Running(cursor=1,len=2,running_child=1)
23 12:31:51.806 [6]      4 : Running(cursor=0,len=1,running_child=0)
23 12:31:51.806 [6]        7 : Running(cursor=0,len=2,running_child=1)
23 12:31:51.806 [6]          8 : Running(cursor=0,len=2,reason=the key is not locked)
23 12:31:51.806 [6]            10 : Failure(key=calculated,reason=the key is not locked)
23 12:31:51.806 [6]          8 : Failure(cursor=0,len=2,reason=the key is not locked)
23 12:31:51.806 [6]        7 : Running(cursor=1,len=2,running_child=1)
23 12:31:51.806 [6]          9 : Running(cursor=0,len=2,running_child=1)
23 12:31:52.360 [6]            custom: Calculated
23 12:31:52.361 [6]            12 : Success(guard=calculated)
23 12:31:52.361 [6]          9 : Running(cursor=1,len=2,running_child=1)
23 12:31:52.361 [6]            13 : Running()
23 12:31:52.361 [6]          9 : Running(cursor=1,len=2,running_child=1)
23 12:31:52.361 [6]        7 : Running(cursor=1,len=2,running_child=1)
23 12:31:52.361 [6]      4 : Running(cursor=0,len=1,running_child=0)
23 12:31:52.361 [6]    2 : Running(cursor=1,len=2,running_child=1)
23 12:31:52.361 [6]  1 : Running(cursor=0,len=1)
23 12:31:52.361 [7]  next tick
23 12:31:52.361 [7]    2 : Running(cursor=0,len=2,running_child=1)
23 12:31:52.361 [7]      3 : Running(cursor=0,len=2,reason=io: the key is expected to be a bool)
23 12:31:52.361 [7]        5 : Failure(key=calculated,reason=io: the key is expected to be a bool)
23 12:31:52.361 [7]      3 : Failure(cursor=0,len=2,reason=io: the key is expected to be a bool)
23 12:31:52.361 [7]    2 : Running(cursor=1,len=2,running_child=1)
23 12:31:52.361 [7]      4 : Running(cursor=0,len=1,running_child=0)
23 12:31:52.361 [7]        7 : Running(cursor=0,len=2,running_child=1)
23 12:31:52.361 [7]          8 : Running(cursor=0,len=2,reason=the key is not locked)
23 12:31:52.361 [7]            10 : Failure(key=calculated,reason=the key is not locked)
23 12:31:52.361 [7]          8 : Failure(cursor=0,len=2,reason=the key is not locked)
23 12:31:52.361 [7]        7 : Running(cursor=1,len=2,running_child=1)
23 12:31:52.361 [7]          9 : Running(cursor=0,len=2,running_child=1)
23 12:31:52.915 [7]            custom: Calculated
23 12:31:52.916 [7]            12 : Success(guard=calculated)
23 12:31:52.916 [7]          9 : Running(cursor=1,len=2,running_child=1)
23 12:31:52.916 [7]            13 : Running()
23 12:31:52.916 [7]          9 : Running(cursor=1,len=2,running_child=1)
23 12:31:52.916 [7]        7 : Running(cursor=1,len=2,running_child=1)
23 12:31:52.916 [7]      4 : Running(cursor=0,len=1,running_child=0)
23 12:31:52.916 [7]    2 : Running(cursor=1,len=2,running_child=1)
23 12:31:52.917 [7]  1 : Running(cursor=0,len=1)
23 12:31:52.917 [8]  next tick
23 12:31:52.917 [8]    2 : Running(cursor=0,len=2,running_child=1)
23 12:31:52.917 [8]      3 : Running(cursor=0,len=2,reason=io: the key is expected to be a bool)
23 12:31:52.917 [8]        5 : Failure(key=calculated,reason=io: the key is expected to be a bool)
23 12:31:52.917 [8]      3 : Failure(cursor=0,len=2,reason=io: the key is expected to be a bool)
23 12:31:52.917 [8]    2 : Running(cursor=1,len=2,running_child=1)
23 12:31:52.917 [8]      4 : Running(cursor=0,len=1,running_child=0)
23 12:31:52.917 [8]        7 : Running(cursor=0,len=2,running_child=1)
23 12:31:52.917 [8]          8 : Running(cursor=0,len=2,reason=the key is not locked)
23 12:31:52.917 [8]            10 : Failure(key=calculated,reason=the key is not locked)
23 12:31:52.917 [8]          8 : Failure(cursor=0,len=2,reason=the key is not locked)
23 12:31:52.917 [8]        7 : Running(cursor=1,len=2,running_child=1)
23 12:31:52.917 [8]          9 : Running(cursor=0,len=2,running_child=1)
23 12:31:53.470 [8]            custom: Calculated
23 12:31:53.471 [8]            12 : Success(guard=calculated)
23 12:31:53.471 [8]          9 : Running(cursor=1,len=2,running_child=1)
23 12:31:53.471 [8]            13 : Running()
23 12:31:53.471 [8]          9 : Running(cursor=1,len=2,running_child=1)
23 12:31:53.471 [8]        7 : Running(cursor=1,len=2,running_child=1)
23 12:31:53.471 [8]      4 : Running(cursor=0,len=1,running_child=0)
23 12:31:53.471 [8]    2 : Running(cursor=1,len=2,running_child=1)
23 12:31:53.471 [8]  1 : Running(cursor=0,len=1)
23 12:31:53.471 [9]  next tick
23 12:31:53.471 [9]    2 : Running(cursor=0,len=2,running_child=1)
23 12:31:53.471 [9]      3 : Running(cursor=0,len=2,reason=io: the key is expected to be a bool)
23 12:31:53.471 [9]        5 : Failure(key=calculated,reason=io: the key is expected to be a bool)
23 12:31:53.471 [9]      3 : Failure(cursor=0,len=2,reason=io: the key is expected to be a bool)
23 12:31:53.471 [9]    2 : Running(cursor=1,len=2,running_child=1)
23 12:31:53.471 [9]      4 : Running(cursor=0,len=1,running_child=0)
23 12:31:53.472 [9]        7 : Running(cursor=0,len=2,running_child=1)
23 12:31:53.472 [9]          8 : Running(cursor=0,len=2,reason=the key is not locked)
23 12:31:53.472 [9]            10 : Failure(key=calculated,reason=the key is not locked)
23 12:31:53.472 [9]          8 : Failure(cursor=0,len=2,reason=the key is not locked)
23 12:31:53.472 [9]        7 : Running(cursor=1,len=2,running_child=1)
23 12:31:53.472 [9]          9 : Running(cursor=0,len=2,running_child=1)
23 12:31:54.025 [9]            custom: Calculated
23 12:31:54.026 [9]            12 : Success(guard=calculated)
23 12:31:54.027 [9]          9 : Running(cursor=1,len=2,running_child=1)
23 12:31:54.027 [9]            13 : Running()
23 12:31:54.027 [9]          9 : Running(cursor=1,len=2,running_child=1)
23 12:31:54.027 [9]        7 : Running(cursor=1,len=2,running_child=1)
23 12:31:54.027 [9]      4 : Running(cursor=0,len=1,running_child=0)
23 12:31:54.027 [9]    2 : Running(cursor=1,len=2,running_child=1)
23 12:31:54.027 [9]  1 : Running(cursor=0,len=1)
23 12:31:54.027 [10]  next tick
23 12:31:54.027 [10]    2 : Running(cursor=0,len=2,running_child=1)
23 12:31:54.027 [10]      3 : Running(cursor=0,len=2,reason=io: the key is expected to be a bool)
23 12:31:54.027 [10]        5 : Failure(key=calculated,reason=io: the key is expected to be a bool)
23 12:31:54.027 [10]      3 : Failure(cursor=0,len=2,reason=io: the key is expected to be a bool)
23 12:31:54.027 [10]    2 : Running(cursor=1,len=2,running_child=1)
23 12:31:54.027 [10]      4 : Running(cursor=0,len=1,running_child=0)
23 12:31:54.027 [10]        7 : Running(cursor=0,len=2,running_child=1)
23 12:31:54.027 [10]          8 : Running(cursor=0,len=2,reason=the key is not locked)
23 12:31:54.027 [10]            10 : Failure(key=calculated,reason=the key is not locked)
23 12:31:54.027 [10]          8 : Failure(cursor=0,len=2,reason=the key is not locked)
23 12:31:54.027 [10]        7 : Running(cursor=1,len=2,running_child=1)
23 12:31:54.027 [10]          9 : Running(cursor=0,len=2,running_child=1)
23 12:31:54.580 [10]            custom: Calculated
23 12:31:54.581 [10]            12 : Success(guard=calculated)
23 12:31:54.581 [10]          9 : Running(cursor=1,len=2,running_child=1)
23 12:31:54.581 [10]            13 : Running()
23 12:31:54.581 [10]          9 : Running(cursor=1,len=2,running_child=1)
23 12:31:54.581 [10]        7 : Running(cursor=1,len=2,running_child=1)
23 12:31:54.581 [10]      4 : Running(cursor=0,len=1,running_child=0)
23 12:31:54.581 [10]    2 : Running(cursor=1,len=2,running_child=1)
23 12:31:54.581 [10]  1 : Running(cursor=0,len=1)
23 12:31:54.581 [11]  next tick
23 12:31:54.581 [11]    2 : Running(cursor=0,len=2,running_child=1)
23 12:31:54.581 [11]      3 : Running(cursor=0,len=2,reason=io: the key is expected to be a bool)
23 12:31:54.581 [11]        5 : Failure(key=calculated,reason=io: the key is expected to be a bool)
23 12:31:54.581 [11]      3 : Failure(cursor=0,len=2,reason=io: the key is expected to be a bool)
23 12:31:54.581 [11]    2 : Running(cursor=1,len=2,running_child=1)
23 12:31:54.581 [11]      4 : Running(cursor=0,len=1,running_child=0)
23 12:31:54.581 [11]        7 : Running(cursor=0,len=2,running_child=1)
23 12:31:54.581 [11]          8 : Running(cursor=0,len=2,reason=the key is not locked)
23 12:31:54.581 [11]            10 : Failure(key=calculated,reason=the key is not locked)
23 12:31:54.581 [11]          8 : Failure(cursor=0,len=2,reason=the key is not locked)
23 12:31:54.581 [11]        7 : Running(cursor=1,len=2,running_child=1)
23 12:31:54.581 [11]          9 : Running(cursor=0,len=2,running_child=1)
23 12:31:55.135 [11]            custom: Calculated
23 12:31:55.136 [11]            12 : Success(guard=calculated)
23 12:31:55.136 [11]          9 : Running(cursor=1,len=2,running_child=1)
23 12:31:55.136 [11]            13 : Running()
23 12:31:55.136 [11]          9 : Running(cursor=1,len=2,running_child=1)
23 12:31:55.136 [11]        7 : Running(cursor=1,len=2,running_child=1)
23 12:31:55.136 [11]      4 : Running(cursor=0,len=1,running_child=0)
23 12:31:55.136 [11]    2 : Running(cursor=1,len=2,running_child=1)
23 12:31:55.136 [11]  1 : Running(cursor=0,len=1)
23 12:31:55.136 [12]  next tick
23 12:31:55.136 [12]    2 : Running(cursor=0,len=2,running_child=1)
23 12:31:55.136 [12]      3 : Running(cursor=0,len=2,reason=io: the key is expected to be a bool)
23 12:31:55.136 [12]        5 : Failure(key=calculated,reason=io: the key is expected to be a bool)
23 12:31:55.136 [12]      3 : Failure(cursor=0,len=2,reason=io: the key is expected to be a bool)
23 12:31:55.136 [12]    2 : Running(cursor=1,len=2,running_child=1)
23 12:31:55.136 [12]      4 : Running(cursor=0,len=1,running_child=0)
23 12:31:55.136 [12]        7 : Running(cursor=0,len=2,running_child=1)
23 12:31:55.136 [12]          8 : Running(cursor=0,len=2,reason=the key is not locked)
23 12:31:55.136 [12]            10 : Failure(key=calculated,reason=the key is not locked)
23 12:31:55.136 [12]          8 : Failure(cursor=0,len=2,reason=the key is not locked)
23 12:31:55.136 [12]        7 : Running(cursor=1,len=2,running_child=1)
23 12:31:55.136 [12]          9 : Running(cursor=0,len=2,running_child=1)
23 12:31:55.691 [12]            custom: Calculated
23 12:31:55.692 [12]            12 : Success(guard=calculated)
23 12:31:55.692 [12]          9 : Running(cursor=1,len=2,running_child=1)
23 12:31:55.692 [12]            13 : Running()
23 12:31:55.692 [12]          9 : Running(cursor=1,len=2,running_child=1)
23 12:31:55.692 [12]        7 : Running(cursor=1,len=2,running_child=1)
23 12:31:55.692 [12]      4 : Running(cursor=0,len=1,running_child=0)
23 12:31:55.692 [12]    2 : Running(cursor=1,len=2,running_child=1)
23 12:31:55.692 [12]  1 : Running(cursor=0,len=1)
23 12:31:55.692 [13]  next tick
23 12:31:55.692 [13]    2 : Running(cursor=0,len=2,running_child=1)
23 12:31:55.692 [13]      3 : Running(cursor=0,len=2,reason=io: the key is expected to be a bool)
23 12:31:55.692 [13]        5 : Failure(key=calculated,reason=io: the key is expected to be a bool)
23 12:31:55.692 [13]      3 : Failure(cursor=0,len=2,reason=io: the key is expected to be a bool)
23 12:31:55.692 [13]    2 : Running(cursor=1,len=2,running_child=1)
23 12:31:55.692 [13]      4 : Running(cursor=0,len=1,running_child=0)
23 12:31:55.692 [13]        7 : Running(cursor=0,len=2,running_child=1)
23 12:31:55.692 [13]          8 : Running(cursor=0,len=2,reason=the key is not locked)
23 12:31:55.692 [13]            10 : Failure(key=calculated,reason=the key is not locked)
23 12:31:55.692 [13]          8 : Failure(cursor=0,len=2,reason=the key is not locked)
23 12:31:55.692 [13]        7 : Running(cursor=1,len=2,running_child=1)
23 12:31:55.692 [13]          9 : Running(cursor=0,len=2,running_child=1)
23 12:31:56.245 [13]            custom: Calculated
23 12:31:56.247 [13]            12 : Success(guard=calculated)
23 12:31:56.247 [13]          9 : Running(cursor=1,len=2,running_child=1)
23 12:31:56.247 [13]            13 : Running()
23 12:31:56.247 [13]          9 : Running(cursor=1,len=2,running_child=1)
23 12:31:56.247 [13]        7 : Running(cursor=1,len=2,running_child=1)
23 12:31:56.247 [13]      4 : Running(cursor=0,len=1,running_child=0)
23 12:31:56.247 [13]    2 : Running(cursor=1,len=2,running_child=1)
23 12:31:56.247 [13]  1 : Running(cursor=0,len=1)
23 12:31:56.247 [14]  next tick
23 12:31:56.247 [14]    2 : Running(cursor=0,len=2,running_child=1)
23 12:31:56.247 [14]      3 : Running(cursor=0,len=2,reason=io: the key is expected to be a bool)
23 12:31:56.247 [14]        5 : Failure(key=calculated,reason=io: the key is expected to be a bool)
23 12:31:56.247 [14]      3 : Failure(cursor=0,len=2,reason=io: the key is expected to be a bool)
23 12:31:56.247 [14]    2 : Running(cursor=1,len=2,running_child=1)
23 12:31:56.247 [14]      4 : Running(cursor=0,len=1,running_child=0)
23 12:31:56.247 [14]        7 : Running(cursor=0,len=2,running_child=1)
23 12:31:56.247 [14]          8 : Running(cursor=0,len=2,reason=the key is not locked)
23 12:31:56.247 [14]            10 : Failure(key=calculated,reason=the key is not locked)
23 12:31:56.247 [14]          8 : Failure(cursor=0,len=2,reason=the key is not locked)
23 12:31:56.247 [14]        7 : Running(cursor=1,len=2,running_child=1)
23 12:31:56.247 [14]          9 : Running(cursor=0,len=2,running_child=1)
23 12:31:56.801 [14]            custom: Calculated
23 12:31:56.801 [14]            12 : Success(guard=calculated)
23 12:31:56.801 [14]          9 : Running(cursor=1,len=2,running_child=1)
23 12:31:56.801 [14]            13 : Running()
23 12:31:56.801 [14]          9 : Running(cursor=1,len=2,running_child=1)
23 12:31:56.801 [14]        7 : Running(cursor=1,len=2,running_child=1)
23 12:31:56.802 [14]      4 : Running(cursor=0,len=1,running_child=0)
23 12:31:56.802 [14]    2 : Running(cursor=1,len=2,running_child=1)
23 12:31:56.802 [14]  1 : Running(cursor=0,len=1)
23 12:31:56.802 [15]  next tick
23 12:31:56.802 [15]    2 : Running(cursor=0,len=2,running_child=1)
23 12:31:56.802 [15]      3 : Running(cursor=0,len=2,reason=io: the key is expected to be a bool)
23 12:31:56.802 [15]        5 : Failure(key=calculated,reason=io: the key is expected to be a bool)
23 12:31:56.802 [15]      3 : Failure(cursor=0,len=2,reason=io: the key is expected to be a bool)
23 12:31:56.802 [15]    2 : Running(cursor=1,len=2,running_child=1)
23 12:31:56.802 [15]      4 : Running(cursor=0,len=1,running_child=0)
23 12:31:56.802 [15]        7 : Running(cursor=0,len=2,running_child=1)
23 12:31:56.802 [15]          8 : Running(cursor=0,len=2,reason=the key is not locked)
23 12:31:56.802 [15]            10 : Failure(key=calculated,reason=the key is not locked)
23 12:31:56.802 [15]          8 : Failure(cursor=0,len=2,reason=the key is not locked)
23 12:31:56.802 [15]        7 : Running(cursor=1,len=2,running_child=1)
23 12:31:56.802 [15]          9 : Running(cursor=0,len=2,running_child=1)
23 12:31:57.356 [15]            custom: Calculated
23 12:31:57.357 [15]            12 : Success(guard=calculated)
23 12:31:57.357 [15]          9 : Running(cursor=1,len=2,running_child=1)
23 12:31:57.357 [15]            13 : Running()
23 12:31:57.357 [15]          9 : Running(cursor=1,len=2,running_child=1)
23 12:31:57.357 [15]        7 : Running(cursor=1,len=2,running_child=1)
23 12:31:57.357 [15]      4 : Running(cursor=0,len=1,running_child=0)
23 12:31:57.357 [15]    2 : Running(cursor=1,len=2,running_child=1)
23 12:31:57.357 [15]  1 : Running(cursor=0,len=1)
23 12:31:57.357 [16]  next tick
23 12:31:57.357 [16]    2 : Running(cursor=0,len=2,running_child=1)
23 12:31:57.357 [16]      3 : Running(cursor=0,len=2,reason=io: the key is expected to be a bool)
23 12:31:57.357 [16]        5 : Failure(key=calculated,reason=io: the key is expected to be a bool)
23 12:31:57.357 [16]      3 : Failure(cursor=0,len=2,reason=io: the key is expected to be a bool)
23 12:31:57.357 [16]    2 : Running(cursor=1,len=2,running_child=1)
23 12:31:57.357 [16]      4 : Running(cursor=0,len=1,running_child=0)
23 12:31:57.357 [16]        7 : Running(cursor=0,len=2,running_child=1)
23 12:31:57.357 [16]          8 : Running(cursor=0,len=2,reason=the key is not locked)
23 12:31:57.357 [16]            10 : Failure(key=calculated,reason=the key is not locked)
23 12:31:57.357 [16]          8 : Failure(cursor=0,len=2,reason=the key is not locked)
23 12:31:57.357 [16]        7 : Running(cursor=1,len=2,running_child=1)
23 12:31:57.357 [16]          9 : Running(cursor=0,len=2,running_child=1)
23 12:31:57.911 [16]            custom: Calculated
23 12:31:57.912 [16]            12 : Success(guard=calculated)
23 12:31:57.912 [16]          9 : Running(cursor=1,len=2,running_child=1)
23 12:31:57.912 [16]            13 : Running()
23 12:31:57.912 [16]          9 : Running(cursor=1,len=2,running_child=1)
23 12:31:57.912 [16]        7 : Running(cursor=1,len=2,running_child=1)
23 12:31:57.912 [16]      4 : Running(cursor=0,len=1,running_child=0)
23 12:31:57.912 [16]    2 : Running(cursor=1,len=2,running_child=1)
23 12:31:57.912 [16]  1 : Running(cursor=0,len=1)
23 12:31:57.912 [17]  next tick
23 12:31:57.912 [17]    2 : Running(cursor=0,len=2,running_child=1)
23 12:31:57.912 [17]      3 : Running(cursor=0,len=2,reason=io: the key is expected to be a bool)
23 12:31:57.912 [17]        5 : Failure(key=calculated,reason=io: the key is expected to be a bool)
23 12:31:57.912 [17]      3 : Failure(cursor=0,len=2,reason=io: the key is expected to be a bool)
23 12:31:57.912 [17]    2 : Running(cursor=1,len=2,running_child=1)
23 12:31:57.912 [17]      4 : Running(cursor=0,len=1,running_child=0)
23 12:31:57.912 [17]        7 : Running(cursor=0,len=2,running_child=1)
23 12:31:57.912 [17]          8 : Running(cursor=0,len=2,reason=the key is not locked)
23 12:31:57.912 [17]            10 : Failure(key=calculated,reason=the key is not locked)
23 12:31:57.912 [17]          8 : Failure(cursor=0,len=2,reason=the key is not locked)
23 12:31:57.912 [17]        7 : Running(cursor=1,len=2,running_child=1)
23 12:31:57.912 [17]          9 : Running(cursor=0,len=2,running_child=1)
23 12:31:58.465 [17]            custom: Calculated
23 12:31:58.466 [17]            12 : Success(guard=calculated)
23 12:31:58.466 [17]          9 : Running(cursor=1,len=2,running_child=1)
23 12:31:58.466 [17]            13 : Running()
23 12:31:58.466 [17]          9 : Running(cursor=1,len=2,running_child=1)
23 12:31:58.466 [17]        7 : Running(cursor=1,len=2,running_child=1)
23 12:31:58.466 [17]      4 : Running(cursor=0,len=1,running_child=0)
23 12:31:58.466 [17]    2 : Running(cursor=1,len=2,running_child=1)
23 12:31:58.466 [17]  1 : Running(cursor=0,len=1)
23 12:31:58.466 [18]  next tick
23 12:31:58.466 [18]    2 : Running(cursor=0,len=2,running_child=1)
23 12:31:58.466 [18]      3 : Running(cursor=0,len=2,reason=io: the key is expected to be a bool)
23 12:31:58.466 [18]        5 : Failure(key=calculated,reason=io: the key is expected to be a bool)
23 12:31:58.466 [18]      3 : Failure(cursor=0,len=2,reason=io: the key is expected to be a bool)
23 12:31:58.466 [18]    2 : Running(cursor=1,len=2,running_child=1)
23 12:31:58.466 [18]      4 : Running(cursor=0,len=1,running_child=0)
23 12:31:58.466 [18]        7 : Running(cursor=0,len=2,running_child=1)
23 12:31:58.466 [18]          8 : Running(cursor=0,len=2,reason=the key is not locked)
23 12:31:58.466 [18]            10 : Failure(key=calculated,reason=the key is not locked)
23 12:31:58.466 [18]          8 : Failure(cursor=0,len=2,reason=the key is not locked)
23 12:31:58.466 [18]        7 : Running(cursor=1,len=2,running_child=1)
23 12:31:58.466 [18]          9 : Running(cursor=0,len=2,running_child=1)
23 12:31:59.020 [18]            custom: Calculated
23 12:31:59.021 [18]            12 : Success(guard=calculated)
23 12:31:59.021 [18]          9 : Running(cursor=1,len=2,running_child=1)
23 12:31:59.021 [18]            13 : Running()
23 12:31:59.021 [18]          9 : Running(cursor=1,len=2,running_child=1)
23 12:31:59.021 [18]        7 : Running(cursor=1,len=2,running_child=1)
23 12:31:59.021 [18]      4 : Running(cursor=0,len=1,running_child=0)
23 12:31:59.021 [18]    2 : Running(cursor=1,len=2,running_child=1)
23 12:31:59.021 [18]  1 : Running(cursor=0,len=1)
23 12:31:59.021 [19]  next tick
23 12:31:59.021 [19]    2 : Running(cursor=0,len=2,running_child=1)
23 12:31:59.021 [19]      3 : Running(cursor=0,len=2,reason=io: the key is expected to be a bool)
23 12:31:59.021 [19]        5 : Failure(key=calculated,reason=io: the key is expected to be a bool)
23 12:31:59.021 [19]      3 : Failure(cursor=0,len=2,reason=io: the key is expected to be a bool)
23 12:31:59.021 [19]    2 : Running(cursor=1,len=2,running_child=1)
23 12:31:59.021 [19]      4 : Running(cursor=0,len=1,running_child=0)
23 12:31:59.021 [19]        7 : Running(cursor=0,len=2,running_child=1)
23 12:31:59.021 [19]          8 : Running(cursor=0,len=2,reason=the key is not locked)
23 12:31:59.021 [19]            10 : Failure(key=calculated,reason=the key is not locked)
23 12:31:59.021 [19]          8 : Failure(cursor=0,len=2,reason=the key is not locked)
23 12:31:59.021 [19]        7 : Running(cursor=1,len=2,running_child=1)
23 12:31:59.021 [19]          9 : Running(cursor=0,len=2,running_child=1)
23 12:31:59.574 [19]            custom: Calculated
23 12:31:59.575 [19]            12 : Success(guard=calculated)
23 12:31:59.575 [19]          9 : Running(cursor=1,len=2,running_child=1)
23 12:31:59.575 [19]            13 : Running()
23 12:31:59.575 [19]          9 : Running(cursor=1,len=2,running_child=1)
23 12:31:59.575 [19]        7 : Running(cursor=1,len=2,running_child=1)
23 12:31:59.576 [19]      4 : Running(cursor=0,len=1,running_child=0)
23 12:31:59.576 [19]    2 : Running(cursor=1,len=2,running_child=1)
23 12:31:59.576 [19]  1 : Running(cursor=0,len=1)
23 12:31:59.576 [20]  next tick
23 12:31:59.576 [20]    2 : Running(cursor=0,len=2,running_child=1)
23 12:31:59.576 [20]      3 : Running(cursor=0,len=2,reason=io: the key is expected to be a bool)
23 12:31:59.576 [20]        5 : Failure(key=calculated,reason=io: the key is expected to be a bool)
23 12:31:59.576 [20]      3 : Failure(cursor=0,len=2,reason=io: the key is expected to be a bool)
23 12:31:59.576 [20]    2 : Running(cursor=1,len=2,running_child=1)
23 12:31:59.576 [20]      4 : Running(cursor=0,len=1,running_child=0)
23 12:31:59.576 [20]        7 : Running(cursor=0,len=2,running_child=1)
23 12:31:59.576 [20]          8 : Running(cursor=0,len=2,reason=the key is not locked)
23 12:31:59.576 [20]            10 : Failure(key=calculated,reason=the key is not locked)
23 12:31:59.576 [20]          8 : Failure(cursor=0,len=2,reason=the key is not locked)
23 12:31:59.576 [20]        7 : Running(cursor=1,len=2,running_child=1)
23 12:31:59.576 [20]          9 : Running(cursor=0,len=2,running_child=1)
23 12:32:00.129 [20]            custom: Calculated
23 12:32:00.130 [20]            12 : Success(guard=calculated)
23 12:32:00.130 [20]          9 : Running(cursor=1,len=2,running_child=1)
23 12:32:00.130 [20]            13 : Running()
23 12:32:00.130 [20]          9 : Running(cursor=1,len=2,running_child=1)
23 12:32:00.130 [20]        7 : Running(cursor=1,len=2,running_child=1)
23 12:32:00.130 [20]      4 : Running(cursor=0,len=1,running_child=0)
23 12:32:00.130 [20]    2 : Running(cursor=1,len=2,running_child=1)
23 12:32:00.130 [20]  1 : Running(cursor=0,len=1)
23 12:32:00.130 [21]  next tick
23 12:32:00.130 [21]    2 : Running(cursor=0,len=2,running_child=1)
23 12:32:00.130 [21]      3 : Running(cursor=0,len=2,reason=io: the key is expected to be a bool)
23 12:32:00.130 [21]        5 : Failure(key=calculated,reason=io: the key is expected to be a bool)
23 12:32:00.130 [21]      3 : Failure(cursor=0,len=2,reason=io: the key is expected to be a bool)
23 12:32:00.130 [21]    2 : Running(cursor=1,len=2,running_child=1)
23 12:32:00.130 [21]      4 : Running(cursor=0,len=1,running_child=0)
23 12:32:00.130 [21]        7 : Running(cursor=0,len=2,running_child=1)
23 12:32:00.131 [21]          8 : Running(cursor=0,len=2,reason=the key is not locked)
23 12:32:00.131 [21]            10 : Failure(key=calculated,reason=the key is not locked)
23 12:32:00.131 [21]          8 : Failure(cursor=0,len=2,reason=the key is not locked)
23 12:32:00.131 [21]        7 : Running(cursor=1,len=2,running_child=1)
23 12:32:00.131 [21]          9 : Running(cursor=0,len=2,running_child=1)
23 12:32:00.683 [21]            custom: Calculated
23 12:32:00.683 [21]            12 : Success(guard=calculated)
23 12:32:00.683 [21]          9 : Running(cursor=1,len=2,running_child=1)
23 12:32:00.684 [21]            13 : Running()
23 12:32:00.684 [21]          9 : Running(cursor=1,len=2,running_child=1)
23 12:32:00.684 [21]        7 : Running(cursor=1,len=2,running_child=1)
23 12:32:00.684 [21]      4 : Running(cursor=0,len=1,running_child=0)
23 12:32:00.684 [21]    2 : Running(cursor=1,len=2,running_child=1)
23 12:32:00.684 [21]  1 : Running(cursor=0,len=1)
23 12:32:00.684 [22]  next tick
23 12:32:00.684 [22]    2 : Running(cursor=0,len=2,running_child=1)
23 12:32:00.684 [22]      3 : Running(cursor=0,len=2,reason=io: the key is expected to be a bool)
23 12:32:00.684 [22]        5 : Failure(key=calculated,reason=io: the key is expected to be a bool)
23 12:32:00.684 [22]      3 : Failure(cursor=0,len=2,reason=io: the key is expected to be a bool)
23 12:32:00.684 [22]    2 : Running(cursor=1,len=2,running_child=1)
23 12:32:00.684 [22]      4 : Running(cursor=0,len=1,running_child=0)
23 12:32:00.684 [22]        7 : Running(cursor=0,len=2,running_child=1)
23 12:32:00.684 [22]          8 : Running(cursor=0,len=2,reason=the key is not locked)
23 12:32:00.684 [22]            10 : Failure(key=calculated,reason=the key is not locked)
23 12:32:00.684 [22]          8 : Failure(cursor=0,len=2,reason=the key is not locked)
23 12:32:00.684 [22]        7 : Running(cursor=1,len=2,running_child=1)
23 12:32:00.684 [22]          9 : Running(cursor=0,len=2,running_child=1)
23 12:32:01.238 [22]            custom: Calculated
23 12:32:01.239 [22]            12 : Success(guard=calculated)
23 12:32:01.239 [22]          9 : Running(cursor=1,len=2,running_child=1)
23 12:32:01.239 [22]            13 : Running()
23 12:32:01.239 [22]          9 : Running(cursor=1,len=2,running_child=1)
23 12:32:01.239 [22]        7 : Running(cursor=1,len=2,running_child=1)
23 12:32:01.239 [22]      4 : Running(cursor=0,len=1,running_child=0)
23 12:32:01.239 [22]    2 : Running(cursor=1,len=2,running_child=1)
23 12:32:01.239 [22]  1 : Running(cursor=0,len=1)
23 12:32:01.239 [23]  next tick
23 12:32:01.239 [23]    2 : Running(cursor=0,len=2,running_child=1)
23 12:32:01.239 [23]      3 : Running(cursor=0,len=2,reason=io: the key is expected to be a bool)
23 12:32:01.239 [23]        5 : Failure(key=calculated,reason=io: the key is expected to be a bool)
23 12:32:01.239 [23]      3 : Failure(cursor=0,len=2,reason=io: the key is expected to be a bool)
23 12:32:01.239 [23]    2 : Running(cursor=1,len=2,running_child=1)
23 12:32:01.239 [23]      4 : Running(cursor=0,len=1,running_child=0)
23 12:32:01.239 [23]        7 : Running(cursor=0,len=2,running_child=1)
23 12:32:01.239 [23]          8 : Running(cursor=0,len=2,reason=the key is not locked)
23 12:32:01.239 [23]            10 : Failure(key=calculated,reason=the key is not locked)
23 12:32:01.239 [23]          8 : Failure(cursor=0,len=2,reason=the key is not locked)
23 12:32:01.239 [23]        7 : Running(cursor=1,len=2,running_child=1)
23 12:32:01.239 [23]          9 : Running(cursor=0,len=2,running_child=1)
23 12:32:01.794 [23]            custom: Calculated
23 12:32:01.795 [23]            12 : Success(guard=calculated)
23 12:32:01.795 [23]          9 : Running(cursor=1,len=2,running_child=1)
23 12:32:01.795 [23]            13 : Running()
23 12:32:01.795 [23]          9 : Running(cursor=1,len=2,running_child=1)
23 12:32:01.795 [23]        7 : Running(cursor=1,len=2,running_child=1)
23 12:32:01.795 [23]      4 : Running(cursor=0,len=1,running_child=0)
23 12:32:01.795 [23]    2 : Running(cursor=1,len=2,running_child=1)
23 12:32:01.795 [23]  1 : Running(cursor=0,len=1)
23 12:32:01.795 [24]  next tick
23 12:32:01.795 [24]    2 : Running(cursor=0,len=2,running_child=1)
23 12:32:01.795 [24]      3 : Running(cursor=0,len=2,reason=io: the key is expected to be a bool)
23 12:32:01.795 [24]        5 : Failure(key=calculated,reason=io: the key is expected to be a bool)
23 12:32:01.795 [24]      3 : Failure(cursor=0,len=2,reason=io: the key is expected to be a bool)
23 12:32:01.795 [24]    2 : Running(cursor=1,len=2,running_child=1)
23 12:32:01.795 [24]      4 : Running(cursor=0,len=1,running_child=0)
23 12:32:01.795 [24]        7 : Running(cursor=0,len=2,running_child=1)
23 12:32:01.795 [24]          8 : Running(cursor=0,len=2,reason=the key is not locked)
23 12:32:01.795 [24]            10 : Failure(key=calculated,reason=the key is not locked)
23 12:32:01.795 [24]          8 : Failure(cursor=0,len=2,reason=the key is not locked)
23 12:32:01.795 [24]        7 : Running(cursor=1,len=2,running_child=1)
23 12:32:01.795 [24]          9 : Running(cursor=0,len=2,running_child=1)
23 12:32:02.349 [24]            custom: Calculated
23 12:32:02.349 [24]            12 : Success(guard=calculated)
23 12:32:02.350 [24]          9 : Running(cursor=1,len=2,running_child=1)
23 12:32:02.350 [24]            13 : Running()
23 12:32:02.350 [24]          9 : Running(cursor=1,len=2,running_child=1)
23 12:32:02.350 [24]        7 : Running(cursor=1,len=2,running_child=1)
23 12:32:02.350 [24]      4 : Running(cursor=0,len=1,running_child=0)
23 12:32:02.350 [24]    2 : Running(cursor=1,len=2,running_child=1)
23 12:32:02.350 [24]  1 : Running(cursor=0,len=1)
23 12:32:02.350 [25]  next tick
23 12:32:02.350 [25]    2 : Running(cursor=0,len=2,running_child=1)
23 12:32:02.350 [25]      3 : Running(cursor=0,len=2,reason=io: the key is expected to be a bool)
23 12:32:02.350 [25]        5 : Failure(key=calculated,reason=io: the key is expected to be a bool)
23 12:32:02.350 [25]      3 : Failure(cursor=0,len=2,reason=io: the key is expected to be a bool)
23 12:32:02.350 [25]    2 : Running(cursor=1,len=2,running_child=1)
23 12:32:02.350 [25]      4 : Running(cursor=0,len=1,running_child=0)
23 12:32:02.350 [25]        7 : Running(cursor=0,len=2,running_child=1)
23 12:32:02.350 [25]          8 : Running(cursor=0,len=2,reason=the key is not locked)
23 12:32:02.350 [25]            10 : Failure(key=calculated,reason=the key is not locked)
23 12:32:02.350 [25]          8 : Failure(cursor=0,len=2,reason=the key is not locked)
23 12:32:02.350 [25]        7 : Running(cursor=1,len=2,running_child=1)
23 12:32:02.350 [25]          9 : Running(cursor=0,len=2,running_child=1)
23 12:32:02.903 [25]            custom: Calculated
23 12:32:02.904 [25]            12 : Success(guard=calculated)
23 12:32:02.904 [25]          9 : Running(cursor=1,len=2,running_child=1)
23 12:32:02.904 [25]            13 : Running()
23 12:32:02.904 [25]          9 : Running(cursor=1,len=2,running_child=1)
23 12:32:02.904 [25]        7 : Running(cursor=1,len=2,running_child=1)
23 12:32:02.904 [25]      4 : Running(cursor=0,len=1,running_child=0)
23 12:32:02.904 [25]    2 : Running(cursor=1,len=2,running_child=1)
23 12:32:02.904 [25]  1 : Running(cursor=0,len=1)
23 12:32:02.904 [26]  next tick
23 12:32:02.904 [26]    2 : Running(cursor=0,len=2,running_child=1)
23 12:32:02.904 [26]      3 : Running(cursor=0,len=2,reason=io: the key is expected to be a bool)
23 12:32:02.905 [26]        5 : Failure(key=calculated,reason=io: the key is expected to be a bool)
23 12:32:02.905 [26]      3 : Failure(cursor=0,len=2,reason=io: the key is expected to be a bool)
23 12:32:02.905 [26]    2 : Running(cursor=1,len=2,running_child=1)
23 12:32:02.905 [26]      4 : Running(cursor=0,len=1,running_child=0)
23 12:32:02.905 [26]        7 : Running(cursor=0,len=2,running_child=1)
23 12:32:02.905 [26]          8 : Running(cursor=0,len=2,reason=the key is not locked)
23 12:32:02.905 [26]            10 : Failure(key=calculated,reason=the key is not locked)
23 12:32:02.905 [26]          8 : Failure(cursor=0,len=2,reason=the key is not locked)
23 12:32:02.905 [26]        7 : Running(cursor=1,len=2,running_child=1)
23 12:32:02.905 [26]          9 : Running(cursor=0,len=2,running_child=1)
23 12:32:03.459 [26]            custom: Calculated
23 12:32:03.460 [26]            12 : Success(guard=calculated)
23 12:32:03.460 [26]          9 : Running(cursor=1,len=2,running_child=1)
23 12:32:03.460 [26]            13 : Running()
23 12:32:03.460 [26]          9 : Running(cursor=1,len=2,running_child=1)
23 12:32:03.460 [26]        7 : Running(cursor=1,len=2,running_child=1)
23 12:32:03.460 [26]      4 : Running(cursor=0,len=1,running_child=0)
23 12:32:03.460 [26]    2 : Running(cursor=1,len=2,running_child=1)
23 12:32:03.460 [26]  1 : Running(cursor=0,len=1)
23 12:32:03.460 [27]  next tick
23 12:32:03.460 [27]    2 : Running(cursor=0,len=2,running_child=1)
23 12:32:03.460 [27]      3 : Running(cursor=0,len=2,reason=io: the key is expected to be a bool)
23 12:32:03.460 [27]        5 : Failure(key=calculated,reason=io: the key is expected to be a bool)
23 12:32:03.460 [27]      3 : Failure(cursor=0,len=2,reason=io: the key is expected to be a bool)
23 12:32:03.460 [27]    2 : Running(cursor=1,len=2,running_child=1)
23 12:32:03.460 [27]      4 : Running(cursor=0,len=1,running_child=0)
23 12:32:03.461 [27]        7 : Running(cursor=0,len=2,running_child=1)
23 12:32:03.461 [27]          8 : Running(cursor=0,len=2,reason=the key is not locked)
23 12:32:03.461 [27]            10 : Failure(key=calculated,reason=the key is not locked)
23 12:32:03.461 [27]          8 : Failure(cursor=0,len=2,reason=the key is not locked)
23 12:32:03.461 [27]        7 : Running(cursor=1,len=2,running_child=1)
23 12:32:03.461 [27]          9 : Running(cursor=0,len=2,running_child=1)
23 12:32:04.015 [27]            custom: Calculated
23 12:32:04.016 [27]            12 : Success(guard=calculated)
23 12:32:04.016 [27]          9 : Running(cursor=1,len=2,running_child=1)
23 12:32:04.016 [27]            13 : Running()
23 12:32:04.016 [27]          9 : Running(cursor=1,len=2,running_child=1)
23 12:32:04.016 [27]        7 : Running(cursor=1,len=2,running_child=1)
23 12:32:04.016 [27]      4 : Running(cursor=0,len=1,running_child=0)
23 12:32:04.016 [27]    2 : Running(cursor=1,len=2,running_child=1)
23 12:32:04.016 [27]  1 : Running(cursor=0,len=1)
23 12:32:04.016 [28]  next tick
23 12:32:04.016 [28]    2 : Running(cursor=0,len=2,running_child=1)
23 12:32:04.016 [28]      3 : Running(cursor=0,len=2,reason=io: the key is expected to be a bool)
23 12:32:04.016 [28]        5 : Failure(key=calculated,reason=io: the key is expected to be a bool)
23 12:32:04.016 [28]      3 : Failure(cursor=0,len=2,reason=io: the key is expected to be a bool)
23 12:32:04.016 [28]    2 : Running(cursor=1,len=2,running_child=1)
23 12:32:04.016 [28]      4 : Running(cursor=0,len=1,running_child=0)
23 12:32:04.016 [28]        7 : Running(cursor=0,len=2,running_child=1)
23 12:32:04.016 [28]          8 : Running(cursor=0,len=2,reason=the key is not locked)
23 12:32:04.016 [28]            10 : Failure(key=calculated,reason=the key is not locked)
23 12:32:04.016 [28]          8 : Failure(cursor=0,len=2,reason=the key is not locked)
23 12:32:04.016 [28]        7 : Running(cursor=1,len=2,running_child=1)
23 12:32:04.016 [28]          9 : Running(cursor=0,len=2,running_child=1)
23 12:32:04.571 [28]            custom: Calculated
23 12:32:04.572 [28]            12 : Success(guard=calculated)
23 12:32:04.572 [28]          9 : Running(cursor=1,len=2,running_child=1)
23 12:32:04.572 [28]            13 : Running()
23 12:32:04.572 [28]          9 : Running(cursor=1,len=2,running_child=1)
23 12:32:04.572 [28]        7 : Running(cursor=1,len=2,running_child=1)
23 12:32:04.572 [28]      4 : Running(cursor=0,len=1,running_child=0)
23 12:32:04.572 [28]    2 : Running(cursor=1,len=2,running_child=1)
23 12:32:04.572 [28]  1 : Running(cursor=0,len=1)
23 12:32:04.572 [29]  next tick
23 12:32:04.572 [29]    2 : Running(cursor=0,len=2,running_child=1)
23 12:32:04.572 [29]      3 : Running(cursor=0,len=2,reason=io: the key is expected to be a bool)
23 12:32:04.572 [29]        5 : Failure(key=calculated,reason=io: the key is expected to be a bool)
23 12:32:04.572 [29]      3 : Failure(cursor=0,len=2,reason=io: the key is expected to be a bool)
23 12:32:04.572 [29]    2 : Running(cursor=1,len=2,running_child=1)
23 12:32:04.572 [29]      4 : Running(cursor=0,len=1,running_child=0)
23 12:32:04.572 [29]        7 : Running(cursor=0,len=2,running_child=1)
23 12:32:04.572 [29]          8 : Running(cursor=0,len=2,reason=the key is not locked)
23 12:32:04.572 [29]            10 : Failure(key=calculated,reason=the key is not locked)
23 12:32:04.572 [29]          8 : Failure(cursor=0,len=2,reason=the key is not locked)
23 12:32:04.572 [29]        7 : Running(cursor=1,len=2,running_child=1)
23 12:32:04.572 [29]          9 : Running(cursor=0,len=2,running_child=1)
23 12:32:05.125 [29]            custom: Calculated
23 12:32:05.126 [29]            12 : Success(guard=calculated)
23 12:32:05.126 [29]          9 : Running(cursor=1,len=2,running_child=1)
23 12:32:05.126 [29]            13 : Running()
23 12:32:05.126 [29]          9 : Running(cursor=1,len=2,running_child=1)
23 12:32:05.126 [29]        7 : Running(cursor=1,len=2,running_child=1)
23 12:32:05.126 [29]      4 : Running(cursor=0,len=1,running_child=0)
23 12:32:05.126 [29]    2 : Running(cursor=1,len=2,running_child=1)
23 12:32:05.126 [29]  1 : Running(cursor=0,len=1)
23 12:32:05.126 [30]  next tick
23 12:32:05.126 [30]    2 : Running(cursor=0,len=2,running_child=1)
23 12:32:05.126 [30]      3 : Running(cursor=0,len=2,reason=io: the key is expected to be a bool)
23 12:32:05.126 [30]        5 : Failure(key=calculated,reason=io: the key is expected to be a bool)
23 12:32:05.126 [30]      3 : Failure(cursor=0,len=2,reason=io: the key is expected to be a bool)
23 12:32:05.126 [30]    2 : Running(cursor=1,len=2,running_child=1)
23 12:32:05.126 [30]      4 : Running(cursor=0,len=1,running_child=0)
23 12:32:05.126 [30]        7 : Running(cursor=0,len=2,running_child=1)
23 12:32:05.126 [30]          8 : Running(cursor=0,len=2,reason=the key is not locked)
23 12:32:05.126 [30]            10 : Failure(key=calculated,reason=the key is not locked)
23 12:32:05.126 [30]          8 : Failure(cursor=0,len=2,reason=the key is not locked)
23 12:32:05.126 [30]        7 : Running(cursor=1,len=2,running_child=1)
23 12:32:05.126 [30]          9 : Running(cursor=0,len=2,running_child=1)
23 12:32:05.681 [30]            custom: Calculated
23 12:32:05.682 [30]            12 : Success(guard=calculated)
23 12:32:05.682 [30]          9 : Running(cursor=1,len=2,running_child=1)
23 12:32:05.682 [30]            13 : Running()
23 12:32:05.682 [30]          9 : Running(cursor=1,len=2,running_child=1)
23 12:32:05.682 [30]        7 : Running(cursor=1,len=2,running_child=1)
23 12:32:05.682 [30]      4 : Running(cursor=0,len=1,running_child=0)
23 12:32:05.682 [30]    2 : Running(cursor=1,len=2,running_child=1)
23 12:32:05.682 [30]  1 : Running(cursor=0,len=1)
23 12:32:05.682 [31]  next tick
23 12:32:05.682 [31]    2 : Running(cursor=0,len=2,running_child=1)
23 12:32:05.682 [31]      3 : Running(cursor=0,len=2,reason=io: the key is expected to be a bool)
23 12:32:05.682 [31]        5 : Failure(key=calculated,reason=io: the key is expected to be a bool)
23 12:32:05.682 [31]      3 : Failure(cursor=0,len=2,reason=io: the key is expected to be a bool)
23 12:32:05.682 [31]    2 : Running(cursor=1,len=2,running_child=1)
23 12:32:05.682 [31]      4 : Running(cursor=0,len=1,running_child=0)
23 12:32:05.682 [31]        7 : Running(cursor=0,len=2,running_child=1)
23 12:32:05.682 [31]          8 : Running(cursor=0,len=2,reason=the key is not locked)
23 12:32:05.682 [31]            10 : Failure(key=calculated,reason=the key is not locked)
23 12:32:05.682 [31]          8 : Failure(cursor=0,len=2,reason=the key is not locked)
23 12:32:05.682 [31]        7 : Running(cursor=1,len=2,running_child=1)
23 12:32:05.682 [31]          9 : Running(cursor=0,len=2,running_child=1)
23 12:32:06.236 [31]            custom: Calculated
23 12:32:06.237 [31]            12 : Success(guard=calculated)
23 12:32:06.237 [31]          9 : Running(cursor=1,len=2,running_child=1)
23 12:32:06.237 [31]            13 : Running()
23 12:32:06.237 [31]          9 : Running(cursor=1,len=2,running_child=1)
23 12:32:06.237 [31]        7 : Running(cursor=1,len=2,running_child=1)
23 12:32:06.237 [31]      4 : Running(cursor=0,len=1,running_child=0)
23 12:32:06.237 [31]    2 : Running(cursor=1,len=2,running_child=1)
23 12:32:06.237 [31]  1 : Running(cursor=0,len=1)
23 12:32:06.237 [32]  next tick
23 12:32:06.237 [32]    2 : Running(cursor=0,len=2,running_child=1)
23 12:32:06.237 [32]      3 : Running(cursor=0,len=2,reason=io: the key is expected to be a bool)
23 12:32:06.237 [32]        5 : Failure(key=calculated,reason=io: the key is expected to be a bool)
23 12:32:06.237 [32]      3 : Failure(cursor=0,len=2,reason=io: the key is expected to be a bool)
23 12:32:06.237 [32]    2 : Running(cursor=1,len=2,running_child=1)
23 12:32:06.237 [32]      4 : Running(cursor=0,len=1,running_child=0)
23 12:32:06.237 [32]        7 : Running(cursor=0,len=2,running_child=1)
23 12:32:06.237 [32]          8 : Running(cursor=0,len=2,reason=the key is not locked)
23 12:32:06.237 [32]            10 : Failure(key=calculated,reason=the key is not locked)
23 12:32:06.237 [32]          8 : Failure(cursor=0,len=2,reason=the key is not locked)
23 12:32:06.237 [32]        7 : Running(cursor=1,len=2,running_child=1)
23 12:32:06.238 [32]          9 : Running(cursor=0,len=2,running_child=1)
23 12:32:06.792 [32]            custom: Calculated
23 12:32:06.793 [32]            12 : Success(guard=calculated)
23 12:32:06.793 [32]          9 : Running(cursor=1,len=2,running_child=1)
23 12:32:06.793 [32]            13 : Running()
23 12:32:06.793 [32]          9 : Running(cursor=1,len=2,running_child=1)
23 12:32:06.793 [32]        7 : Running(cursor=1,len=2,running_child=1)
23 12:32:06.793 [32]      4 : Running(cursor=0,len=1,running_child=0)
23 12:32:06.793 [32]    2 : Running(cursor=1,len=2,running_child=1)
23 12:32:06.793 [32]  1 : Running(cursor=0,len=1)
23 12:32:06.793 [33]  next tick
23 12:32:06.793 [33]    2 : Running(cursor=0,len=2,running_child=1)
23 12:32:06.793 [33]      3 : Running(cursor=0,len=2,reason=io: the key is expected to be a bool)
23 12:32:06.793 [33]        5 : Failure(key=calculated,reason=io: the key is expected to be a bool)
23 12:32:06.793 [33]      3 : Failure(cursor=0,len=2,reason=io: the key is expected to be a bool)
23 12:32:06.793 [33]    2 : Running(cursor=1,len=2,running_child=1)
23 12:32:06.793 [33]      4 : Running(cursor=0,len=1,running_child=0)
23 12:32:06.793 [33]        7 : Running(cursor=0,len=2,running_child=1)
23 12:32:06.793 [33]          8 : Running(cursor=0,len=2,reason=the key is not locked)
23 12:32:06.793 [33]            10 : Failure(key=calculated,reason=the key is not locked)
23 12:32:06.793 [33]          8 : Failure(cursor=0,len=2,reason=the key is not locked)
23 12:32:06.793 [33]        7 : Running(cursor=1,len=2,running_child=1)
23 12:32:06.793 [33]          9 : Running(cursor=0,len=2,running_child=1)
23 12:32:07.348 [33]            custom: Calculated
23 12:32:07.349 [33]            12 : Success(guard=calculated)
23 12:32:07.349 [33]          9 : Running(cursor=1,len=2,running_child=1)
23 12:32:07.349 [33]            13 : Running()
23 12:32:07.349 [33]          9 : Running(cursor=1,len=2,running_child=1)
23 12:32:07.349 [33]        7 : Running(cursor=1,len=2,running_child=1)
23 12:32:07.349 [33]      4 : Running(cursor=0,len=1,running_child=0)
23 12:32:07.349 [33]    2 : Running(cursor=1,len=2,running_child=1)
23 12:32:07.349 [33]  1 : Running(cursor=0,len=1)
23 12:32:07.349 [34]  next tick
23 12:32:07.349 [34]    2 : Running(cursor=0,len=2,running_child=1)
23 12:32:07.349 [34]      3 : Running(cursor=0,len=2,reason=io: the key is expected to be a bool)
23 12:32:07.349 [34]        5 : Failure(key=calculated,reason=io: the key is expected to be a bool)
23 12:32:07.349 [34]      3 : Failure(cursor=0,len=2,reason=io: the key is expected to be a bool)
23 12:32:07.349 [34]    2 : Running(cursor=1,len=2,running_child=1)
23 12:32:07.349 [34]      4 : Running(cursor=0,len=1,running_child=0)
23 12:32:07.349 [34]        7 : Running(cursor=0,len=2,running_child=1)
23 12:32:07.349 [34]          8 : Running(cursor=0,len=2,reason=the key is not locked)
23 12:32:07.349 [34]            10 : Failure(key=calculated,reason=the key is not locked)
23 12:32:07.349 [34]          8 : Failure(cursor=0,len=2,reason=the key is not locked)
23 12:32:07.349 [34]        7 : Running(cursor=1,len=2,running_child=1)
23 12:32:07.349 [34]          9 : Running(cursor=0,len=2,running_child=1)
23 12:32:07.903 [34]            custom: Calculated
23 12:32:07.904 [34]            12 : Success(guard=calculated)
23 12:32:07.904 [34]          9 : Running(cursor=1,len=2,running_child=1)
23 12:32:07.904 [34]            13 : Running()
23 12:32:07.904 [34]          9 : Running(cursor=1,len=2,running_child=1)
23 12:32:07.904 [34]        7 : Running(cursor=1,len=2,running_child=1)
23 12:32:07.904 [34]      4 : Running(cursor=0,len=1,running_child=0)
23 12:32:07.904 [34]    2 : Running(cursor=1,len=2,running_child=1)
23 12:32:07.904 [34]  1 : Running(cursor=0,len=1)
23 12:32:07.904 [35]  next tick
23 12:32:07.905 [35]    2 : Running(cursor=0,len=2,running_child=1)
23 12:32:07.905 [35]      3 : Running(cursor=0,len=2,reason=io: the key is expected to be a bool)
23 12:32:07.905 [35]        5 : Failure(key=calculated,reason=io: the key is expected to be a bool)
23 12:32:07.905 [35]      3 : Failure(cursor=0,len=2,reason=io: the key is expected to be a bool)
23 12:32:07.905 [35]    2 : Running(cursor=1,len=2,running_child=1)
23 12:32:07.905 [35]      4 : Running(cursor=0,len=1,running_child=0)
23 12:32:07.905 [35]        7 : Running(cursor=0,len=2,running_child=1)
23 12:32:07.905 [35]          8 : Running(cursor=0,len=2,reason=the key is not locked)
23 12:32:07.905 [35]            10 : Failure(key=calculated,reason=the key is not locked)
23 12:32:07.905 [35]          8 : Failure(cursor=0,len=2,reason=the key is not locked)
23 12:32:07.905 [35]        7 : Running(cursor=1,len=2,running_child=1)
23 12:32:07.905 [35]          9 : Running(cursor=0,len=2,running_child=1)
23 12:32:08.459 [35]            custom: Calculated
23 12:32:08.460 [35]            12 : Success(guard=calculated)
23 12:32:08.460 [35]          9 : Running(cursor=1,len=2,running_child=1)
23 12:32:08.460 [35]            13 : Running()
23 12:32:08.460 [35]          9 : Running(cursor=1,len=2,running_child=1)
23 12:32:08.460 [35]        7 : Running(cursor=1,len=2,running_child=1)
23 12:32:08.460 [35]      4 : Running(cursor=0,len=1,running_child=0)
23 12:32:08.460 [35]    2 : Running(cursor=1,len=2,running_child=1)
23 12:32:08.460 [35]  1 : Running(cursor=0,len=1)
23 12:32:08.460 [36]  next tick
23 12:32:08.460 [36]    2 : Running(cursor=0,len=2,running_child=1)
23 12:32:08.460 [36]      3 : Running(cursor=0,len=2,reason=io: the key is expected to be a bool)
23 12:32:08.460 [36]        5 : Failure(key=calculated,reason=io: the key is expected to be a bool)
23 12:32:08.460 [36]      3 : Failure(cursor=0,len=2,reason=io: the key is expected to be a bool)
23 12:32:08.460 [36]    2 : Running(cursor=1,len=2,running_child=1)
23 12:32:08.460 [36]      4 : Running(cursor=0,len=1,running_child=0)
23 12:32:08.460 [36]        7 : Running(cursor=0,len=2,running_child=1)
23 12:32:08.460 [36]          8 : Running(cursor=0,len=2,reason=the key is not locked)
23 12:32:08.460 [36]            10 : Failure(key=calculated,reason=the key is not locked)
23 12:32:08.460 [36]          8 : Failure(cursor=0,len=2,reason=the key is not locked)
23 12:32:08.460 [36]        7 : Running(cursor=1,len=2,running_child=1)
23 12:32:08.460 [36]          9 : Running(cursor=0,len=2,running_child=1)
23 12:32:09.014 [36]            custom: Calculated
23 12:32:09.015 [36]            12 : Success(guard=calculated)
23 12:32:09.015 [36]          9 : Running(cursor=1,len=2,running_child=1)
23 12:32:09.015 [36]            13 : Running()
23 12:32:09.015 [36]          9 : Running(cursor=1,len=2,running_child=1)
23 12:32:09.015 [36]        7 : Running(cursor=1,len=2,running_child=1)
23 12:32:09.015 [36]      4 : Running(cursor=0,len=1,running_child=0)
23 12:32:09.015 [36]    2 : Running(cursor=1,len=2,running_child=1)
23 12:32:09.015 [36]  1 : Running(cursor=0,len=1)
23 12:32:09.015 [37]  next tick
23 12:32:09.015 [37]    2 : Running(cursor=0,len=2,running_child=1)
23 12:32:09.015 [37]      3 : Running(cursor=0,len=2,reason=io: the key is expected to be a bool)
23 12:32:09.015 [37]        5 : Failure(key=calculated,reason=io: the key is expected to be a bool)
23 12:32:09.015 [37]      3 : Failure(cursor=0,len=2,reason=io: the key is expected to be a bool)
23 12:32:09.015 [37]    2 : Running(cursor=1,len=2,running_child=1)
23 12:32:09.015 [37]      4 : Running(cursor=0,len=1,running_child=0)
23 12:32:09.015 [37]        7 : Running(cursor=0,len=2,running_child=1)
23 12:32:09.015 [37]          8 : Running(cursor=0,len=2,reason=the key is not locked)
23 12:32:09.015 [37]            10 : Failure(key=calculated,reason=the key is not locked)
23 12:32:09.015 [37]          8 : Failure(cursor=0,len=2,reason=the key is not locked)
23 12:32:09.015 [37]        7 : Running(cursor=1,len=2,running_child=1)
23 12:32:09.015 [37]          9 : Running(cursor=0,len=2,running_child=1)
23 12:32:09.569 [37]            custom: Calculated
23 12:32:09.570 [37]            12 : Success(guard=calculated)
23 12:32:09.570 [37]          9 : Running(cursor=1,len=2,running_child=1)
23 12:32:09.570 [37]            13 : Running()
23 12:32:09.570 [37]          9 : Running(cursor=1,len=2,running_child=1)
23 12:32:09.570 [37]        7 : Running(cursor=1,len=2,running_child=1)
23 12:32:09.570 [37]      4 : Running(cursor=0,len=1,running_child=0)
23 12:32:09.570 [37]    2 : Running(cursor=1,len=2,running_child=1)
23 12:32:09.570 [37]  1 : Running(cursor=0,len=1)
23 12:32:09.570 [38]  next tick
23 12:32:09.571 [38]    2 : Running(cursor=0,len=2,running_child=1)
23 12:32:09.571 [38]      3 : Running(cursor=0,len=2,reason=io: the key is expected to be a bool)
23 12:32:09.571 [38]        5 : Failure(key=calculated,reason=io: the key is expected to be a bool)
23 12:32:09.571 [38]      3 : Failure(cursor=0,len=2,reason=io: the key is expected to be a bool)
23 12:32:09.571 [38]    2 : Running(cursor=1,len=2,running_child=1)
23 12:32:09.571 [38]      4 : Running(cursor=0,len=1,running_child=0)
23 12:32:09.571 [38]        7 : Running(cursor=0,len=2,running_child=1)
23 12:32:09.571 [38]          8 : Running(cursor=0,len=2,reason=the key is not locked)
23 12:32:09.571 [38]            10 : Failure(key=calculated,reason=the key is not locked)
23 12:32:09.571 [38]          8 : Failure(cursor=0,len=2,reason=the key is not locked)
23 12:32:09.571 [38]        7 : Running(cursor=1,len=2,running_child=1)
23 12:32:09.571 [38]          9 : Running(cursor=0,len=2,running_child=1)
23 12:32:10.124 [38]            custom: Calculated
23 12:32:10.125 [38]            12 : Success(guard=calculated)
23 12:32:10.125 [38]          9 : Running(cursor=1,len=2,running_child=1)
23 12:32:10.125 [38]            13 : Running()
23 12:32:10.125 [38]          9 : Running(cursor=1,len=2,running_child=1)
23 12:32:10.125 [38]        7 : Running(cursor=1,len=2,running_child=1)
23 12:32:10.125 [38]      4 : Running(cursor=0,len=1,running_child=0)
23 12:32:10.125 [38]    2 : Running(cursor=1,len=2,running_child=1)
23 12:32:10.125 [38]  1 : Running(cursor=0,len=1)
23 12:32:10.125 [39]  next tick
23 12:32:10.125 [39]    2 : Running(cursor=0,len=2,running_child=1)
23 12:32:10.125 [39]      3 : Running(cursor=0,len=2,reason=io: the key is expected to be a bool)
23 12:32:10.125 [39]        5 : Failure(key=calculated,reason=io: the key is expected to be a bool)
23 12:32:10.125 [39]      3 : Failure(cursor=0,len=2,reason=io: the key is expected to be a bool)
23 12:32:10.125 [39]    2 : Running(cursor=1,len=2,running_child=1)
23 12:32:10.125 [39]      4 : Running(cursor=0,len=1,running_child=0)
23 12:32:10.125 [39]        7 : Running(cursor=0,len=2,running_child=1)
23 12:32:10.125 [39]          8 : Running(cursor=0,len=2,reason=the key is not locked)
23 12:32:10.125 [39]            10 : Failure(key=calculated,reason=the key is not locked)
23 12:32:10.125 [39]          8 : Failure(cursor=0,len=2,reason=the key is not locked)
23 12:32:10.125 [39]        7 : Running(cursor=1,len=2,running_child=1)
23 12:32:10.126 [39]          9 : Running(cursor=0,len=2,running_child=1)
23 12:32:10.679 [39]            custom: Calculated
23 12:32:10.680 [39]            12 : Success(guard=calculated)
23 12:32:10.680 [39]          9 : Running(cursor=1,len=2,running_child=1)
23 12:32:10.680 [39]            13 : Running()
23 12:32:10.680 [39]          9 : Running(cursor=1,len=2,running_child=1)
23 12:32:10.680 [39]        7 : Running(cursor=1,len=2,running_child=1)
23 12:32:10.680 [39]      4 : Running(cursor=0,len=1,running_child=0)
23 12:32:10.680 [39]    2 : Running(cursor=1,len=2,running_child=1)
23 12:32:10.680 [39]  1 : Running(cursor=0,len=1)
23 12:32:10.680 [40]  next tick
23 12:32:10.680 [40]    2 : Running(cursor=0,len=2,running_child=1)
23 12:32:10.680 [40]      3 : Running(cursor=0,len=2,reason=io: the key is expected to be a bool)
23 12:32:10.680 [40]        5 : Failure(key=calculated,reason=io: the key is expected to be a bool)
23 12:32:10.680 [40]      3 : Failure(cursor=0,len=2,reason=io: the key is expected to be a bool)
23 12:32:10.680 [40]    2 : Running(cursor=1,len=2,running_child=1)
23 12:32:10.680 [40]      4 : Running(cursor=0,len=1,running_child=0)
23 12:32:10.680 [40]        7 : Running(cursor=0,len=2,running_child=1)
23 12:32:10.680 [40]          8 : Running(cursor=0,len=2,reason=the key is not locked)
23 12:32:10.681 [40]            10 : Failure(key=calculated,reason=the key is not locked)
23 12:32:10.681 [40]          8 : Failure(cursor=0,len=2,reason=the key is not locked)
23 12:32:10.681 [40]        7 : Running(cursor=1,len=2,running_child=1)
23 12:32:10.681 [40]          9 : Running(cursor=0,len=2,running_child=1)
23 12:32:11.235 [40]            custom: Calculated
23 12:32:11.235 [40]            12 : Success(guard=calculated)
23 12:32:11.235 [40]          9 : Running(cursor=1,len=2,running_child=1)
23 12:32:11.235 [40]            13 : Running()
23 12:32:11.235 [40]          9 : Running(cursor=1,len=2,running_child=1)
23 12:32:11.235 [40]        7 : Running(cursor=1,len=2,running_child=1)
23 12:32:11.235 [40]      4 : Running(cursor=0,len=1,running_child=0)
23 12:32:11.235 [40]    2 : Running(cursor=1,len=2,running_child=1)
23 12:32:11.236 [40]  1 : Running(cursor=0,len=1)
23 12:32:11.236 [41]  next tick
23 12:32:11.236 [41]    2 : Running(cursor=0,len=2,running_child=1)
23 12:32:11.236 [41]      3 : Running(cursor=0,len=2,reason=io: the key is expected to be a bool)
23 12:32:11.236 [41]        5 : Failure(key=calculated,reason=io: the key is expected to be a bool)
23 12:32:11.236 [41]      3 : Failure(cursor=0,len=2,reason=io: the key is expected to be a bool)
23 12:32:11.236 [41]    2 : Running(cursor=1,len=2,running_child=1)
23 12:32:11.236 [41]      4 : Running(cursor=0,len=1,running_child=0)
23 12:32:11.236 [41]        7 : Running(cursor=0,len=2,running_child=1)
23 12:32:11.236 [41]          8 : Running(cursor=0,len=2,reason=the key is not locked)
23 12:32:11.236 [41]            10 : Failure(key=calculated,reason=the key is not locked)
23 12:32:11.236 [41]          8 : Failure(cursor=0,len=2,reason=the key is not locked)
23 12:32:11.236 [41]        7 : Running(cursor=1,len=2,running_child=1)
23 12:32:11.236 [41]          9 : Running(cursor=0,len=2,running_child=1)
23 12:32:11.790 [41]            custom: Calculated
23 12:32:11.791 [41]            12 : Success(guard=calculated)
23 12:32:11.791 [41]          9 : Running(cursor=1,len=2,running_child=1)
23 12:32:11.791 [41]            13 : Running()
23 12:32:11.791 [41]          9 : Running(cursor=1,len=2,running_child=1)
23 12:32:11.791 [41]        7 : Running(cursor=1,len=2,running_child=1)
23 12:32:11.791 [41]      4 : Running(cursor=0,len=1,running_child=0)
23 12:32:11.791 [41]    2 : Running(cursor=1,len=2,running_child=1)
23 12:32:11.791 [41]  1 : Running(cursor=0,len=1)
23 12:32:11.791 [42]  next tick
23 12:32:11.791 [42]    2 : Running(cursor=0,len=2,running_child=1)
23 12:32:11.791 [42]      3 : Running(cursor=0,len=2,reason=io: the key is expected to be a bool)
23 12:32:11.791 [42]        5 : Failure(key=calculated,reason=io: the key is expected to be a bool)
23 12:32:11.791 [42]      3 : Failure(cursor=0,len=2,reason=io: the key is expected to be a bool)
23 12:32:11.791 [42]    2 : Running(cursor=1,len=2,running_child=1)
23 12:32:11.791 [42]      4 : Running(cursor=0,len=1,running_child=0)
23 12:32:11.791 [42]        7 : Running(cursor=0,len=2,running_child=1)
23 12:32:11.791 [42]          8 : Running(cursor=0,len=2,reason=the key is not locked)
23 12:32:11.791 [42]            10 : Failure(key=calculated,reason=the key is not locked)
23 12:32:11.791 [42]          8 : Failure(cursor=0,len=2,reason=the key is not locked)
23 12:32:11.791 [42]        7 : Running(cursor=1,len=2,running_child=1)
23 12:32:11.791 [42]          9 : Running(cursor=0,len=2,running_child=1)
23 12:32:12.345 [42]            custom: Calculated
23 12:32:12.346 [42]            12 : Success(guard=calculated)
23 12:32:12.346 [42]          9 : Running(cursor=1,len=2,running_child=1)
23 12:32:12.346 [42]            13 : Running()
23 12:32:12.346 [42]          9 : Running(cursor=1,len=2,running_child=1)
23 12:32:12.346 [42]        7 : Running(cursor=1,len=2,running_child=1)
23 12:32:12.346 [42]      4 : Running(cursor=0,len=1,running_child=0)
23 12:32:12.346 [42]    2 : Running(cursor=1,len=2,running_child=1)
23 12:32:12.346 [42]  1 : Running(cursor=0,len=1)
23 12:32:12.346 [43]  next tick
23 12:32:12.346 [43]    2 : Running(cursor=0,len=2,running_child=1)
23 12:32:12.346 [43]      3 : Running(cursor=0,len=2,reason=io: the key is expected to be a bool)
23 12:32:12.346 [43]        5 : Failure(key=calculated,reason=io: the key is expected to be a bool)
23 12:32:12.346 [43]      3 : Failure(cursor=0,len=2,reason=io: the key is expected to be a bool)
23 12:32:12.346 [43]    2 : Running(cursor=1,len=2,running_child=1)
23 12:32:12.346 [43]      4 : Running(cursor=0,len=1,running_child=0)
23 12:32:12.347 [43]        7 : Running(cursor=0,len=2,running_child=1)
23 12:32:12.347 [43]          8 : Running(cursor=0,len=2,reason=the key is not locked)
23 12:32:12.347 [43]            10 : Failure(key=calculated,reason=the key is not locked)
23 12:32:12.347 [43]          8 : Failure(cursor=0,len=2,reason=the key is not locked)
23 12:32:12.347 [43]        7 : Running(cursor=1,len=2,running_child=1)
23 12:32:12.347 [43]          9 : Running(cursor=0,len=2,running_child=1)
23 12:32:12.901 [43]            custom: Calculated
23 12:32:12.902 [43]            12 : Success(guard=calculated)
23 12:32:12.902 [43]          9 : Running(cursor=1,len=2,running_child=1)
23 12:32:12.902 [43]            13 : Running()
23 12:32:12.902 [43]          9 : Running(cursor=1,len=2,running_child=1)
23 12:32:12.902 [43]        7 : Running(cursor=1,len=2,running_child=1)
23 12:32:12.902 [43]      4 : Running(cursor=0,len=1,running_child=0)
23 12:32:12.902 [43]    2 : Running(cursor=1,len=2,running_child=1)
23 12:32:12.902 [43]  1 : Running(cursor=0,len=1)
23 12:32:12.902 [44]  next tick
23 12:32:12.902 [44]    2 : Running(cursor=0,len=2,running_child=1)
23 12:32:12.902 [44]      3 : Running(cursor=0,len=2,reason=io: the key is expected to be a bool)
23 12:32:12.902 [44]        5 : Failure(key=calculated,reason=io: the key is expected to be a bool)
23 12:32:12.902 [44]      3 : Failure(cursor=0,len=2,reason=io: the key is expected to be a bool)
23 12:32:12.902 [44]    2 : Running(cursor=1,len=2,running_child=1)
23 12:32:12.902 [44]      4 : Running(cursor=0,len=1,running_child=0)
23 12:32:12.902 [44]        7 : Running(cursor=0,len=2,running_child=1)
23 12:32:12.902 [44]          8 : Running(cursor=0,len=2,reason=the key is not locked)
23 12:32:12.902 [44]            10 : Failure(key=calculated,reason=the key is not locked)
23 12:32:12.902 [44]          8 : Failure(cursor=0,len=2,reason=the key is not locked)
23 12:32:12.902 [44]        7 : Running(cursor=1,len=2,running_child=1)
23 12:32:12.902 [44]          9 : Running(cursor=0,len=2,running_child=1)
23 12:32:13.455 [44]            custom: Calculated
23 12:32:13.456 [44]            12 : Success(guard=calculated)
23 12:32:13.456 [44]          9 : Running(cursor=1,len=2,running_child=1)
23 12:32:13.456 [44]            13 : Running()
23 12:32:13.456 [44]          9 : Running(cursor=1,len=2,running_child=1)
23 12:32:13.456 [44]        7 : Running(cursor=1,len=2,running_child=1)
23 12:32:13.456 [44]      4 : Running(cursor=0,len=1,running_child=0)
23 12:32:13.456 [44]    2 : Running(cursor=1,len=2,running_child=1)
23 12:32:13.456 [44]  1 : Running(cursor=0,len=1)
23 12:32:13.456 [45]  next tick
23 12:32:13.456 [45]    2 : Running(cursor=0,len=2,running_child=1)
23 12:32:13.456 [45]      3 : Running(cursor=0,len=2,reason=io: the key is expected to be a bool)
23 12:32:13.456 [45]        5 : Failure(key=calculated,reason=io: the key is expected to be a bool)
23 12:32:13.456 [45]      3 : Failure(cursor=0,len=2,reason=io: the key is expected to be a bool)
23 12:32:13.456 [45]    2 : Running(cursor=1,len=2,running_child=1)
23 12:32:13.456 [45]      4 : Running(cursor=0,len=1,running_child=0)
23 12:32:13.456 [45]        7 : Running(cursor=0,len=2,running_child=1)
23 12:32:13.456 [45]          8 : Running(cursor=0,len=2,reason=the key is not locked)
23 12:32:13.456 [45]            10 : Failure(key=calculated,reason=the key is not locked)
23 12:32:13.456 [45]          8 : Failure(cursor=0,len=2,reason=the key is not locked)
23 12:32:13.456 [45]        7 : Running(cursor=1,len=2,running_child=1)
23 12:32:13.456 [45]          9 : Running(cursor=0,len=2,running_child=1)
23 12:32:14.010 [45]            custom: Calculated
23 12:32:14.011 [45]            12 : Success(guard=calculated)
23 12:32:14.011 [45]          9 : Running(cursor=1,len=2,running_child=1)
23 12:32:14.011 [45]            13 : Running()
23 12:32:14.011 [45]          9 : Running(cursor=1,len=2,running_child=1)
23 12:32:14.011 [45]        7 : Running(cursor=1,len=2,running_child=1)
23 12:32:14.011 [45]      4 : Running(cursor=0,len=1,running_child=0)
23 12:32:14.011 [45]    2 : Running(cursor=1,len=2,running_child=1)
23 12:32:14.011 [45]  1 : Running(cursor=0,len=1)
23 12:32:14.011 [46]  next tick
23 12:32:14.011 [46]    2 : Running(cursor=0,len=2,running_child=1)
23 12:32:14.011 [46]      3 : Running(cursor=0,len=2,reason=io: the key is expected to be a bool)
23 12:32:14.011 [46]        5 : Failure(key=calculated,reason=io: the key is expected to be a bool)
23 12:32:14.011 [46]      3 : Failure(cursor=0,len=2,reason=io: the key is expected to be a bool)
23 12:32:14.011 [46]    2 : Running(cursor=1,len=2,running_child=1)
23 12:32:14.011 [46]      4 : Running(cursor=0,len=1,running_child=0)
23 12:32:14.011 [46]        7 : Running(cursor=0,len=2,running_child=1)
23 12:32:14.011 [46]          8 : Running(cursor=0,len=2,reason=the key is not locked)
23 12:32:14.011 [46]            10 : Failure(key=calculated,reason=the key is not locked)
23 12:32:14.011 [46]          8 : Failure(cursor=0,len=2,reason=the key is not locked)
23 12:32:14.011 [46]        7 : Running(cursor=1,len=2,running_child=1)
23 12:32:14.011 [46]          9 : Running(cursor=0,len=2,running_child=1)
23 12:35:18.982 [1]  1 : Running(cursor=0,len=1)
23 12:35:18.983 [1]    2 : Running(cursor=0,len=2)
23 12:35:18.983 [1]      3 : Running(cursor=0,len=2)
23 12:35:18.983 [1]        5 : Failure(key=calculated,reason=io: the key is expected to be a bool)
23 12:35:18.983 [1]      3 : Failure(cursor=0,len=2,reason=io: the key is expected to be a bool)
23 12:35:18.983 [1]    2 : Running(cursor=1,len=2)
23 12:35:18.983 [1]      4 : Running(cursor=0,len=1)
23 12:35:18.983 [1]        7 : Running(cursor=0,len=2)
23 12:35:18.983 [1]          8 : Running(cursor=0,len=2)
23 12:35:18.983 [1]            10 : Failure(key=calculated,reason=the key is not locked)
23 12:35:18.983 [1]          8 : Failure(cursor=0,len=2,reason=the key is not locked)
23 12:35:18.983 [1]        7 : Running(cursor=1,len=2)
23 12:35:18.983 [1]          9 : Running(cursor=0,len=2)
23 12:35:19.536 [1]            custom: Calculated
23 12:35:19.537 [1]            12 : Success(guard=calculated)
23 12:35:19.537 [1]          9 : Running(cursor=1,len=2)
23 12:35:19.537 [1]            13 : Running()
23 12:35:19.537 [1]          9 : Running(cursor=1,len=2,running_child=1)
23 12:35:19.537 [1]        7 : Running(cursor=1,len=2,running_child=1)
23 12:35:19.537 [1]      4 : Running(cursor=0,len=1,running_child=0)
23 12:35:19.537 [1]    2 : Running(cursor=1,len=2,running_child=1)
23 12:35:19.537 [2]  next tick
23 12:35:19.537 [2]    2 : Running(cursor=0,len=2,running_child=1)
23 12:35:19.537 [2]      3 : Running(cursor=0,len=2,reason=io: the key is expected to be a bool)
23 12:35:19.537 [2]        5 : Failure(key=calculated,reason=io: the key is expected to be a bool)
23 12:35:19.537 [2]      3 : Failure(cursor=0,len=2,reason=io: the key is expected to be a bool)
23 12:35:19.537 [2]    2 : Running(cursor=1,len=2,running_child=1)
23 12:35:19.537 [2]      4 : Running(cursor=0,len=1,running_child=0)
23 12:35:19.537 [2]        7 : Running(cursor=0,len=2,running_child=1)
23 12:35:19.537 [2]          8 : Running(cursor=0,len=2,reason=the key is not locked)
23 12:35:19.537 [2]            10 : Failure(key=calculated,reason=the key is not locked)
23 12:35:19.537 [2]          8 : Failure(cursor=0,len=2,reason=the key is not locked)
23 12:35:19.537 [2]        7 : Running(cursor=1,len=2,running_child=1)
23 12:35:19.537 [2]          9 : Running(cursor=0,len=2,running_child=1)
23 12:35:20.090 [2]            custom: Calculated
23 12:35:20.091 [2]            12 : Success(guard=calculated)
23 12:35:20.091 [2]          9 : Running(cursor=1,len=2,running_child=1)
23 12:35:20.091 [2]            13 : Running()
23 12:35:20.091 [2]          9 : Running(cursor=1,len=2,running_child=1)
23 12:35:20.091 [2]        7 : Running(cursor=1,len=2,running_child=1)
23 12:35:20.091 [2]      4 : Running(cursor=0,len=1,running_child=0)
23 12:35:20.091 [2]    2 : Running(cursor=1,len=2,running_child=1)
23 12:35:20.091 [2]  1 : Running(cursor=0,len=1)
23 12:35:20.091 [3]  next tick
23 12:35:20.091 [3]    2 : Running(cursor=0,len=2,running_child=1)
23 12:35:20.091 [3]      3 : Running(cursor=0,len=2,reason=io: the key is expected to be a bool)
23 12:35:20.091 [3]        5 : Failure(key=calculated,reason=io: the key is expected to be a bool)
23 12:35:20.091 [3]      3 : Failure(cursor=0,len=2,reason=io: the key is expected to be a bool)
23 12:35:20.091 [3]    2 : Running(cursor=1,len=2,running_child=1)
23 12:35:20.091 [3]      4 : Running(cursor=0,len=1,running_child=0)
23 12:35:20.091 [3]        7 : Running(cursor=0,len=2,running_child=1)
23 12:35:20.091 [3]          8 : Running(cursor=0,len=2,reason=the key is not locked)
23 12:35:20.091 [3]            10 : Failure(key=calculated,reason=the key is not locked)
23 12:35:20.092 [3]          8 : Failure(cursor=0,len=2,reason=the key is not locked)
23 12:35:20.092 [3]        7 : Running(cursor=1,len=2,running_child=1)
23 12:35:20.092 [3]          9 : Running(cursor=0,len=2,running_child=1)
23 12:35:20.645 [3]            custom: Calculated
23 12:35:20.646 [3]            12 : Success(guard=calculated)
23 12:35:20.646 [3]          9 : Running(cursor=1,len=2,running_child=1)
23 12:35:20.646 [3]            13 : Running()
23 12:35:20.646 [3]          9 : Running(cursor=1,len=2,running_child=1)
23 12:35:20.646 [3]        7 : Running(cursor=1,len=2,running_child=1)
23 12:35:20.646 [3]      4 : Running(cursor=0,len=1,running_child=0)
23 12:35:20.646 [3]    2 : Running(cursor=1,len=2,running_child=1)
23 12:35:20.646 [3]  1 : Running(cursor=0,len=1)
23 12:35:20.646 [4]  next tick
23 12:35:20.646 [4]    2 : Running(cursor=0,len=2,running_child=1)
23 12:35:20.646 [4]      3 : Running(cursor=0,len=2,reason=io: the key is expected to be a bool)
23 12:35:20.646 [4]        5 : Failure(key=calculated,reason=io: the key is expected to be a bool)
23 12:35:20.646 [4]      3 : Failure(cursor=0,len=2,reason=io: the key is expected to be a bool)
23 12:35:20.646 [4]    2 : Running(cursor=1,len=2,running_child=1)
23 12:35:20.647 [4]      4 : Running(cursor=0,len=1,running_child=0)
23 12:35:20.647 [4]        7 : Running(cursor=0,len=2,running_child=1)
23 12:35:20.647 [4]          8 : Running(cursor=0,len=2,reason=the key is not locked)
23 12:35:20.647 [4]            10 : Failure(key=calculated,reason=the key is not locked)
23 12:35:20.647 [4]          8 : Failure(cursor=0,len=2,reason=the key is not locked)
23 12:35:20.647 [4]        7 : Running(cursor=1,len=2,running_child=1)
23 12:35:20.647 [4]          9 : Running(cursor=0,len=2,running_child=1)
23 12:35:21.201 [4]            custom: Calculated
23 12:35:21.202 [4]            12 : Success(guard=calculated)
23 12:35:21.202 [4]          9 : Running(cursor=1,len=2,running_child=1)
23 12:35:21.202 [4]            13 : Running()
23 12:35:21.202 [4]          9 : Running(cursor=1,len=2,running_child=1)
23 12:35:21.202 [4]        7 : Running(cursor=1,len=2,running_child=1)
23 12:35:21.202 [4]      4 : Running(cursor=0,len=1,running_child=0)
23 12:35:21.202 [4]    2 : Running(cursor=1,len=2,running_child=1)
23 12:35:21.202 [4]  1 : Running(cursor=0,len=1)
23 12:35:21.202 [5]  next tick
23 12:35:21.202 [5]    2 : Running(cursor=0,len=2,running_child=1)
23 12:35:21.202 [5]      3 : Running(cursor=0,len=2,reason=io: the key is expected to be a bool)
23 12:35:21.202 [5]        5 : Failure(key=calculated,reason=io: the key is expected to be a bool)
23 12:35:21.202 [5]      3 : Failure(cursor=0,len=2,reason=io: the key is expected to be a bool)
23 12:35:21.202 [5]    2 : Running(cursor=1,len=2,running_child=1)
23 12:35:21.202 [5]      4 : Running(cursor=0,len=1,running_child=0)
23 12:35:21.202 [5]        7 : Running(cursor=0,len=2,running_child=1)
23 12:35:21.202 [5]          8 : Running(cursor=0,len=2,reason=the key is not locked)
23 12:35:21.202 [5]            10 : Failure(key=calculated,reason=the key is not locked)
23 12:35:21.202 [5]          8 : Failure(cursor=0,len=2,reason=the key is not locked)
23 12:35:21.202 [5]        7 : Running(cursor=1,len=2,running_child=1)
23 12:35:21.202 [5]          9 : Running(cursor=0,len=2,running_child=1)
23 12:35:21.756 [5]            custom: Calculated
23 12:35:21.756 [5]            12 : Success(guard=calculated)
23 12:35:21.756 [5]          9 : Running(cursor=1,len=2,running_child=1)
23 12:35:21.757 [5]            13 : Running()
23 12:35:21.757 [5]          9 : Running(cursor=1,len=2,running_child=1)
23 12:35:21.757 [5]        7 : Running(cursor=1,len=2,running_child=1)
23 12:35:21.757 [5]      4 : Running(cursor=0,len=1,running_child=0)
23 12:35:21.757 [5]    2 : Running(cursor=1,len=2,running_child=1)
23 12:35:21.757 [5]  1 : Running(cursor=0,len=1)
23 12:35:21.757 [6]  next tick
23 12:35:21.757 [6]    2 : Running(cursor=0,len=2,running_child=1)
23 12:35:21.757 [6]      3 : Running(cursor=0,len=2,reason=io: the key is expected to be a bool)
23 12:35:21.757 [6]        5 : Failure(key=calculated,reason=io: the key is expected to be a bool)
23 12:35:21.757 [6]      3 : Failure(cursor=0,len=2,reason=io: the key is expected to be a bool)
23 12:35:21.757 [6]    2 : Running(cursor=1,len=2,running_child=1)
23 12:35:21.757 [6]      4 : Running(cursor=0,len=1,running_child=0)
23 12:35:21.757 [6]        7 : Running(cursor=0,len=2,running_child=1)
23 12:35:21.757 [6]          8 : Running(cursor=0,len=2,reason=the key is not locked)
23 12:35:21.757 [6]            10 : Failure(key=calculated,reason=the key is not locked)
23 12:35:21.757 [6]          8 : Failure(cursor=0,len=2,reason=the key is not locked)
23 12:35:21.757 [6]        7 : Running(cursor=1,len=2,running_child=1)
23 12:35:21.757 [6]          9 : Running(cursor=0,len=2,running_child=1)
23 12:35:22.310 [6]            custom: Calculated
23 12:35:22.311 [6]            12 : Success(guard=calculated)
23 12:35:22.311 [6]          9 : Running(cursor=1,len=2,running_child=1)
23 12:35:22.311 [6]            13 : Running()
23 12:35:22.311 [6]          9 : Running(cursor=1,len=2,running_child=1)
23 12:35:22.312 [6]        7 : Running(cursor=1,len=2,running_child=1)
23 12:35:22.312 [6]      4 : Running(cursor=0,len=1,running_child=0)
23 12:35:22.312 [6]    2 : Running(cursor=1,len=2,running_child=1)
23 12:35:22.312 [6]  1 : Running(cursor=0,len=1)
23 12:35:22.312 [7]  next tick
23 12:35:22.312 [7]    2 : Running(cursor=0,len=2,running_child=1)
23 12:35:22.312 [7]      3 : Running(cursor=0,len=2,reason=io: the key is expected to be a bool)
23 12:35:22.312 [7]        5 : Failure(key=calculated,reason=io: the key is expected to be a bool)
23 12:35:22.312 [7]      3 : Failure(cursor=0,len=2,reason=io: the key is expected to be a bool)
23 12:35:22.312 [7]    2 : Running(cursor=1,len=2,running_child=1)
23 12:35:22.312 [7]      4 : Running(cursor=0,len=1,running_child=0)
23 12:35:22.312 [7]        7 : Running(cursor=0,len=2,running_child=1)
23 12:35:22.312 [7]          8 : Running(cursor=0,len=2,reason=the key is not locked)
23 12:35:22.312 [7]            10 : Failure(key=calculated,reason=the key is not locked)
23 12:35:22.312 [7]          8 : Failure(cursor=0,len=2,reason=the key is not locked)
23 12:35:22.312 [7]        7 : Running(cursor=1,len=2,running_child=1)
23 12:35:22.312 [7]          9 : Running(cursor=0,len=2,running_child=1)
23 12:35:22.865 [7]            custom: Calculated
23 12:35:22.866 [7]            12 : Success(guard=calculated)
23 12:35:22.866 [7]          9 : Running(cursor=1,len=2,running_child=1)
23 12:35:22.866 [7]            13 : Running()
23 12:35:22.866 [7]          9 : Running(cursor=1,len=2,running_child=1)
23 12:35:22.866 [7]        7 : Running(cursor=1,len=2,running_child=1)
23 12:35:22.866 [7]      4 : Running(cursor=0,len=1,running_child=0)
23 12:35:22.866 [7]    2 : Running(cursor=1,len=2,running_child=1)
23 12:35:22.866 [7]  1 : Running(cursor=0,len=1)
23 12:35:22.866 [8]  next tick
23 12:35:22.866 [8]    2 : Running(cursor=0,len=2,running_child=1)
23 12:35:22.866 [8]      3 : Running(cursor=0,len=2,reason=io: the key is expected to be a bool)
23 12:35:22.866 [8]        5 : Failure(key=calculated,reason=io: the key is expected to be a bool)
23 12:35:22.866 [8]      3 : Failure(cursor=0,len=2,reason=io: the key is expected to be a bool)
23 12:35:22.866 [8]    2 : Running(cursor=1,len=2,running_child=1)
23 12:35:22.866 [8]      4 : Running(cursor=0,len=1,running_child=0)
23 12:35:22.866 [8]        7 : Running(cursor=0,len=2,running_child=1)
23 12:35:22.866 [8]          8 : Running(cursor=0,len=2,reason=the key is not locked)
23 12:35:22.866 [8]            10 : Failure(key=calculated,reason=the key is not locked)
23 12:35:22.866 [8]          8 : Failure(cursor=0,len=2,reason=the key is not locked)
23 12:35:22.866 [8]        7 : Running(cursor=1,len=2,running_child=1)
23 12:35:22.866 [8]          9 : Running(cursor=0,len=2,running_child=1)
23 12:35:23.419 [8]            custom: Calculated
23 12:35:23.420 [8]            12 : Success(guard=calculated)
23 12:35:23.420 [8]          9 : Running(cursor=1,len=2,running_child=1)
23 12:35:23.420 [8]            13 : Running()
23 12:35:23.420 [8]          9 : Running(cursor=1,len=2,running_child=1)
23 12:35:23.420 [8]        7 : Running(cursor=1,len=2,running_child=1)
23 12:35:23.420 [8]      4 : Running(cursor=0,len=1,running_child=0)
23 12:35:23.420 [8]    2 : Running(cursor=1,len=2,running_child=1)
23 12:35:23.420 [8]  1 : Running(cursor=0,len=1)
23 12:35:23.420 [9]  next tick
23 12:35:23.420 [9]    2 : Running(cursor=0,len=2,running_child=1)
23 12:35:23.420 [9]      3 : Running(cursor=0,len=2,reason=io: the key is expected to be a bool)
23 12:35:23.420 [9]        5 : Failure(key=calculated,reason=io: the key is expected to be a bool)
23 12:35:23.420 [9]      3 : Failure(cursor=0,len=2,reason=io: the key is expected to be a bool)
23 12:35:23.420 [9]    2 : Running(cursor=1,len=2,running_child=1)
23 12:35:23.420 [9]      4 : Running(cursor=0,len=1,running_child=0)
23 12:35:23.420 [9]        7 : Running(cursor=0,len=2,running_child=1)
23 12:35:23.421 [9]          8 : Running(cursor=0,len=2,reason=the key is not locked)
23 12:35:23.421 [9]            10 : Failure(key=calculated,reason=the key is not locked)
23 12:35:23.421 [9]          8 : Failure(cursor=0,len=2,reason=the key is not locked)
23 12:35:23.421 [9]        7 : Running(cursor=1,len=2,running_child=1)
23 12:35:23.421 [9]          9 : Running(cursor=0,len=2,running_child=1)
23 12:35:23.975 [9]            custom: Calculated
23 12:35:23.976 [9]            12 : Success(guard=calculated)
23 12:35:23.976 [9]          9 : Running(cursor=1,len=2,running_child=1)
23 12:35:23.976 [9]            13 : Running()
23 12:35:23.976 [9]          9 : Running(cursor=1,len=2,running_child=1)
23 12:35:23.976 [9]        7 : Running(cursor=1,len=2,running_child=1)
23 12:35:23.976 [9]      4 : Running(cursor=0,len=1,running_child=0)
23 12:35:23.976 [9]    2 : Running(cursor=1,len=2,running_child=1)
23 12:35:23.976 [9]  1 : Running(cursor=0,len=1)
23 12:35:23.976 [10]  next tick
23 12:35:23.976 [10]    2 : Running(cursor=0,len=2,running_child=1)
23 12:35:23.976 [10]      3 : Running(cursor=0,len=2,reason=io: the key is expected to be a bool)
23 12:35:23.976 [10]        5 : Failure(key=calculated,reason=io: the key is expected to be a bool)
23 12:35:23.976 [10]      3 : Failure(cursor=0,len=2,reason=io: the key is expected to be a bool)
23 12:35:23.976 [10]    2 : Running(cursor=1,len=2,running_child=1)
23 12:35:23.976 [10]      4 : Running(cursor=0,len=1,running_child=0)
23 12:35:23.976 [10]        7 : Running(cursor=0,len=2,running_child=1)
23 12:35:23.976 [10]          8 : Running(cursor=0,len=2,reason=the key is not locked)
23 12:35:23.976 [10]            10 : Failure(key=calculated,reason=the key is not locked)
23 12:35:23.976 [10]          8 : Failure(cursor=0,len=2,reason=the key is not locked)
23 12:35:23.976 [10]        7 : Running(cursor=1,len=2,running_child=1)
23 12:35:23.976 [10]          9 : Running(cursor=0,len=2,running_child=1)
23 12:35:24.529 [10]            custom: Calculated
23 12:35:24.530 [10]            12 : Success(guard=calculated)
23 12:35:24.530 [10]          9 : Running(cursor=1,len=2,running_child=1)
23 12:35:24.530 [10]            13 : Running()
23 12:35:24.530 [10]          9 : Running(cursor=1,len=2,running_child=1)
23 12:35:24.530 [10]        7 : Running(cursor=1,len=2,running_child=1)
23 12:35:24.530 [10]      4 : Running(cursor=0,len=1,running_child=0)
23 12:35:24.530 [10]    2 : Running(cursor=1,len=2,running_child=1)
23 12:35:24.530 [10]  1 : Running(cursor=0,len=1)
23 12:35:24.530 [11]  next tick
23 12:35:24.530 [11]    2 : Running(cursor=0,len=2,running_child=1)
23 12:35:24.530 [11]      3 : Running(cursor=0,len=2,reason=io: the key is expected to be a bool)
23 12:35:24.530 [11]        5 : Failure(key=calculated,reason=io: the key is expected to be a bool)
23 12:35:24.530 [11]      3 : Failure(cursor=0,len=2,reason=io: the key is expected to be a bool)
23 12:35:24.530 [11]    2 : Running(cursor=1,len=2,running_child=1)
23 12:35:24.530 [11]      4 : Running(cursor=0,len=1,running_child=0)
23 12:35:24.530 [11]        7 : Running(cursor=0,len=2,running_child=1)
23 12:35:24.530 [11]          8 : Running(cursor=0,len=2,reason=the key is not locked)
23 12:35:24.530 [11]            10 : Failure(key=calculated,reason=the key is not locked)
23 12:35:24.530 [11]          8 : Failure(cursor=0,len=2,reason=the key is not locked)
23 12:35:24.530 [11]        7 : Running(cursor=1,len=2,running_child=1)
23 12:35:24.530 [11]          9 : Running(cursor=0,len=2,running_child=1)
23 12:35:25.083 [11]            custom: Calculated
23 12:35:25.084 [11]            12 : Success(guard=calculated)
23 12:35:25.084 [11]          9 : Running(cursor=1,len=2,running_child=1)
23 12:35:25.084 [11]            13 : Running()
23 12:35:25.084 [11]          9 : Running(cursor=1,len=2,running_child=1)
23 12:35:25.084 [11]        7 : Running(cursor=1,len=2,running_child=1)
23 12:35:25.084 [11]      4 : Running(cursor=0,len=1,running_child=0)
23 12:35:25.084 [11]    2 : Running(cursor=1,len=2,running_child=1)
23 12:35:25.084 [11]  1 : Running(cursor=0,len=1)
23 12:35:25.084 [12]  next tick
23 12:35:25.084 [12]    2 : Running(cursor=0,len=2,running_child=1)
23 12:35:25.084 [12]      3 : Running(cursor=0,len=2,reason=io: the key is expected to be a bool)
23 12:35:25.084 [12]        5 : Failure(key=calculated,reason=io: the key is expected to be a bool)
23 12:35:25.084 [12]      3 : Failure(cursor=0,len=2,reason=io: the key is expected to be a bool)
23 12:35:25.084 [12]    2 : Running(cursor=1,len=2,running_child=1)
23 12:35:25.084 [12]      4 : Running(cursor=0,len=1,running_child=0)
23 12:35:25.084 [12]        7 : Running(cursor=0,len=2,running_child=1)
23 12:35:25.084 [12]          8 : Running(cursor=0,len=2,reason=the key is not locked)
23 12:35:25.084 [12]            10 : Failure(key=calculated,reason=the key is not locked)
23 12:35:25.084 [12]          8 : Failure(cursor=0,len=2,reason=the key is not locked)
23 12:35:25.084 [12]        7 : Running(cursor=1,len=2,running_child=1)
23 12:35:25.084 [12]          9 : Running(cursor=0,len=2,running_child=1)
23 12:35:25.639 [12]            custom: Calculated
23 12:35:25.640 [12]            12 : Success(guard=calculated)
23 12:35:25.640 [12]          9 : Running(cursor=1,len=2,running_child=1)
23 12:35:25.640 [12]            13 : Running()
23 12:35:25.640 [12]          9 : Running(cursor=1,len=2,running_child=1)
23 12:35:25.640 [12]        7 : Running(cursor=1,len=2,running_child=1)
23 12:35:25.640 [12]      4 : Running(cursor=0,len=1,running_child=0)
23 12:35:25.640 [12]    2 : Running(cursor=1,len=2,running_child=1)
23 12:35:25.640 [12]  1 : Running(cursor=0,len=1)
23 12:35:25.640 [13]  next tick
23 12:35:25.640 [13]    2 : Running(cursor=0,len=2,running_child=1)
23 12:35:25.640 [13]      3 : Running(cursor=0,len=2,reason=io: the key is expected to be a bool)
23 12:35:25.640 [13]        5 : Failure(key=calculated,reason=io: the key is expected to be a bool)
23 12:35:25.640 [13]      3 : Failure(cursor=0,len=2,reason=io: the key is expected to be a bool)
23 12:35:25.640 [13]    2 : Running(cursor=1,len=2,running_child=1)
23 12:35:25.640 [13]      4 : Running(cursor=0,len=1,running_child=0)
23 12:35:25.640 [13]        7 : Running(cursor=0,len=2,running_child=1)
23 12:35:25.640 [13]          8 : Running(cursor=0,len=2,reason=the key is not locked)
23 12:35:25.640 [13]            10 : Failure(key=calculated,reason=the key is not locked)
23 12:35:25.640 [13]          8 : Failure(cursor=0,len=2,reason=the key is not locked)
23 12:35:25.640 [13]        7 : Running(cursor=1,len=2,running_child=1)
23 12:35:25.640 [13]          9 : Running(cursor=0,len=2,running_child=1)
23 12:35:26.193 [13]            custom: Calculated
23 12:35:26.194 [13]            12 : Success(guard=calculated)
23 12:35:26.194 [13]          9 : Running(cursor=1,len=2,running_child=1)
23 12:35:26.194 [13]            13 : Running()
23 12:35:26.194 [13]          9 : Running(cursor=1,len=2,running_child=1)
23 12:35:26.194 [13]        7 : Running(cursor=1,len=2,running_child=1)
23 12:35:26.194 [13]      4 : Running(cursor=0,len=1,running_child=0)
23 12:35:26.194 [13]    2 : Running(cursor=1,len=2,running_child=1)
23 12:35:26.194 [13]  1 : Running(cursor=0,len=1)
23 12:35:26.194 [14]  next tick
23 12:35:26.194 [14]    2 : Running(cursor=0,len=2,running_child=1)
23 12:35:26.194 [14]      3 : Running(cursor=0,len=2,reason=io: the key is expected to be a bool)
23 12:35:26.194 [14]        5 : Failure(key=calculated,reason=io: the key is expected to be a bool)
23 12:35:26.194 [14]      3 : Failure(cursor=0,len=2,reason=io: the key is expected to be a bool)
23 12:35:26.194 [14]    2 : Running(cursor=1,len=2,running_child=1)
23 12:35:26.194 [14]      4 : Running(cursor=0,len=1,running_child=0)
23 12:35:26.194 [14]        7 : Running(cursor=0,len=2,running_child=1)
23 12:35:26.194 [14]          8 : Running(cursor=0,len=2,reason=the key is not locked)
23 12:35:26.194 [14]            10 : Failure(key=calculated,reason=the key is not locked)
23 12:35:26.194 [14]          8 : Failure(cursor=0,len=2,reason=the key is not locked)
23 12:35:26.194 [14]        7 : Running(cursor=1,len=2,running_child=1)
23 12:35:26.194 [14]          9 : Running(cursor=0,len=2,running_child=1)
23 12:35:26.749 [14]            custom: Calculated
23 12:35:26.750 [14]            12 : Success(guard=calculated)
23 12:35:26.750 [14]          9 : Running(cursor=1,len=2,running_child=1)
23 12:35:26.750 [14]            13 : Running()
23 12:35:26.750 [14]          9 : Running(cursor=1,len=2,running_child=1)
23 12:35:26.750 [14]        7 : Running(cursor=1,len=2,running_child=1)
23 12:35:26.750 [14]      4 : Running(cursor=0,len=1,running_child=0)
23 12:35:26.750 [14]    2 : Running(cursor=1,len=2,running_child=1)
23 12:35:26.750 [14]  1 : Running(cursor=0,len=1)
23 12:35:26.750 [15]  next tick
23 12:35:26.750 [15]    2 : Running(cursor=0,len=2,running_child=1)
23 12:35:26.750 [15]      3 : Running(cursor=0,len=2,reason=io: the key is expected to be a bool)
23 12:35:26.750 [15]        5 : Failure(key=calculated,reason=io: the key is expected to be a bool)
23 12:35:26.750 [15]      3 : Failure(cursor=0,len=2,reason=io: the key is expected to be a bool)
23 12:35:26.750 [15]    2 : Running(cursor=1,len=2,running_child=1)
23 12:35:26.750 [15]      4 : Running(cursor=0,len=1,running_child=0)
23 12:35:26.750 [15]        7 : Running(cursor=0,len=2,running_child=1)
23 12:35:26.750 [15]          8 : Running(cursor=0,len=2,reason=the key is not locked)
23 12:35:26.750 [15]            10 : Failure(key=calculated,reason=the key is not locked)
23 12:35:26.750 [15]          8 : Failure(cursor=0,len=2,reason=the key is not locked)
23 12:35:26.750 [15]        7 : Running(cursor=1,len=2,running_child=1)
23 12:35:26.750 [15]          9 : Running(cursor=0,len=2,running_child=1)
23 12:35:27.303 [15]            custom: Calculated
23 12:35:27.304 [15]            12 : Success(guard=calculated)
23 12:35:27.304 [15]          9 : Running(cursor=1,len=2,running_child=1)
23 12:35:27.304 [15]            13 : Running()
23 12:35:27.304 [15]          9 : Running(cursor=1,len=2,running_child=1)
23 12:35:27.304 [15]        7 : Running(cursor=1,len=2,running_child=1)
23 12:35:27.304 [15]      4 : Running(cursor=0,len=1,running_child=0)
23 12:35:27.304 [15]    2 : Running(cursor=1,len=2,running_child=1)
23 12:35:27.304 [15]  1 : Running(cursor=0,len=1)
23 12:35:27.304 [16]  next tick
23 12:35:27.304 [16]    2 : Running(cursor=0,len=2,running_child=1)
23 12:35:27.304 [16]      3 : Running(cursor=0,len=2,reason=io: the key is expected to be a bool)
23 12:35:27.304 [16]        5 : Failure(key=calculated,reason=io: the key is expected to be a bool)
23 12:35:27.304 [16]      3 : Failure(cursor=0,len=2,reason=io: the key is expected to be a bool)
23 12:35:27.304 [16]    2 : Running(cursor=1,len=2,running_child=1)
23 12:35:27.304 [16]      4 : Running(cursor=0,len=1,running_child=0)
23 12:35:27.304 [16]        7 : Running(cursor=0,len=2,running_child=1)
23 12:35:27.304 [16]          8 : Running(cursor=0,len=2,reason=the key is not locked)
23 12:35:27.304 [16]            10 : Failure(key=calculated,reason=the key is not locked)
23 12:35:27.304 [16]          8 : Failure(cursor=0,len=2,reason=the key is not locked)
23 12:35:27.304 [16]        7 : Running(cursor=1,len=2,running_child=1)
23 12:35:27.304 [16]          9 : Running(cursor=0,len=2,running_child=1)
23 12:35:27.858 [16]            custom: Calculated
23 12:35:27.859 [16]            12 : Success(guard=calculated)
23 12:35:27.859 [16]          9 : Running(cursor=1,len=2,running_child=1)
23 12:35:27.859 [16]            13 : Running()
23 12:35:27.859 [16]          9 : Running(cursor=1,len=2,running_child=1)
23 12:35:27.859 [16]        7 : Running(cursor=1,len=2,running_child=1)
23 12:35:27.859 [16]      4 : Running(cursor=0,len=1,running_child=0)
23 12:35:27.859 [16]    2 : Running(cursor=1,len=2,running_child=1)
23 12:35:27.859 [16]  1 : Running(cursor=0,len=1)
23 12:35:27.859 [17]  next tick
23 12:35:27.859 [17]    2 : Running(cursor=0,len=2,running_child=1)
23 12:35:27.859 [17]      3 : Running(cursor=0,len=2,reason=io: the key is expected to be a bool)
23 12:35:27.859 [17]        5 : Failure(key=calculated,reason=io: the key is expected to be a bool)
23 12:35:27.859 [17]      3 : Failure(cursor=0,len=2,reason=io: the key is expected to be a bool)
23 12:35:27.859 [17]    2 : Running(cursor=1,len=2,running_child=1)
23 12:35:27.859 [17]      4 : Running(cursor=0,len=1,running_child=0)
23 12:35:27.859 [17]        7 : Running(cursor=0,len=2,running_child=1)
23 12:35:27.859 [17]          8 : Running(cursor=0,len=2,reason=the key is not locked)
23 12:35:27.859 [17]            10 : Failure(key=calculated,reason=the key is not locked)
23 12:35:27.859 [17]          8 : Failure(cursor=0,len=2,reason=the key is not locked)
23 12:35:27.859 [17]        7 : Running(cursor=1,len=2,running_child=1)
23 12:35:27.859 [17]          9 : Running(cursor=0,len=2,running_child=1)
23 12:35:28.412 [17]            custom: Calculated
23 12:35:28.413 [17]            12 : Success(guard=calculated)
23 12:35:28.413 [17]          9 : Running(cursor=1,len=2,running_child=1)
23 12:35:28.413 [17]            13 : Running()
23 12:35:28.413 [17]          9 : Running(cursor=1,len=2,running_child=1)
23 12:35:28.413 [17]        7 : Running(cursor=1,len=2,running_child=1)
23 12:35:28.413 [17]      4 : Running(cursor=0,len=1,running_child=0)
23 12:35:28.413 [17]    2 : Running(cursor=1,len=2,running_child=1)
23 12:35:28.413 [17]  1 : Running(cursor=0,len=1)
23 12:35:28.413 [18]  next tick
23 12:35:28.413 [18]    2 : Running(cursor=0,len=2,running_child=1)
23 12:35:28.413 [18]      3 : Running(cursor=0,len=2,reason=io: the key is expected to be a bool)
23 12:35:28.413 [18]        5 : Failure(key=calculated,reason=io: the key is expected to be a bool)
23 12:35:28.413 [18]      3 : Failure(cursor=0,len=2,reason=io: the key is expected to be a bool)
23 12:35:28.413 [18]    2 : Running(cursor=1,len=2,running_child=1)
23 12:35:28.413 [18]      4 : Running(cursor=0,len=1,running_child=0)
23 12:35:28.413 [18]        7 : Running(cursor=0,len=2,running_child=1)
23 12:35:28.413 [18]          8 : Running(cursor=0,len=2,reason=the key is not locked)
23 12:35:28.413 [18]            10 : Failure(key=calculated,reason=the key is not locked)
23 12:35:28.413 [18]          8 : Failure(cursor=0,len=2,reason=the key is not locked)
23 12:35:28.413 [18]        7 : Running(cursor=1,len=2,running_child=1)
23 12:35:28.413 [18]          9 : Running(cursor=0,len=2,running_child=1)
23 12:35:28.966 [18]            custom: Calculated
23 12:35:28.967 [18]            12 : Success(guard=calculated)
23 12:35:28.967 [18]          9 : Running(cursor=1,len=2,running_child=1)
23 12:35:28.967 [18]            13 : Running()
23 12:35:28.967 [18]          9 : Running(cursor=1,len=2,running_child=1)
23 12:35:28.967 [18]        7 : Running(cursor=1,len=2,running_child=1)
23 12:35:28.967 [18]      4 : Running(cursor=0,len=1,running_child=0)
23 12:35:28.967 [18]    2 : Running(cursor=1,len=2,running_child=1)
23 12:35:28.967 [18]  1 : Running(cursor=0,len=1)
23 12:35:28.967 [19]  next tick
23 12:35:28.967 [19]    2 : Running(cursor=0,len=2,running_child=1)
23 12:35:28.967 [19]      3 : Running(cursor=0,len=2,reason=io: the key is expected to be a bool)
23 12:35:28.967 [19]        5 : Failure(key=calculated,reason=io: the key is expected to be a bool)
23 12:35:28.967 [19]      3 : Failure(cursor=0,len=2,reason=io: the key is expected to be a bool)
23 12:35:28.967 [19]    2 : Running(cursor=1,len=2,running_child=1)
23 12:35:28.967 [19]      4 : Running(cursor=0,len=1,running_child=0)
23 12:35:28.967 [19]        7 : Running(cursor=0,len=2,running_child=1)
23 12:35:28.967 [19]          8 : Running(cursor=0,len=2,reason=the key is not locked)
23 12:35:28.968 [19]            10 : Failure(key=calculated,reason=the key is not locked)
23 12:35:28.968 [19]          8 : Failure(cursor=0,len=2,reason=the key is not locked)
23 12:35:28.968 [19]        7 : Running(cursor=1,len=2,running_child=1)
23 12:35:28.968 [19]          9 : Running(cursor=0,len=2,running_child=1)
23 12:35:29.521 [19]            custom: Calculated
23 12:35:29.522 [19]            12 : Success(guard=calculated)
23 12:35:29.522 [19]          9 : Running(cursor=1,len=2,running_child=1)
23 12:35:29.522 [19]            13 : Running()
23 12:35:29.522 [19]          9 : Running(cursor=1,len=2,running_child=1)
23 12:35:29.522 [19]        7 : Running(cursor=1,len=2,running_child=1)
23 12:35:29.522 [19]      4 : Running(cursor=0,len=1,running_child=0)
23 12:35:29.522 [19]    2 : Running(cursor=1,len=2,running_child=1)
23 12:35:29.522 [19]  1 : Running(cursor=0,len=1)
23 12:35:29.522 [20]  next tick
23 12:35:29.522 [20]    2 : Running(cursor=0,len=2,running_child=1)
23 12:35:29.522 [20]      3 : Running(cursor=0,len=2,reason=io: the key is expected to be a bool)
23 12:35:29.522 [20]        5 : Failure(key=calculated,reason=io: the key is expected to be a bool)
23 12:35:29.522 [20]      3 : Failure(cursor=0,len=2,reason=io: the key is expected to be a bool)
23 12:35:29.522 [20]    2 : Running(cursor=1,len=2,running_child=1)
23 12:35:29.522 [20]      4 : Running(cursor=0,len=1,running_child=0)
23 12:35:29.522 [20]        7 : Running(cursor=0,len=2,running_child=1)
23 12:35:29.522 [20]          8 : Running(cursor=0,len=2,reason=the key is not locked)
23 12:35:29.522 [20]            10 : Failure(key=calculated,reason=the key is not locked)
23 12:35:29.522 [20]          8 : Failure(cursor=0,len=2,reason=the key is not locked)
23 12:35:29.522 [20]        7 : Running(cursor=1,len=2,running_child=1)
23 12:35:29.522 [20]          9 : Running(cursor=0,len=2,running_child=1)
23 12:35:30.075 [20]            custom: Calculated
23 12:35:30.076 [20]            12 : Success(guard=calculated)
23 12:35:30.076 [20]          9 : Running(cursor=1,len=2,running_child=1)
23 12:35:30.076 [20]            13 : Running()
23 12:35:30.076 [20]          9 : Running(cursor=1,len=2,running_child=1)
23 12:35:30.076 [20]        7 : Running(cursor=1,len=2,running_child=1)
23 12:35:30.076 [20]      4 : Running(cursor=0,len=1,running_child=0)
23 12:35:30.076 [20]    2 : Running(cursor=1,len=2,running_child=1)
23 12:35:30.076 [20]  1 : Running(cursor=0,len=1)
23 12:35:30.076 [21]  next tick
23 12:35:30.076 [21]    2 : Running(cursor=0,len=2,running_child=1)
23 12:35:30.076 [21]      3 : Running(cursor=0,len=2,reason=io: the key is expected to be a bool)
23 12:35:30.076 [21]        5 : Failure(key=calculated,reason=io: the key is expected to be a bool)
23 12:35:30.076 [21]      3 : Failure(cursor=0,len=2,reason=io: the key is expected to be a bool)
23 12:35:30.076 [21]    2 : Running(cursor=1,len=2,running_child=1)
23 12:35:30.076 [21]      4 : Running(cursor=0,len=1,running_child=0)
23 12:35:30.076 [21]        7 : Running(cursor=0,len=2,running_child=1)
23 12:35:30.076 [21]          8 : Running(cursor=0,len=2,reason=the key is not locked)
23 12:35:30.076 [21]            10 : Failure(key=calculated,reason=the key is not locked)
23 12:35:30.076 [21]          8 : Failure(cursor=0,len=2,reason=the key is not locked)
23 12:35:30.076 [21]        7 : Running(cursor=1,len=2,running_child=1)
23 12:35:30.076 [21]          9 : Running(cursor=0,len=2,running_child=1)
23 12:35:30.629 [21]            custom: Calculated
23 12:35:30.630 [21]            12 : Success(guard=calculated)
23 12:35:30.630 [21]          9 : Running(cursor=1,len=2,running_child=1)
23 12:35:30.630 [21]            13 : Running()
23 12:35:30.630 [21]          9 : Running(cursor=1,len=2,running_child=1)
23 12:35:30.630 [21]        7 : Running(cursor=1,len=2,running_child=1)
23 12:35:30.630 [21]      4 : Running(cursor=0,len=1,running_child=0)
23 12:35:30.630 [21]    2 : Running(cursor=1,len=2,running_child=1)
23 12:35:30.630 [21]  1 : Running(cursor=0,len=1)
23 12:35:30.630 [22]  next tick
23 12:35:30.630 [22]    2 : Running(cursor=0,len=2,running_child=1)
23 12:35:30.631 [22]      3 : Running(cursor=0,len=2,reason=io: the key is expected to be a bool)
23 12:35:30.631 [22]        5 : Failure(key=calculated,reason=io: the key is expected to be a bool)
23 12:35:30.631 [22]      3 : Failure(cursor=0,len=2,reason=io: the key is expected to be a bool)
23 12:35:30.631 [22]    2 : Running(cursor=1,len=2,running_child=1)
23 12:35:30.631 [22]      4 : Running(cursor=0,len=1,running_child=0)
23 12:35:30.631 [22]        7 : Running(cursor=0,len=2,running_child=1)
23 12:35:30.631 [22]          8 : Running(cursor=0,len=2,reason=the key is not locked)
23 12:35:30.631 [22]            10 : Failure(key=calculated,reason=the key is not locked)
23 12:35:30.631 [22]          8 : Failure(cursor=0,len=2,reason=the key is not locked)
23 12:35:30.631 [22]        7 : Running(cursor=1,len=2,running_child=1)
23 12:35:30.631 [22]          9 : Running(cursor=0,len=2,running_child=1)
23 12:35:31.183 [22]            custom: Calculated
23 12:35:31.184 [22]            12 : Success(guard=calculated)
23 12:35:31.184 [22]          9 : Running(cursor=1,len=2,running_child=1)
23 12:35:31.184 [22]            13 : Running()
23 12:35:31.184 [22]          9 : Running(cursor=1,len=2,running_child=1)
23 12:35:31.184 [22]        7 : Running(cursor=1,len=2,running_child=1)
23 12:35:31.184 [22]      4 : Running(cursor=0,len=1,running_child=0)
23 12:35:31.184 [22]    2 : Running(cursor=1,len=2,running_child=1)
23 12:35:31.184 [22]  1 : Running(cursor=0,len=1)
23 12:35:31.184 [23]  next tick
23 12:35:31.184 [23]    2 : Running(cursor=0,len=2,running_child=1)
23 12:35:31.184 [23]      3 : Running(cursor=0,len=2,reason=io: the key is expected to be a bool)
23 12:35:31.184 [23]        5 : Failure(key=calculated,reason=io: the key is expected to be a bool)
23 12:35:31.184 [23]      3 : Failure(cursor=0,len=2,reason=io: the key is expected to be a bool)
23 12:35:31.184 [23]    2 : Running(cursor=1,len=2,running_child=1)
23 12:35:31.184 [23]      4 : Running(cursor=0,len=1,running_child=0)
23 12:35:31.184 [23]        7 : Running(cursor=0,len=2,running_child=1)
23 12:35:31.184 [23]          8 : Running(cursor=0,len=2,reason=the key is not locked)
23 12:35:31.184 [23]            10 : Failure(key=calculated,reason=the key is not locked)
23 12:35:31.184 [23]          8 : Failure(cursor=0,len=2,reason=the key is not locked)
23 12:35:31.184 [23]        7 : Running(cursor=1,len=2,running_child=1)
23 12:35:31.184 [23]          9 : Running(cursor=0,len=2,running_child=1)
23 12:35:31.738 [23]            custom: Calculated
23 12:35:31.739 [23]            12 : Success(guard=calculated)
23 12:35:31.739 [23]          9 : Running(cursor=1,len=2,running_child=1)
23 12:35:31.739 [23]            13 : Running()
23 12:35:31.739 [23]          9 : Running(cursor=1,len=2,running_child=1)
23 12:35:31.739 [23]        7 : Running(cursor=1,len=2,running_child=1)
23 12:35:31.739 [23]      4 : Running(cursor=0,len=1,running_child=0)
23 12:35:31.739 [23]    2 : Running(cursor=1,len=2,running_child=1)
23 12:35:31.739 [23]  1 : Running(cursor=0,len=1)
23 12:35:31.739 [24]  next tick
23 12:35:31.739 [24]    2 : Running(cursor=0,len=2,running_child=1)
23 12:35:31.739 [24]      3 : Running(cursor=0,len=2,reason=io: the key is expected to be a bool)
23 12:35:31.739 [24]        5 : Failure(key=calculated,reason=io: the key is expected to be a bool)
23 12:35:31.739 [24]      3 : Failure(cursor=0,len=2,reason=io: the key is expected to be a bool)
23 12:35:31.739 [24]    2 : Running(cursor=1,len=2,running_child=1)
23 12:35:31.739 [24]      4 : Running(cursor=0,len=1,running_child=0)
23 12:35:31.739 [24]        7 : Running(cursor=0,len=2,running_child=1)
23 12:35:31.739 [24]          8 : Running(cursor=0,len=2,reason=the key is not locked)
23 12:35:31.739 [24]            10 : Failure(key=calculated,reason=the key is not locked)
23 12:35:31.739 [24]          8 : Failure(cursor=0,len=2,reason=the key is not locked)
23 12:35:31.739 [24]        7 : Running(cursor=1,len=2,running_child=1)
23 12:35:31.739 [24]          9 : Running(cursor=0,len=2,running_child=1)
23 12:35:32.292 [24]            custom: Calculated
23 12:35:32.294 [24]            12 : Success(guard=calculated)
23 12:35:32.294 [24]          9 : Running(cursor=1,len=2,running_child=1)
23 12:35:32.294 [24]            13 : Running()
23 12:35:32.294 [24]          9 : Running(cursor=1,len=2,running_child=1)
23 12:35:32.294 [24]        7 : Running(cursor=1,len=2,running_child=1)
23 12:35:32.294 [24]      4 : Running(cursor=0,len=1,running_child=0)
23 12:35:32.294 [24]    2 : Running(cursor=1,len=2,running_child=1)
23 12:35:32.294 [24]  1 : Running(cursor=0,len=1)
23 12:35:32.294 [25]  next tick
23 12:35:32.294 [25]    2 : Running(cursor=0,len=2,running_child=1)
23 12:35:32.294 [25]      3 : Running(cursor=0,len=2,reason=io: the key is expected to be a bool)
23 12:35:32.294 [25]        5 : Failure(key=calculated,reason=io: the key is expected to be a bool)
23 12:35:32.294 [25]      3 : Failure(cursor=0,len=2,reason=io: the key is expected to be a bool)
23 12:35:32.294 [25]    2 : Running(cursor=1,len=2,running_child=1)
23 12:35:32.294 [25]      4 : Running(cursor=0,len=1,running_child=0)
23 12:35:32.294 [25]        7 : Running(cursor=0,len=2,running_child=1)
23 12:35:32.294 [25]          8 : Running(cursor=0,len=2,reason=the key is not locked)
23 12:35:32.294 [25]            10 : Failure(key=calculated,reason=the key is not locked)
23 12:35:32.294 [25]          8 : Failure(cursor=0,len=2,reason=the key is not locked)
23 12:35:32.294 [25]        7 : Running(cursor=1,len=2,running_child=1)
23 12:35:32.294 [25]          9 : Running(cursor=0,len=2,running_child=1)
23 12:35:32.846 [25]            custom: Calculated
23 12:35:32.847 [25]            12 : Success(guard=calculated)
23 12:35:32.847 [25]          9 : Running(cursor=1,len=2,running_child=1)
23 12:35:32.847 [25]            13 : Running()
23 12:35:32.847 [25]          9 : Running(cursor=1,len=2,running_child=1)
23 12:35:32.847 [25]        7 : Running(cursor=1,len=2,running_child=1)
23 12:35:32.847 [25]      4 : Running(cursor=0,len=1,running_child=0)
23 12:35:32.847 [25]    2 : Running(cursor=1,len=2,running_child=1)
23 12:35:32.847 [25]  1 : Running(cursor=0,len=1)
23 12:35:32.847 [26]  next tick
23 12:35:32.847 [26]    2 : Running(cursor=0,len=2,running_child=1)
23 12:35:32.847 [26]      3 : Running(cursor=0,len=2,reason=io: the key is expected to be a bool)
23 12:35:32.847 [26]        5 : Failure(key=calculated,reason=io: the key is expected to be a bool)
23 12:35:32.847 [26]      3 : Failure(cursor=0,len=2,reason=io: the key is expected to be a bool)
23 12:35:32.847 [26]    2 : Running(cursor=1,len=2,running_child=1)
23 12:35:32.847 [26]      4 : Running(cursor=0,len=1,running_child=0)
23 12:35:32.847 [26]        7 : Running(cursor=0,len=2,running_child=1)
23 12:35:32.847 [26]          8 : Running(cursor=0,len=2,reason=the key is not locked)
23 12:35:32.847 [26]            10 : Failure(key=calculated,reason=the key is not locked)
23 12:35:32.847 [26]          8 : Failure(cursor=0,len=2,reason=the key is not locked)
23 12:35:32.847 [26]        7 : Running(cursor=1,len=2,running_child=1)
23 12:35:32.847 [26]          9 : Running(cursor=0,len=2,running_child=1)
23 12:35:33.400 [26]            custom: Calculated
23 12:35:33.401 [26]            12 : Success(guard=calculated)
23 12:35:33.401 [26]          9 : Running(cursor=1,len=2,running_child=1)
23 12:35:33.401 [26]            13 : Running()
23 12:35:33.401 [26]          9 : Running(cursor=1,len=2,running_child=1)
23 12:35:33.401 [26]        7 : Running(cursor=1,len=2,running_child=1)
23 12:35:33.401 [26]      4 : Running(cursor=0,len=1,running_child=0)
23 12:35:33.401 [26]    2 : Running(cursor=1,len=2,running_child=1)
23 12:35:33.401 [26]  1 : Running(cursor=0,len=1)
23 12:35:33.401 [27]  next tick
23 12:35:33.401 [27]    2 : Running(cursor=0,len=2,running_child=1)
23 12:35:33.401 [27]      3 : Running(cursor=0,len=2,reason=io: the key is expected to be a bool)
23 12:35:33.401 [27]        5 : Failure(key=calculated,reason=io: the key is expected to be a bool)
23 12:35:33.401 [27]      3 : Failure(cursor=0,len=2,reason=io: the key is expected to be a bool)
23 12:35:33.401 [27]    2 : Running(cursor=1,len=2,running_child=1)
23 12:35:33.401 [27]      4 : Running(cursor=0,len=1,running_child=0)
23 12:35:33.401 [27]        7 : Running(cursor=0,len=2,running_child=1)
23 12:35:33.401 [27]          8 : Running(cursor=0,len=2,reason=the key is not locked)
23 12:35:33.401 [27]            10 : Failure(key=calculated,reason=the key is not locked)
23 12:35:33.401 [27]          8 : Failure(cursor=0,len=2,reason=the key is not locked)
23 12:35:33.401 [27]        7 : Running(cursor=1,len=2,running_child=1)
23 12:35:33.401 [27]          9 : Running(cursor=0,len=2,running_child=1)
23 12:35:33.731 [27]            12 : Failure(guard=calculated,reason=io: reqwest::Error { kind: Request, url: "http://localhost:10000/calculate", source: hyper_util::client::legacy::Error(SendRequest, hyper::Error(IncompleteMessage)) })
23 12:35:33.731 [27]          9 : Failure(cursor=0,len=2,reason=io: reqwest::Error { kind: Request, url: "http://localhost:10000/calculate", source: hyper_util::client::legacy::Error(SendRequest, hyper::Error(IncompleteMessage)) })
23 12:35:33.731 [27]            13 : Halting()
23 12:35:33.731 [27]            13 : Ready()
23 12:35:33.731 [27]        7 : Failure(cursor=1,len=2,reason=io: reqwest::Error { kind: Request, url: "http://localhost:10000/calculate", source: hyper_util::client::legacy::Error(SendRequest, hyper::Error(IncompleteMessage)) })
23 12:35:33.731 [27]      4 : Failure(cursor=0,len=1,reason=io: reqwest::Error { kind: Request, url: "http://localhost:10000/calculate", source: hyper_util::client::legacy::Error(SendRequest, hyper::Error(IncompleteMessage)) })
23 12:35:33.731 [27]    2 : Failure(cursor=1,len=2,reason=io: reqwest::Error { kind: Request, url: "http://localhost:10000/calculate", source: hyper_util::client::legacy::Error(SendRequest, hyper::Error(IncompleteMessage)) })
23 12:35:33.731 [27]  1 : Running(cursor=0,len=1)
23 12:35:33.731 [27]  1 : Failure(cursor=0,len=1,reason=io: reqwest::Error { kind: Request, url: "http://localhost:10000/calculate", source: hyper_util::client::legacy::Error(SendRequest, hyper::Error(IncompleteMessage)) })
23 12:37:15.466 [1]  1 : Running(cursor=0,len=1)
23 12:37:15.466 [1]    2 : Running(cursor=0,len=2)
23 12:37:15.466 [1]      3 : Running(cursor=0,len=2)
23 12:37:15.466 [1]        5 : Failure(key=calculated,reason=io: the key is expected to be a bool)
23 12:37:15.466 [1]      3 : Failure(cursor=0,len=2,reason=io: the key is expected to be a bool)
23 12:37:15.466 [1]    2 : Running(cursor=1,len=2)
23 12:37:15.466 [1]      4 : Running(cursor=0,len=1)
23 12:37:15.466 [1]        7 : Running(cursor=0,len=2)
23 12:37:15.466 [1]          8 : Running(cursor=0,len=2)
23 12:37:15.466 [1]            10 : Failure(key=calculated,reason=the key is not locked)
23 12:37:15.466 [1]          8 : Failure(cursor=0,len=2,reason=the key is not locked)
23 12:37:15.466 [1]        7 : Running(cursor=1,len=2)
23 12:37:15.466 [1]          9 : Running(cursor=0,len=2)
23 12:37:16.021 [1]            custom: Calculated
23 12:37:16.022 [1]            12 : Success(guard=calculated)
23 12:37:16.022 [1]          9 : Running(cursor=1,len=2)
23 12:37:16.022 [1]            13 : Running()
23 12:37:16.022 [1]          9 : Running(cursor=1,len=2,running_child=1)
23 12:37:16.022 [1]        7 : Running(cursor=1,len=2,running_child=1)
23 12:37:16.023 [1]      4 : Running(cursor=0,len=1,running_child=0)
23 12:37:16.023 [1]    2 : Running(cursor=1,len=2,running_child=1)
23 12:37:16.023 [2]  next tick
23 12:37:16.023 [2]    2 : Running(cursor=0,len=2,running_child=1)
23 12:37:16.023 [2]      3 : Running(cursor=0,len=2,reason=io: the key is expected to be a bool)
23 12:37:16.023 [2]        5 : Failure(key=calculated,reason=io: the key is expected to be a bool)
23 12:37:16.023 [2]      3 : Failure(cursor=0,len=2,reason=io: the key is expected to be a bool)
23 12:37:16.023 [2]    2 : Running(cursor=1,len=2,running_child=1)
23 12:37:16.023 [2]      4 : Running(cursor=0,len=1,running_child=0)
23 12:37:16.023 [2]        7 : Running(cursor=0,len=2,running_child=1)
23 12:37:16.023 [2]          8 : Running(cursor=0,len=2,reason=the key is not locked)
23 12:37:16.023 [2]            10 : Failure(key=calculated,reason=the key is not locked)
23 12:37:16.023 [2]          8 : Failure(cursor=0,len=2,reason=the key is not locked)
23 12:37:16.023 [2]        7 : Running(cursor=1,len=2,running_child=1)
23 12:37:16.023 [2]          9 : Running(cursor=0,len=2,running_child=1)
23 12:37:16.577 [2]            custom: Calculated
23 12:37:16.578 [2]            12 : Success(guard=calculated)
23 12:37:16.578 [2]          9 : Running(cursor=1,len=2,running_child=1)
23 12:37:16.578 [2]            13 : Running()
23 12:37:16.578 [2]          9 : Running(cursor=1,len=2,running_child=1)
23 12:37:16.578 [2]        7 : Running(cursor=1,len=2,running_child=1)
23 12:37:16.578 [2]      4 : Running(cursor=0,len=1,running_child=0)
23 12:37:16.578 [2]    2 : Running(cursor=1,len=2,running_child=1)
23 12:37:16.578 [2]  1 : Running(cursor=0,len=1)
23 12:37:16.578 [3]  next tick
23 12:37:16.578 [3]    2 : Running(cursor=0,len=2,running_child=1)
23 12:37:16.578 [3]      3 : Running(cursor=0,len=2,reason=io: the key is expected to be a bool)
23 12:37:16.578 [3]        5 : Failure(key=calculated,reason=io: the key is expected to be a bool)
23 12:37:16.578 [3]      3 : Failure(cursor=0,len=2,reason=io: the key is expected to be a bool)
23 12:37:16.578 [3]    2 : Running(cursor=1,len=2,running_child=1)
23 12:37:16.578 [3]      4 : Running(cursor=0,len=1,running_child=0)
23 12:37:16.578 [3]        7 : Running(cursor=0,len=2,running_child=1)
23 12:37:16.578 [3]          8 : Running(cursor=0,len=2,reason=the key is not locked)
23 12:37:16.578 [3]            10 : Failure(key=calculated,reason=the key is not locked)
23 12:37:16.578 [3]          8 : Failure(cursor=0,len=2,reason=the key is not locked)
23 12:37:16.579 [3]        7 : Running(cursor=1,len=2,running_child=1)
23 12:37:16.579 [3]          9 : Running(cursor=0,len=2,running_child=1)
23 12:37:17.133 [3]            custom: Calculated
23 12:37:17.134 [3]            12 : Success(guard=calculated)
23 12:37:17.134 [3]          9 : Running(cursor=1,len=2,running_child=1)
23 12:37:17.134 [3]            13 : Running()
23 12:37:17.134 [3]          9 : Running(cursor=1,len=2,running_child=1)
23 12:37:17.134 [3]        7 : Running(cursor=1,len=2,running_child=1)
23 12:37:17.134 [3]      4 : Running(cursor=0,len=1,running_child=0)
23 12:37:17.134 [3]    2 : Running(cursor=1,len=2,running_child=1)
23 12:37:17.134 [3]  1 : Running(cursor=0,len=1)
23 12:37:17.134 [4]  next tick
23 12:37:17.134 [4]    2 : Running(cursor=0,len=2,running_child=1)
23 12:37:17.135 [4]      3 : Running(cursor=0,len=2,reason=io: the key is expected to be a bool)
23 12:37:17.135 [4]        5 : Failure(key=calculated,reason=io: the key is expected to be a bool)
23 12:37:17.135 [4]      3 : Failure(cursor=0,len=2,reason=io: the key is expected to be a bool)
23 12:37:17.135 [4]    2 : Running(cursor=1,len=2,running_child=1)
23 12:37:17.135 [4]      4 : Running(cursor=0,len=1,running_child=0)
23 12:37:17.135 [4]        7 : Running(cursor=0,len=2,running_child=1)
23 12:37:17.135 [4]          8 : Running(cursor=0,len=2,reason=the key is not locked)
23 12:37:17.135 [4]            10 : Failure(key=calculated,reason=the key is not locked)
23 12:37:17.135 [4]          8 : Failure(cursor=0,len=2,reason=the key is not locked)
23 12:37:17.135 [4]        7 : Running(cursor=1,len=2,running_child=1)
23 12:37:17.135 [4]          9 : Running(cursor=0,len=2,running_child=1)
23 12:37:17.689 [4]            custom: Calculated
23 12:37:17.690 [4]            12 : Success(guard=calculated)
23 12:37:17.690 [4]          9 : Running(cursor=1,len=2,running_child=1)
23 12:37:17.690 [4]            13 : Running()
23 12:37:17.690 [4]          9 : Running(cursor=1,len=2,running_child=1)
23 12:37:17.690 [4]        7 : Running(cursor=1,len=2,running_child=1)
23 12:37:17.690 [4]      4 : Running(cursor=0,len=1,running_child=0)
23 12:37:17.690 [4]    2 : Running(cursor=1,len=2,running_child=1)
23 12:37:17.690 [4]  1 : Running(cursor=0,len=1)
23 12:37:17.690 [5]  next tick
23 12:37:17.690 [5]    2 : Running(cursor=0,len=2,running_child=1)
23 12:37:17.690 [5]      3 : Running(cursor=0,len=2,reason=io: the key is expected to be a bool)
23 12:37:17.690 [5]        5 : Failure(key=calculated,reason=io: the key is expected to be a bool)
23 12:37:17.690 [5]      3 : Failure(cursor=0,len=2,reason=io: the key is expected to be a bool)
23 12:37:17.690 [5]    2 : Running(cursor=1,len=2,running_child=1)
23 12:37:17.690 [5]      4 : Running(cursor=0,len=1,running_child=0)
23 12:37:17.690 [5]        7 : Running(cursor=0,len=2,running_child=1)
23 12:37:17.691 [5]          8 : Running(cursor=0,len=2,reason=the key is not locked)
23 12:37:17.691 [5]            10 : Failure(key=calculated,reason=the key is not locked)
23 12:37:17.691 [5]          8 : Failure(cursor=0,len=2,reason=the key is not locked)
23 12:37:17.691 [5]        7 : Running(cursor=1,len=2,running_child=1)
23 12:37:17.691 [5]          9 : Running(cursor=0,len=2,running_child=1)
23 12:37:18.245 [5]            custom: Calculated
23 12:37:18.246 [5]            12 : Success(guard=calculated)
23 12:37:18.246 [5]          9 : Running(cursor=1,len=2,running_child=1)
23 12:37:18.246 [5]            13 : Running()
23 12:37:18.246 [5]          9 : Running(cursor=1,len=2,running_child=1)
23 12:37:18.246 [5]        7 : Running(cursor=1,len=2,running_child=1)
23 12:37:18.246 [5]      4 : Running(cursor=0,len=1,running_child=0)
23 12:37:18.246 [5]    2 : Running(cursor=1,len=2,running_child=1)
23 12:37:18.246 [5]  1 : Running(cursor=0,len=1)
23 12:37:18.246 [6]  next tick
23 12:37:18.246 [6]    2 : Running(cursor=0,len=2,running_child=1)
23 12:37:18.246 [6]      3 : Running(cursor=0,len=2,reason=io: the key is expected to be a bool)
23 12:37:18.246 [6]        5 : Failure(key=calculated,reason=io: the key is expected to be a bool)
23 12:37:18.246 [6]      3 : Failure(cursor=0,len=2,reason=io: the key is expected to be a bool)
23 12:37:18.246 [6]    2 : Running(cursor=1,len=2,running_child=1)
23 12:37:18.246 [6]      4 : Running(cursor=0,len=1,running_child=0)
23 12:37:18.246 [6]        7 : Running(cursor=0,len=2,running_child=1)
23 12:37:18.246 [6]          8 : Running(cursor=0,len=2,reason=the key is not locked)
23 12:37:18.246 [6]            10 : Failure(key=calculated,reason=the key is not locked)
23 12:37:18.246 [6]          8 : Failure(cursor=0,len=2,reason=the key is not locked)
23 12:37:18.246 [6]        7 : Running(cursor=1,len=2,running_child=1)
23 12:37:18.246 [6]          9 : Running(cursor=0,len=2,running_child=1)
23 12:37:18.800 [6]            custom: Calculated
23 12:37:18.801 [6]            12 : Success(guard=calculated)
23 12:37:18.801 [6]          9 : Running(cursor=1,len=2,running_child=1)
23 12:37:18.801 [6]            13 : Running()
23 12:37:18.801 [6]          9 : Running(cursor=1,len=2,running_child=1)
23 12:37:18.801 [6]        7 : Running(cursor=1,len=2,running_child=1)
23 12:37:18.801 [6]      4 : Running(cursor=0,len=1,running_child=0)
23 12:37:18.801 [6]    2 : Running(cursor=1,len=2,running_child=1)
23 12:37:18.801 [6]  1 : Running(cursor=0,len=1)
23 12:37:18.801 [7]  next tick
23 12:37:18.801 [7]    2 : Running(cursor=0,len=2,running_child=1)
23 12:37:18.801 [7]      3 : Running(cursor=0,len=2,reason=io: the key is expected to be a bool)
23 12:37:18.801 [7]        5 : Failure(key=calculated,reason=io: the key is expected to be a bool)
23 12:37:18.801 [7]      3 : Failure(cursor=0,len=2,reason=io: the key is expected to be a bool)
23 12:37:18.801 [7]    2 : Running(cursor=1,len=2,running_child=1)
23 12:37:18.801 [7]      4 : Running(cursor=0,len=1,running_child=0)
23 12:37:18.801 [7]        7 : Running(cursor=0,len=2,running_child=1)
23 12:37:18.801 [7]          8 : Running(cursor=0,len=2,reason=the key is not locked)
23 12:37:18.801 [7]            10 : Failure(key=calculated,reason=the key is not locked)
23 12:37:18.801 [7]          8 : Failure(cursor=0,len=2,reason=the key is not locked)
23 12:37:18.801 [7]        7 : Running(cursor=1,len=2,running_child=1)
23 12:37:18.801 [7]          9 : Running(cursor=0,len=2,running_child=1)
23 12:37:19.355 [7]            custom: Calculated
23 12:37:19.356 [7]            12 : Success(guard=calculated)
23 12:37:19.356 [7]          9 : Running(cursor=1,len=2,running_child=1)
23 12:37:19.356 [7]            13 : Running()
23 12:37:19.356 [7]          9 : Running(cursor=1,len=2,running_child=1)
23 12:37:19.356 [7]        7 : Running(cursor=1,len=2,running_child=1)
23 12:37:19.356 [7]      4 : Running(cursor=0,len=1,running_child=0)
23 12:37:19.356 [7]    2 : Running(cursor=1,len=2,running_child=1)
23 12:37:19.356 [7]  1 : Running(cursor=0,len=1)
23 12:37:19.356 [8]  next tick
23 12:37:19.356 [8]    2 : Running(cursor=0,len=2,running_child=1)
23 12:37:19.356 [8]      3 : Running(cursor=0,len=2,reason=io: the key is expected to be a bool)
23 12:37:19.357 [8]        5 : Failure(key=calculated,reason=io: the key is expected to be a bool)
23 12:37:19.357 [8]      3 : Failure(cursor=0,len=2,reason=io: the key is expected to be a bool)
23 12:37:19.357 [8]    2 : Running(cursor=1,len=2,running_child=1)
23 12:37:19.357 [8]      4 : Running(cursor=0,len=1,running_child=0)
23 12:37:19.357 [8]        7 : Running(cursor=0,len=2,running_child=1)
23 12:37:19.357 [8]          8 : Running(cursor=0,len=2,reason=the key is not locked)
23 12:37:19.357 [8]            10 : Failure(key=calculated,reason=the key is not locked)
23 12:37:19.357 [8]          8 : Failure(cursor=0,len=2,reason=the key is not locked)
23 12:37:19.357 [8]        7 : Running(cursor=1,len=2,running_child=1)
23 12:37:19.357 [8]          9 : Running(cursor=0,len=2,running_child=1)
23 12:37:19.911 [8]            custom: Calculated
23 12:37:19.912 [8]            12 : Success(guard=calculated)
23 12:37:19.912 [8]          9 : Running(cursor=1,len=2,running_child=1)
23 12:37:19.912 [8]            13 : Running()
23 12:37:19.912 [8]          9 : Running(cursor=1,len=2,running_child=1)
23 12:37:19.912 [8]        7 : Running(cursor=1,len=2,running_child=1)
23 12:37:19.912 [8]      4 : Running(cursor=0,len=1,running_child=0)
23 12:37:19.912 [8]    2 : Running(cursor=1,len=2,running_child=1)
23 12:37:19.912 [8]  1 : Running(cursor=0,len=1)
23 12:37:19.912 [9]  next tick
23 12:37:19.912 [9]    2 : Running(cursor=0,len=2,running_child=1)
23 12:37:19.912 [9]      3 : Running(cursor=0,len=2,reason=io: the key is expected to be a bool)
23 12:37:19.913 [9]        5 : Failure(key=calculated,reason=io: the key is expected to be a bool)
23 12:37:19.913 [9]      3 : Failure(cursor=0,len=2,reason=io: the key is expected to be a bool)
23 12:37:19.913 [9]    2 : Running(cursor=1,len=2,running_child=1)
23 12:37:19.913 [9]      4 : Running(cursor=0,len=1,running_child=0)
23 12:37:19.913 [9]        7 : Running(cursor=0,len=2,running_child=1)
23 12:37:19.913 [9]          8 : Running(cursor=0,len=2,reason=the key is not locked)
23 12:37:19.913 [9]            10 : Failure(key=calculated,reason=the key is not locked)
23 12:37:19.913 [9]          8 : Failure(cursor=0,len=2,reason=the key is not locked)
23 12:37:19.913 [9]        7 : Running(cursor=1,len=2,running_child=1)
23 12:37:19.913 [9]          9 : Running(cursor=0,len=2,running_child=1)
23 12:37:20.467 [9]            custom: Calculated
23 12:37:20.468 [9]            12 : Success(guard=calculated)
23 12:37:20.469 [9]          9 : Running(cursor=1,len=2,running_child=1)
23 12:37:20.469 [9]            13 : Running()
23 12:37:20.469 [9]          9 : Running(cursor=1,len=2,running_child=1)
23 12:37:20.470 [9]        7 : Running(cursor=1,len=2,running_child=1)
23 12:37:20.470 [9]      4 : Running(cursor=0,len=1,running_child=0)
23 12:37:20.470 [9]    2 : Running(cursor=1,len=2,running_child=1)
23 12:37:20.470 [9]  1 : Running(cursor=0,len=1)
23 12:37:20.470 [10]  next tick
23 12:37:20.470 [10]    2 : Running(cursor=0,len=2,running_child=1)
23 12:37:20.470 [10]      3 : Running(cursor=0,len=2,reason=io: the key is expected to be a bool)
23 12:37:20.470 [10]        5 : Failure(key=calculated,reason=io: the key is expected to be a bool)
23 12:37:20.470 [10]      3 : Failure(cursor=0,len=2,reason=io: the key is expected to be a bool)
23 12:37:20.470 [10]    2 : Running(cursor=1,len=2,running_child=1)
23 12:37:20.470 [10]      4 : Running(cursor=0,len=1,running_child=0)
23 12:37:20.470 [10]        7 : Running(cursor=0,len=2,running_child=1)
23 12:37:20.470 [10]          8 : Running(cursor=0,len=2,reason=the key is not locked)
23 12:37:20.470 [10]            10 : Failure(key=calculated,reason=the key is not locked)
23 12:37:20.470 [10]          8 : Failure(cursor=0,len=2,reason=the key is not locked)
23 12:37:20.470 [10]        7 : Running(cursor=1,len=2,running_child=1)
23 12:37:20.470 [10]          9 : Running(cursor=0,len=2,running_child=1)
23 12:37:21.024 [10]            custom: Calculated
23 12:37:21.025 [10]            12 : Success(guard=calculated)
23 12:37:21.025 [10]          9 : Running(cursor=1,len=2,running_child=1)
23 12:37:21.025 [10]            13 : Running()
23 12:37:21.025 [10]          9 : Running(cursor=1,len=2,running_child=1)
23 12:37:21.025 [10]        7 : Running(cursor=1,len=2,running_child=1)
23 12:37:21.025 [10]      4 : Running(cursor=0,len=1,running_child=0)
23 12:37:21.025 [10]    2 : Running(cursor=1,len=2,running_child=1)
23 12:37:21.025 [10]  1 : Running(cursor=0,len=1)
23 12:37:21.025 [11]  next tick
23 12:37:21.025 [11]    2 : Running(cursor=0,len=2,running_child=1)
23 12:37:21.025 [11]      3 : Running(cursor=0,len=2,reason=io: the key is expected to be a bool)
23 12:37:21.025 [11]        5 : Failure(key=calculated,reason=io: the key is expected to be a bool)
23 12:37:21.025 [11]      3 : Failure(cursor=0,len=2,reason=io: the key is expected to be a bool)
23 12:37:21.025 [11]    2 : Running(cursor=1,len=2,running_child=1)
23 12:37:21.025 [11]      4 : Running(cursor=0,len=1,running_child=0)
23 12:37:21.025 [11]        7 : Running(cursor=0,len=2,running_child=1)
23 12:37:21.025 [11]          8 : Running(cursor=0,len=2,reason=the key is not locked)
23 12:37:21.025 [11]            10 : Failure(key=calculated,reason=the key is not locked)
23 12:37:21.026 [11]          8 : Failure(cursor=0,len=2,reason=the key is not locked)
23 12:37:21.026 [11]        7 : Running(cursor=1,len=2,running_child=1)
23 12:37:21.026 [11]          9 : Running(cursor=0,len=2,running_child=1)
23 12:37:21.579 [11]            custom: Calculated
23 12:37:21.580 [11]            12 : Success(guard=calculated)
23 12:37:21.580 [11]          9 : Running(cursor=1,len=2,running_child=1)
23 12:37:21.580 [11]            13 : Running()
23 12:37:21.580 [11]          9 : Running(cursor=1,len=2,running_child=1)
23 12:37:21.580 [11]        7 : Running(cursor=1,len=2,running_child=1)
23 12:37:21.580 [11]      4 : Running(cursor=0,len=1,running_child=0)
23 12:37:21.580 [11]    2 : Running(cursor=1,len=2,running_child=1)
23 12:37:21.580 [11]  1 : Running(cursor=0,len=1)
23 12:37:21.580 [12]  next tick
23 12:37:21.580 [12]    2 : Running(cursor=0,len=2,running_child=1)
23 12:37:21.580 [12]      3 : Running(cursor=0,len=2,reason=io: the key is expected to be a bool)
23 12:37:21.580 [12]        5 : Failure(key=calculated,reason=io: the key is expected to be a bool)
23 12:37:21.580 [12]      3 : Failure(cursor=0,len=2,reason=io: the key is expected to be a bool)
23 12:37:21.580 [12]    2 : Running(cursor=1,len=2,running_child=1)
23 12:37:21.580 [12]      4 : Running(cursor=0,len=1,running_child=0)
23 12:37:21.580 [12]        7 : Running(cursor=0,len=2,running_child=1)
23 12:37:21.580 [12]          8 : Running(cursor=0,len=2,reason=the key is not locked)
23 12:37:21.581 [12]            10 : Failure(key=calculated,reason=the key is not locked)
23 12:37:21.581 [12]          8 : Failure(cursor=0,len=2,reason=the key is not locked)
23 12:37:21.581 [12]        7 : Running(cursor=1,len=2,running_child=1)
23 12:37:21.581 [12]          9 : Running(cursor=0,len=2,running_child=1)
23 12:37:22.137 [12]            custom: Calculated
23 12:37:22.138 [12]            12 : Success(guard=calculated)
23 12:37:22.138 [12]          9 : Running(cursor=1,len=2,running_child=1)
23 12:37:22.138 [12]            13 : Running()
23 12:37:22.138 [12]          9 : Running(cursor=1,len=2,running_child=1)
23 12:37:22.138 [12]        7 : Running(cursor=1,len=2,running_child=1)
23 12:37:22.138 [12]      4 : Running(cursor=0,len=1,running_child=0)
23 12:37:22.138 [12]    2 : Running(cursor=1,len=2,running_child=1)
23 12:37:22.138 [12]  1 : Running(cursor=0,len=1)
23 12:37:22.138 [13]  next tick
23 12:37:22.138 [13]    2 : Running(cursor=0,len=2,running_child=1)
23 12:37:22.138 [13]      3 : Running(cursor=0,len=2,reason=io: the key is expected to be a bool)
23 12:37:22.138 [13]        5 : Failure(key=calculated,reason=io: the key is expected to be a bool)
23 12:37:22.138 [13]      3 : Failure(cursor=0,len=2,reason=io: the key is expected to be a bool)
23 12:37:22.138 [13]    2 : Running(cursor=1,len=2,running_child=1)
23 12:37:22.138 [13]      4 : Running(cursor=0,len=1,running_child=0)
23 12:37:22.138 [13]        7 : Running(cursor=0,len=2,running_child=1)
23 12:37:22.138 [13]          8 : Running(cursor=0,len=2,reason=the key is not locked)
23 12:37:22.138 [13]            10 : Failure(key=calculated,reason=the key is not locked)
23 12:37:22.138 [13]          8 : Failure(cursor=0,len=2,reason=the key is not locked)
23 12:37:22.138 [13]        7 : Running(cursor=1,len=2,running_child=1)
23 12:37:22.138 [13]          9 : Running(cursor=0,len=2,running_child=1)
23 12:37:22.692 [13]            custom: Calculated
23 12:37:22.693 [13]            12 : Success(guard=calculated)
23 12:37:22.693 [13]          9 : Running(cursor=1,len=2,running_child=1)
23 12:37:22.693 [13]            13 : Running()
23 12:37:22.693 [13]          9 : Running(cursor=1,len=2,running_child=1)
23 12:37:22.693 [13]        7 : Running(cursor=1,len=2,running_child=1)
23 12:37:22.693 [13]      4 : Running(cursor=0,len=1,running_child=0)
23 12:37:22.693 [13]    2 : Running(cursor=1,len=2,running_child=1)
23 12:37:22.693 [13]  1 : Running(cursor=0,len=1)
23 12:37:22.693 [14]  next tick
23 12:37:22.693 [14]    2 : Running(cursor=0,len=2,running_child=1)
23 12:37:22.693 [14]      3 : Running(cursor=0,len=2,reason=io: the key is expected to be a bool)
23 12:37:22.693 [14]        5 : Failure(key=calculated,reason=io: the key is expected to be a bool)
23 12:37:22.693 [14]      3 : Failure(cursor=0,len=2,reason=io: the key is expected to be a bool)
23 12:37:22.693 [14]    2 : Running(cursor=1,len=2,running_child=1)
23 12:37:22.693 [14]      4 : Running(cursor=0,len=1,running_child=0)
23 12:37:22.693 [14]        7 : Running(cursor=0,len=2,running_child=1)
23 12:37:22.693 [14]          8 : Running(cursor=0,len=2,reason=the key is not locked)
23 12:37:22.693 [14]            10 : Failure(key=calculated,reason=the key is not locked)
23 12:37:22.693 [14]          8 : Failure(cursor=0,len=2,reason=the key is not locked)
23 12:37:22.693 [14]        7 : Running(cursor=1,len=2,running_child=1)
23 12:37:22.693 [14]          9 : Running(cursor=0,len=2,running_child=1)
23 12:37:23.247 [14]            custom: Calculated
23 12:37:23.248 [14]            12 : Success(guard=calculated)
23 12:37:23.248 [14]          9 : Running(cursor=1,len=2,running_child=1)
23 12:37:23.248 [14]            13 : Running()
23 12:37:23.248 [14]          9 : Running(cursor=1,len=2,running_child=1)
23 12:37:23.248 [14]        7 : Running(cursor=1,len=2,running_child=1)
23 12:37:23.248 [14]      4 : Running(cursor=0,len=1,running_child=0)
23 12:37:23.248 [14]    2 : Running(cursor=1,len=2,running_child=1)
23 12:37:23.248 [14]  1 : Running(cursor=0,len=1)
23 12:37:23.248 [15]  next tick
23 12:37:23.248 [15]    2 : Running(cursor=0,len=2,running_child=1)
23 12:37:23.248 [15]      3 : Running(cursor=0,len=2,reason=io: the key is expected to be a bool)
23 12:37:23.248 [15]        5 : Failure(key=calculated,reason=io: the key is expected to be a bool)
23 12:37:23.248 [15]      3 : Failure(cursor=0,len=2,reason=io: the key is expected to be a bool)
23 12:37:23.248 [15]    2 : Running(cursor=1,len=2,running_child=1)
23 12:37:23.248 [15]      4 : Running(cursor=0,len=1,running_child=0)
23 12:37:23.248 [15]        7 : Running(cursor=0,len=2,running_child=1)
23 12:37:23.248 [15]          8 : Running(cursor=0,len=2,reason=the key is not locked)
23 12:37:23.248 [15]            10 : Failure(key=calculated,reason=the key is not locked)
23 12:37:23.248 [15]          8 : Failure(cursor=0,len=2,reason=the key is not locked)
23 12:37:23.248 [15]        7 : Running(cursor=1,len=2,running_child=1)
23 12:37:23.248 [15]          9 : Running(cursor=0,len=2,running_child=1)
23 12:37:23.801 [15]            custom: Calculated
23 12:37:23.802 [15]            12 : Success(guard=calculated)
23 12:37:23.802 [15]          9 : Running(cursor=1,len=2,running_child=1)
23 12:37:23.802 [15]            13 : Running()
23 12:37:23.802 [15]          9 : Running(cursor=1,len=2,running_child=1)
23 12:37:23.802 [15]        7 : Running(cursor=1,len=2,running_child=1)
23 12:37:23.802 [15]      4 : Running(cursor=0,len=1,running_child=0)
23 12:37:23.802 [15]    2 : Running(cursor=1,len=2,running_child=1)
23 12:37:23.802 [15]  1 : Running(cursor=0,len=1)
23 12:37:23.802 [16]  next tick
23 12:37:23.802 [16]    2 : Running(cursor=0,len=2,running_child=1)
23 12:37:23.802 [16]      3 : Running(cursor=0,len=2,reason=io: the key is expected to be a bool)
23 12:37:23.802 [16]        5 : Failure(key=calculated,reason=io: the key is expected to be a bool)
23 12:37:23.802 [16]      3 : Failure(cursor=0,len=2,reason=io: the key is expected to be a bool)
23 12:37:23.802 [16]    2 : Running(cursor=1,len=2,running_child=1)
23 12:37:23.803 [16]      4 : Running(cursor=0,len=1,running_child=0)
23 12:37:23.803 [16]        7 : Running(cursor=0,len=2,running_child=1)
23 12:37:23.803 [16]          8 : Running(cursor=0,len=2,reason=the key is not locked)
23 12:37:23.803 [16]            10 : Failure(key=calculated,reason=the key is not locked)
23 12:37:23.803 [16]          8 : Failure(cursor=0,len=2,reason=the key is not locked)
23 12:37:23.803 [16]        7 : Running(cursor=1,len=2,running_child=1)
23 12:37:23.803 [16]          9 : Running(cursor=0,len=2,running_child=1)
23 12:37:24.357 [16]            custom: Calculated
23 12:37:24.358 [16]            12 : Success(guard=calculated)
23 12:37:24.358 [16]          9 : Running(cursor=1,len=2,running_child=1)
23 12:37:24.358 [16]            13 : Running()
23 12:37:24.358 [16]          9 : Running(cursor=1,len=2,running_child=1)
23 12:37:24.358 [16]        7 : Running(cursor=1,len=2,running_child=1)
23 12:37:24.358 [16]      4 : Running(cursor=0,len=1,running_child=0)
23 12:37:24.358 [16]    2 : Running(cursor=1,len=2,running_child=1)
23 12:37:24.358 [16]  1 : Running(cursor=0,len=1)
23 12:37:24.358 [17]  next tick
23 12:37:24.358 [17]    2 : Running(cursor=0,len=2,running_child=1)
23 12:37:24.358 [17]      3 : Running(cursor=0,len=2,reason=io: the key is expected to be a bool)
23 12:37:24.358 [17]        5 : Failure(key=calculated,reason=io: the key is expected to be a bool)
23 12:37:24.358 [17]      3 : Failure(cursor=0,len=2,reason=io: the key is expected to be a bool)
23 12:37:24.358 [17]    2 : Running(cursor=1,len=2,running_child=1)
23 12:37:24.358 [17]      4 : Running(cursor=0,len=1,running_child=0)
23 12:37:24.358 [17]        7 : Running(cursor=0,len=2,running_child=1)
23 12:37:24.358 [17]          8 : Running(cursor=0,len=2,reason=the key is not locked)
23 12:37:24.358 [17]            10 : Failure(key=calculated,reason=the key is not locked)
23 12:37:24.358 [17]          8 : Failure(cursor=0,len=2,reason=the key is not locked)
23 12:37:24.358 [17]        7 : Running(cursor=1,len=2,running_child=1)
23 12:37:24.358 [17]          9 : Running(cursor=0,len=2,running_child=1)
23 12:37:24.911 [17]            custom: Calculated
23 12:37:24.912 [17]            12 : Success(guard=calculated)
23 12:37:24.912 [17]          9 : Running(cursor=1,len=2,running_child=1)
23 12:37:24.912 [17]            13 : Running()
23 12:37:24.912 [17]          9 : Running(cursor=1,len=2,running_child=1)
23 12:37:24.912 [17]        7 : Running(cursor=1,len=2,running_child=1)
23 12:37:24.912 [17]      4 : Running(cursor=0,len=1,running_child=0)
23 12:37:24.912 [17]    2 : Running(cursor=1,len=2,running_child=1)
23 12:37:24.912 [17]  1 : Running(cursor=0,len=1)
23 12:37:24.912 [18]  next tick
23 12:37:24.912 [18]    2 : Running(cursor=0,len=2,running_child=1)
23 12:37:24.912 [18]      3 : Running(cursor=0,len=2,reason=io: the key is expected to be a bool)
23 12:37:24.912 [18]        5 : Failure(key=calculated,reason=io: the key is expected to be a bool)
23 12:37:24.912 [18]      3 : Failure(cursor=0,len=2,reason=io: the key is expected to be a bool)
23 12:37:24.912 [18]    2 : Running(cursor=1,len=2,running_child=1)
23 12:37:24.912 [18]      4 : Running(cursor=0,len=1,running_child=0)
23 12:37:24.912 [18]        7 : Running(cursor=0,len=2,running_child=1)
23 12:37:24.912 [18]          8 : Running(cursor=0,len=2,reason=the key is not locked)
23 12:37:24.912 [18]            10 : Failure(key=calculated,reason=the key is not locked)
23 12:37:24.912 [18]          8 : Failure(cursor=0,len=2,reason=the key is not locked)
23 12:37:24.912 [18]        7 : Running(cursor=1,len=2,running_child=1)
23 12:37:24.912 [18]          9 : Running(cursor=0,len=2,running_child=1)
23 12:37:25.466 [18]            custom: Calculated
23 12:37:25.467 [18]            12 : Success(guard=calculated)
23 12:37:25.467 [18]          9 : Running(cursor=1,len=2,running_child=1)
23 12:37:25.467 [18]            13 : Running()
23 12:37:25.467 [18]          9 : Running(cursor=1,len=2,running_child=1)
23 12:37:25.467 [18]        7 : Running(cursor=1,len=2,running_child=1)
23 12:37:25.467 [18]      4 : Running(cursor=0,len=1,running_child=0)
23 12:37:25.467 [18]    2 : Running(cursor=1,len=2,running_child=1)
23 12:37:25.467 [18]  1 : Running(cursor=0,len=1)
23 12:37:25.467 [19]  next tick
23 12:37:25.467 [19]    2 : Running(cursor=0,len=2,running_child=1)
23 12:37:25.467 [19]      3 : Running(cursor=0,len=2,reason=io: the key is expected to be a bool)
23 12:37:25.467 [19]        5 : Failure(key=calculated,reason=io: the key is expected to be a bool)
23 12:37:25.467 [19]      3 : Failure(cursor=0,len=2,reason=io: the key is expected to be a bool)
23 12:37:25.468 [19]    2 : Running(cursor=1,len=2,running_child=1)
23 12:37:25.468 [19]      4 : Running(cursor=0,len=1,running_child=0)
23 12:37:25.468 [19]        7 : Running(cursor=0,len=2,running_child=1)
23 12:37:25.468 [19]          8 : Running(cursor=0,len=2,reason=the key is not locked)
23 12:37:25.468 [19]            10 : Failure(key=calculated,reason=the key is not locked)
23 12:37:25.468 [19]          8 : Failure(cursor=0,len=2,reason=the key is not locked)
23 12:37:25.468 [19]        7 : Running(cursor=1,len=2,running_child=1)
23 12:37:25.468 [19]          9 : Running(cursor=0,len=2,running_child=1)
23 12:37:26.021 [19]            custom: Calculated
23 12:37:26.021 [19]            12 : Success(guard=calculated)
23 12:37:26.021 [19]          9 : Running(cursor=1,len=2,running_child=1)
23 12:37:26.021 [19]            13 : Running()
23 12:37:26.022 [19]          9 : Running(cursor=1,len=2,running_child=1)
23 12:37:26.022 [19]        7 : Running(cursor=1,len=2,running_child=1)
23 12:37:26.022 [19]      4 : Running(cursor=0,len=1,running_child=0)
23 12:37:26.022 [19]    2 : Running(cursor=1,len=2,running_child=1)
23 12:37:26.022 [19]  1 : Running(cursor=0,len=1)
23 12:37:26.022 [20]  next tick
23 12:37:26.022 [20]    2 : Running(cursor=0,len=2,running_child=1)
23 12:37:26.022 [20]      3 : Running(cursor=0,len=2,reason=io: the key is expected to be a bool)
23 12:37:26.022 [20]        5 : Failure(key=calculated,reason=io: the key is expected to be a bool)
23 12:37:26.022 [20]      3 : Failure(cursor=0,len=2,reason=io: the key is expected to be a bool)
23 12:37:26.022 [20]    2 : Running(cursor=1,len=2,running_child=1)
23 12:37:26.022 [20]      4 : Running(cursor=0,len=1,running_child=0)
23 12:37:26.022 [20]        7 : Running(cursor=0,len=2,running_child=1)
23 12:37:26.022 [20]          8 : Running(cursor=0,len=2,reason=the key is not locked)
23 12:37:26.022 [20]            10 : Failure(key=calculated,reason=the key is not locked)
23 12:37:26.022 [20]          8 : Failure(cursor=0,len=2,reason=the key is not locked)
23 12:37:26.022 [20]        7 : Running(cursor=1,len=2,running_child=1)
23 12:37:26.022 [20]          9 : Running(cursor=0,len=2,running_child=1)
23 12:37:26.575 [20]            custom: Calculated
23 12:37:26.576 [20]            12 : Success(guard=calculated)
23 12:37:26.576 [20]          9 : Running(cursor=1,len=2,running_child=1)
23 12:37:26.576 [20]            13 : Running()
23 12:37:26.576 [20]          9 : Running(cursor=1,len=2,running_child=1)
23 12:37:26.576 [20]        7 : Running(cursor=1,len=2,running_child=1)
23 12:37:26.576 [20]      4 : Running(cursor=0,len=1,running_child=0)
23 12:37:26.576 [20]    2 : Running(cursor=1,len=2,running_child=1)
23 12:37:26.576 [20]  1 : Running(cursor=0,len=1)
23 12:37:26.576 [21]  next tick
23 12:37:26.576 [21]    2 : Running(cursor=0,len=2,running_child=1)
23 12:37:26.576 [21]      3 : Running(cursor=0,len=2,reason=io: the key is expected to be a bool)
23 12:37:26.577 [21]        5 : Failure(key=calculated,reason=io: the key is expected to be a bool)
23 12:37:26.577 [21]      3 : Failure(cursor=0,len=2,reason=io: the key is expected to be a bool)
23 12:37:26.577 [21]    2 : Running(cursor=1,len=2,running_child=1)
23 12:37:26.577 [21]      4 : Running(cursor=0,len=1,running_child=0)
23 12:37:26.577 [21]        7 : Running(cursor=0,len=2,running_child=1)
23 12:37:26.577 [21]          8 : Running(cursor=0,len=2,reason=the key is not locked)
23 12:37:26.577 [21]            10 : Failure(key=calculated,reason=the key is not locked)
23 12:37:26.577 [21]          8 : Failure(cursor=0,len=2,reason=the key is not locked)
23 12:37:26.577 [21]        7 : Running(cursor=1,len=2,running_child=1)
23 12:37:26.577 [21]          9 : Running(cursor=0,len=2,running_child=1)
23 12:37:27.131 [21]            custom: Calculated
23 12:37:27.132 [21]            12 : Success(guard=calculated)
23 12:37:27.132 [21]          9 : Running(cursor=1,len=2,running_child=1)
23 12:37:27.132 [21]            13 : Running()
23 12:37:27.132 [21]          9 : Running(cursor=1,len=2,running_child=1)
23 12:37:27.132 [21]        7 : Running(cursor=1,len=2,running_child=1)
23 12:37:27.132 [21]      4 : Running(cursor=0,len=1,running_child=0)
23 12:37:27.132 [21]    2 : Running(cursor=1,len=2,running_child=1)
23 12:37:27.132 [21]  1 : Running(cursor=0,len=1)
23 12:37:27.132 [22]  next tick
23 12:37:27.132 [22]    2 : Running(cursor=0,len=2,running_child=1)
23 12:37:27.132 [22]      3 : Running(cursor=0,len=2,reason=io: the key is expected to be a bool)
23 12:37:27.132 [22]        5 : Failure(key=calculated,reason=io: the key is expected to be a bool)
23 12:37:27.132 [22]      3 : Failure(cursor=0,len=2,reason=io: the key is expected to be a bool)
23 12:37:27.132 [22]    2 : Running(cursor=1,len=2,running_child=1)
23 12:37:27.132 [22]      4 : Running(cursor=0,len=1,running_child=0)
23 12:37:27.132 [22]        7 : Running(cursor=0,len=2,running_child=1)
23 12:37:27.132 [22]          8 : Running(cursor=0,len=2,reason=the key is not locked)
23 12:37:27.132 [22]            10 : Failure(key=calculated,reason=the key is not locked)
23 12:37:27.132 [22]          8 : Failure(cursor=0,len=2,reason=the key is not locked)
23 12:37:27.132 [22]        7 : Running(cursor=1,len=2,running_child=1)
23 12:37:27.132 [22]          9 : Running(cursor=0,len=2,running_child=1)
23 12:37:27.686 [22]            custom: Calculated
23 12:37:27.687 [22]            12 : Success(guard=calculated)
23 12:37:27.687 [22]          9 : Running(cursor=1,len=2,running_child=1)
23 12:37:27.687 [22]            13 : Running()
23 12:37:27.687 [22]          9 : Running(cursor=1,len=2,running_child=1)
23 12:37:27.687 [22]        7 : Running(cursor=1,len=2,running_child=1)
23 12:37:27.687 [22]      4 : Running(cursor=0,len=1,running_child=0)
23 12:37:27.687 [22]    2 : Running(cursor=1,len=2,running_child=1)
23 12:37:27.687 [22]  1 : Running(cursor=0,len=1)
23 12:37:27.687 [23]  next tick
23 12:37:27.687 [23]    2 : Running(cursor=0,len=2,running_child=1)
23 12:37:27.687 [23]      3 : Running(cursor=0,len=2,reason=io: the key is expected to be a bool)
23 12:37:27.687 [23]        5 : Failure(key=calculated,reason=io: the key is expected to be a bool)
23 12:37:27.687 [23]      3 : Failure(cursor=0,len=2,reason=io: the key is expected to be a bool)
23 12:37:27.687 [23]    2 : Running(cursor=1,len=2,running_child=1)
23 12:37:27.687 [23]      4 : Running(cursor=0,len=1,running_child=0)
23 12:37:27.687 [23]        7 : Running(cursor=0,len=2,running_child=1)
23 12:37:27.687 [23]          8 : Running(cursor=0,len=2,reason=the key is not locked)
23 12:37:27.687 [23]            10 : Failure(key=calculated,reason=the key is not locked)
23 12:37:27.687 [23]          8 : Failure(cursor=0,len=2,reason=the key is not locked)
23 12:37:27.687 [23]        7 : Running(cursor=1,len=2,running_child=1)
23 12:37:27.687 [23]          9 : Running(cursor=0,len=2,running_child=1)
23 12:37:28.242 [23]            custom: Calculated
23 12:37:28.242 [23]            12 : Success(guard=calculated)
23 12:37:28.243 [23]          9 : Running(cursor=1,len=2,running_child=1)
23 12:37:28.243 [23]            13 : Running()
23 12:37:28.243 [23]          9 : Running(cursor=1,len=2,running_child=1)
23 12:37:28.243 [23]        7 : Running(cursor=1,len=2,running_child=1)
23 12:37:28.243 [23]      4 : Running(cursor=0,len=1,running_child=0)
23 12:37:28.243 [23]    2 : Running(cursor=1,len=2,running_child=1)
23 12:37:28.243 [23]  1 : Running(cursor=0,len=1)
23 12:37:28.243 [24]  next tick
23 12:37:28.243 [24]    2 : Running(cursor=0,len=2,running_child=1)
23 12:37:28.243 [24]      3 : Running(cursor=0,len=2,reason=io: the key is expected to be a bool)
23 12:37:28.243 [24]        5 : Failure(key=calculated,reason=io: the key is expected to be a bool)
23 12:37:28.243 [24]      3 : Failure(cursor=0,len=2,reason=io: the key is expected to be a bool)
23 12:37:28.243 [24]    2 : Running(cursor=1,len=2,running_child=1)
23 12:37:28.243 [24]      4 : Running(cursor=0,len=1,running_child=0)
23 12:37:28.243 [24]        7 : Running(cursor=0,len=2,running_child=1)
23 12:37:28.243 [24]          8 : Running(cursor=0,len=2,reason=the key is not locked)
23 12:37:28.243 [24]            10 : Failure(key=calculated,reason=the key is not locked)
23 12:37:28.243 [24]          8 : Failure(cursor=0,len=2,reason=the key is not locked)
23 12:37:28.243 [24]        7 : Running(cursor=1,len=2,running_child=1)
23 12:37:28.243 [24]          9 : Running(cursor=0,len=2,running_child=1)
23 12:37:28.797 [24]            custom: Calculated
23 12:37:28.798 [24]            12 : Success(guard=calculated)
23 12:37:28.798 [24]          9 : Running(cursor=1,len=2,running_child=1)
23 12:37:28.798 [24]            13 : Running()
23 12:37:28.798 [24]          9 : Running(cursor=1,len=2,running_child=1)
23 12:37:28.798 [24]        7 : Running(cursor=1,len=2,running_child=1)
23 12:37:28.798 [24]      4 : Running(cursor=0,len=1,running_child=0)
23 12:37:28.798 [24]    2 : Running(cursor=1,len=2,running_child=1)
23 12:37:28.798 [24]  1 : Running(cursor=0,len=1)
23 12:37:28.798 [25]  next tick
23 12:37:28.798 [25]    2 : Running(cursor=0,len=2,running_child=1)
23 12:37:28.798 [25]      3 : Running(cursor=0,len=2,reason=io: the key is expected to be a bool)
23 12:37:28.798 [25]        5 : Failure(key=calculated,reason=io: the key is expected to be a bool)
23 12:37:28.798 [25]      3 : Failure(cursor=0,len=2,reason=io: the key is expected to be a bool)
23 12:37:28.798 [25]    2 : Running(cursor=1,len=2,running_child=1)
23 12:37:28.798 [25]      4 : Running(cursor=0,len=1,running_child=0)
23 12:37:28.798 [25]        7 : Running(cursor=0,len=2,running_child=1)
23 12:37:28.798 [25]          8 : Running(cursor=0,len=2,reason=the key is not locked)
23 12:37:28.798 [25]            10 : Failure(key=calculated,reason=the key is not locked)
23 12:37:28.798 [25]          8 : Failure(cursor=0,len=2,reason=the key is not locked)
23 12:37:28.798 [25]        7 : Running(cursor=1,len=2,running_child=1)
23 12:37:28.798 [25]          9 : Running(cursor=0,len=2,running_child=1)
23 12:37:29.351 [25]            custom: Calculated
23 12:37:29.352 [25]            12 : Success(guard=calculated)
23 12:37:29.352 [25]          9 : Running(cursor=1,len=2,running_child=1)
23 12:37:29.352 [25]            13 : Running()
23 12:37:29.352 [25]          9 : Running(cursor=1,len=2,running_child=1)
23 12:37:29.352 [25]        7 : Running(cursor=1,len=2,running_child=1)
23 12:37:29.352 [25]      4 : Running(cursor=0,len=1,running_child=0)
23 12:37:29.352 [25]    2 : Running(cursor=1,len=2,running_child=1)
23 12:37:29.352 [25]  1 : Running(cursor=0,len=1)
23 12:37:29.352 [26]  next tick
23 12:37:29.352 [26]    2 : Running(cursor=0,len=2,running_child=1)
23 12:37:29.352 [26]      3 : Running(cursor=0,len=2,reason=io: the key is expected to be a bool)
23 12:37:29.352 [26]        5 : Failure(key=calculated,reason=io: the key is expected to be a bool)
23 12:37:29.352 [26]      3 : Failure(cursor=0,len=2,reason=io: the key is expected to be a bool)
23 12:37:29.352 [26]    2 : Running(cursor=1,len=2,running_child=1)
23 12:37:29.352 [26]      4 : Running(cursor=0,len=1,running_child=0)
23 12:37:29.352 [26]        7 : Running(cursor=0,len=2,running_child=1)
23 12:37:29.352 [26]          8 : Running(cursor=0,len=2,reason=the key is not locked)
23 12:37:29.352 [26]            10 : Failure(key=calculated,reason=the key is not locked)
23 12:37:29.352 [26]          8 : Failure(cursor=0,len=2,reason=the key is not locked)
23 12:37:29.352 [26]        7 : Running(cursor=1,len=2,running_child=1)
23 12:37:29.352 [26]          9 : Running(cursor=0,len=2,running_child=1)
23 12:37:29.907 [26]            custom: Calculated
23 12:37:29.908 [26]            12 : Success(guard=calculated)
23 12:37:29.908 [26]          9 : Running(cursor=1,len=2,running_child=1)
23 12:37:29.908 [26]            13 : Running()
23 12:37:29.908 [26]          9 : Running(cursor=1,len=2,running_child=1)
23 12:37:29.908 [26]        7 : Running(cursor=1,len=2,running_child=1)
23 12:37:29.908 [26]      4 : Running(cursor=0,len=1,running_child=0)
23 12:37:29.908 [26]    2 : Running(cursor=1,len=2,running_child=1)
23 12:37:29.908 [26]  1 : Running(cursor=0,len=1)
23 12:37:29.908 [27]  next tick
23 12:37:29.908 [27]    2 : Running(cursor=0,len=2,running_child=1)
23 12:37:29.908 [27]      3 : Running(cursor=0,len=2,reason=io: the key is expected to be a bool)
23 12:37:29.908 [27]        5 : Failure(key=calculated,reason=io: the key is expected to be a bool)
23 12:37:29.908 [27]      3 : Failure(cursor=0,len=2,reason=io: the key is expected to be a bool)
23 12:37:29.908 [27]    2 : Running(cursor=1,len=2,running_child=1)
23 12:37:29.908 [27]      4 : Running(cursor=0,len=1,running_child=0)
23 12:37:29.908 [27]        7 : Running(cursor=0,len=2,running_child=1)
23 12:37:29.908 [27]          8 : Running(cursor=0,len=2,reason=the key is not locked)
23 12:37:29.908 [27]            10 : Failure(key=calculated,reason=the key is not locked)
23 12:37:29.908 [27]          8 : Failure(cursor=0,len=2,reason=the key is not locked)
23 12:37:29.908 [27]        7 : Running(cursor=1,len=2,running_child=1)
23 12:37:29.908 [27]          9 : Running(cursor=0,len=2,running_child=1)
23 12:37:30.462 [27]            custom: Calculated
23 12:37:30.463 [27]            12 : Success(guard=calculated)
23 12:37:30.463 [27]          9 : Running(cursor=1,len=2,running_child=1)
23 12:37:30.463 [27]            13 : Running()
23 12:37:30.463 [27]          9 : Running(cursor=1,len=2,running_child=1)
23 12:37:30.463 [27]        7 : Running(cursor=1,len=2,running_child=1)
23 12:37:30.463 [27]      4 : Running(cursor=0,len=1,running_child=0)
23 12:37:30.463 [27]    2 : Running(cursor=1,len=2,running_child=1)
23 12:37:30.463 [27]  1 : Running(cursor=0,len=1)
23 12:37:30.463 [28]  next tick
23 12:37:30.463 [28]    2 : Running(cursor=0,len=2,running_child=1)
23 12:37:30.463 [28]      3 : Running(cursor=0,len=2,reason=io: the key is expected to be a bool)
23 12:37:30.463 [28]        5 : Failure(key=calculated,reason=io: the key is expected to be a bool)
23 12:37:30.463 [28]      3 : Failure(cursor=0,len=2,reason=io: the key is expected to be a bool)
23 12:37:30.463 [28]    2 : Running(cursor=1,len=2,running_child=1)
23 12:37:30.463 [28]      4 : Running(cursor=0,len=1,running_child=0)
23 12:37:30.463 [28]        7 : Running(cursor=0,len=2,running_child=1)
23 12:37:30.463 [28]          8 : Running(cursor=0,len=2,reason=the key is not locked)
23 12:37:30.463 [28]            10 : Failure(key=calculated,reason=the key is not locked)
23 12:37:30.463 [28]          8 : Failure(cursor=0,len=2,reason=the key is not locked)
23 12:37:30.463 [28]        7 : Running(cursor=1,len=2,running_child=1)
23 12:37:30.463 [28]          9 : Running(cursor=0,len=2,running_child=1)
23 12:37:31.017 [28]            custom: Calculated
23 12:37:31.018 [28]            12 : Success(guard=calculated)
23 12:37:31.018 [28]          9 : Running(cursor=1,len=2,running_child=1)
23 12:37:31.018 [28]            13 : Running()
23 12:37:31.018 [28]          9 : Running(cursor=1,len=2,running_child=1)
23 12:37:31.018 [28]        7 : Running(cursor=1,len=2,running_child=1)
23 12:37:31.018 [28]      4 : Running(cursor=0,len=1,running_child=0)
23 12:37:31.018 [28]    2 : Running(cursor=1,len=2,running_child=1)
23 12:37:31.018 [28]  1 : Running(cursor=0,len=1)
23 12:37:31.018 [29]  next tick
23 12:37:31.018 [29]    2 : Running(cursor=0,len=2,running_child=1)
23 12:37:31.018 [29]      3 : Running(cursor=0,len=2,reason=io: the key is expected to be a bool)
23 12:37:31.018 [29]        5 : Failure(key=calculated,reason=io: the key is expected to be a bool)
23 12:37:31.018 [29]      3 : Failure(cursor=0,len=2,reason=io: the key is expected to be a bool)
23 12:37:31.018 [29]    2 : Running(cursor=1,len=2,running_child=1)
23 12:37:31.018 [29]      4 : Running(cursor=0,len=1,running_child=0)
23 12:37:31.018 [29]        7 : Running(cursor=0,len=2,running_child=1)
23 12:37:31.018 [29]          8 : Running(cursor=0,len=2,reason=the key is not locked)
23 12:37:31.018 [29]            10 : Failure(key=calculated,reason=the key is not locked)
23 12:37:31.019 [29]          8 : Failure(cursor=0,len=2,reason=the key is not locked)
23 12:37:31.019 [29]        7 : Running(cursor=1,len=2,running_child=1)
23 12:37:31.019 [29]          9 : Running(cursor=0,len=2,running_child=1)
23 12:37:31.573 [29]            custom: Calculated
23 12:37:31.574 [29]            12 : Success(guard=calculated)
23 12:37:31.574 [29]          9 : Running(cursor=1,len=2,running_child=1)
23 12:37:31.574 [29]            13 : Running()
23 12:37:31.574 [29]          9 : Running(cursor=1,len=2,running_child=1)
23 12:37:31.574 [29]        7 : Running(cursor=1,len=2,running_child=1)
23 12:37:31.574 [29]      4 : Running(cursor=0,len=1,running_child=0)
23 12:37:31.574 [29]    2 : Running(cursor=1,len=2,running_child=1)
23 12:37:31.574 [29]  1 : Running(cursor=0,len=1)
23 12:37:31.574 [30]  next tick
23 12:37:31.574 [30]    2 : Running(cursor=0,len=2,running_child=1)
23 12:37:31.574 [30]      3 : Running(cursor=0,len=2,reason=io: the key is expected to be a bool)
23 12:37:31.574 [30]        5 : Failure(key=calculated,reason=io: the key is expected to be a bool)
23 12:37:31.574 [30]      3 : Failure(cursor=0,len=2,reason=io: the key is expected to be a bool)
23 12:37:31.574 [30]    2 : Running(cursor=1,len=2,running_child=1)
23 12:37:31.574 [30]      4 : Running(cursor=0,len=1,running_child=0)
23 12:37:31.574 [30]        7 : Running(cursor=0,len=2,running_child=1)
23 12:37:31.574 [30]          8 : Running(cursor=0,len=2,reason=the key is not locked)
23 12:37:31.574 [30]            10 : Failure(key=calculated,reason=the key is not locked)
23 12:37:31.574 [30]          8 : Failure(cursor=0,len=2,reason=the key is not locked)
23 12:37:31.574 [30]        7 : Running(cursor=1,len=2,running_child=1)
23 12:37:31.574 [30]          9 : Running(cursor=0,len=2,running_child=1)
23 12:37:32.129 [30]            custom: Calculated
23 12:37:32.130 [30]            12 : Success(guard=calculated)
23 12:37:32.130 [30]          9 : Running(cursor=1,len=2,running_child=1)
23 12:37:32.130 [30]            13 : Running()
23 12:37:32.130 [30]          9 : Running(cursor=1,len=2,running_child=1)
23 12:37:32.130 [30]        7 : Running(cursor=1,len=2,running_child=1)
23 12:37:32.130 [30]      4 : Running(cursor=0,len=1,running_child=0)
23 12:37:32.130 [30]    2 : Running(cursor=1,len=2,running_child=1)
23 12:37:32.130 [30]  1 : Running(cursor=0,len=1)
23 12:37:32.130 [31]  next tick
23 12:37:32.130 [31]    2 : Running(cursor=0,len=2,running_child=1)
23 12:37:32.130 [31]      3 : Running(cursor=0,len=2,reason=io: the key is expected to be a bool)
23 12:37:32.130 [31]        5 : Failure(key=calculated,reason=io: the key is expected to be a bool)
23 12:37:32.130 [31]      3 : Failure(cursor=0,len=2,reason=io: the key is expected to be a bool)
23 12:37:32.130 [31]    2 : Running(cursor=1,len=2,running_child=1)
23 12:37:32.130 [31]      4 : Running(cursor=0,len=1,running_child=0)
23 12:37:32.130 [31]        7 : Running(cursor=0,len=2,running_child=1)
23 12:37:32.130 [31]          8 : Running(cursor=0,len=2,reason=the key is not locked)
23 12:37:32.130 [31]            10 : Failure(key=calculated,reason=the key is not locked)
23 12:37:32.130 [31]          8 : Failure(cursor=0,len=2,reason=the key is not locked)
23 12:37:32.130 [31]        7 : Running(cursor=1,len=2,running_child=1)
23 12:37:32.130 [31]          9 : Running(cursor=0,len=2,running_child=1)
23 12:37:32.683 [31]            custom: Calculated
23 12:37:32.684 [31]            12 : Success(guard=calculated)
23 12:37:32.684 [31]          9 : Running(cursor=1,len=2,running_child=1)
23 12:37:32.684 [31]            13 : Running()
23 12:37:32.684 [31]          9 : Running(cursor=1,len=2,running_child=1)
23 12:37:32.684 [31]        7 : Running(cursor=1,len=2,running_child=1)
23 12:37:32.684 [31]      4 : Running(cursor=0,len=1,running_child=0)
23 12:37:32.684 [31]    2 : Running(cursor=1,len=2,running_child=1)
23 12:37:32.684 [31]  1 : Running(cursor=0,len=1)
23 12:37:32.684 [32]  next tick
23 12:37:32.684 [32]    2 : Running(cursor=0,len=2,running_child=1)
23 12:37:32.684 [32]      3 : Running(cursor=0,len=2,reason=io: the key is expected to be a bool)
23 12:37:32.684 [32]        5 : Failure(key=calculated,reason=io: the key is expected to be a bool)
23 12:37:32.684 [32]      3 : Failure(cursor=0,len=2,reason=io: the key is expected to be a bool)
23 12:37:32.684 [32]    2 : Running(cursor=1,len=2,running_child=1)
23 12:37:32.685 [32]      4 : Running(cursor=0,len=1,running_child=0)
23 12:37:32.685 [32]        7 : Running(cursor=0,len=2,running_child=1)
23 12:37:32.685 [32]          8 : Running(cursor=0,len=2,reason=the key is not locked)
23 12:37:32.685 [32]            10 : Failure(key=calculated,reason=the key is not locked)
23 12:37:32.685 [32]          8 : Failure(cursor=0,len=2,reason=the key is not locked)
23 12:37:32.685 [32]        7 : Running(cursor=1,len=2,running_child=1)
23 12:37:32.685 [32]          9 : Running(cursor=0,len=2,running_child=1)
23 12:37:33.238 [32]            custom: Calculated
23 12:37:33.239 [32]            12 : Success(guard=calculated)
23 12:37:33.239 [32]          9 : Running(cursor=1,len=2,running_child=1)
23 12:37:33.239 [32]            13 : Running()
23 12:37:33.239 [32]          9 : Running(cursor=1,len=2,running_child=1)
23 12:37:33.239 [32]        7 : Running(cursor=1,len=2,running_child=1)
23 12:37:33.239 [32]      4 : Running(cursor=0,len=1,running_child=0)
23 12:37:33.239 [32]    2 : Running(cursor=1,len=2,running_child=1)
23 12:37:33.239 [32]  1 : Running(cursor=0,len=1)
23 12:37:33.239 [33]  next tick
23 12:37:33.239 [33]    2 : Running(cursor=0,len=2,running_child=1)
23 12:37:33.239 [33]      3 : Running(cursor=0,len=2,reason=io: the key is expected to be a bool)
23 12:37:33.239 [33]        5 : Failure(key=calculated,reason=io: the key is expected to be a bool)
23 12:37:33.239 [33]      3 : Failure(cursor=0,len=2,reason=io: the key is expected to be a bool)
23 12:37:33.239 [33]    2 : Running(cursor=1,len=2,running_child=1)
23 12:37:33.239 [33]      4 : Running(cursor=0,len=1,running_child=0)
23 12:37:33.239 [33]        7 : Running(cursor=0,len=2,running_child=1)
23 12:37:33.239 [33]          8 : Running(cursor=0,len=2,reason=the key is not locked)
23 12:37:33.239 [33]            10 : Failure(key=calculated,reason=the key is not locked)
23 12:37:33.239 [33]          8 : Failure(cursor=0,len=2,reason=the key is not locked)
23 12:37:33.239 [33]        7 : Running(cursor=1,len=2,running_child=1)
23 12:37:33.239 [33]          9 : Running(cursor=0,len=2,running_child=1)
23 12:37:33.793 [33]            custom: Calculated
23 12:37:33.794 [33]            12 : Success(guard=calculated)
23 12:37:33.794 [33]          9 : Running(cursor=1,len=2,running_child=1)
23 12:37:33.794 [33]            13 : Running()
23 12:37:33.794 [33]          9 : Running(cursor=1,len=2,running_child=1)
23 12:37:33.794 [33]        7 : Running(cursor=1,len=2,running_child=1)
23 12:37:33.794 [33]      4 : Running(cursor=0,len=1,running_child=0)
23 12:37:33.794 [33]    2 : Running(cursor=1,len=2,running_child=1)
23 12:37:33.794 [33]  1 : Running(cursor=0,len=1)
23 12:37:33.794 [34]  next tick
23 12:37:33.794 [34]    2 : Running(cursor=0,len=2,running_child=1)
23 12:37:33.794 [34]      3 : Running(cursor=0,len=2,reason=io: the key is expected to be a bool)
23 12:37:33.794 [34]        5 : Failure(key=calculated,reason=io: the key is expected to be a bool)
23 12:37:33.794 [34]      3 : Failure(cursor=0,len=2,reason=io: the key is expected to be a bool)
23 12:37:33.795 [34]    2 : Running(cursor=1,len=2,running_child=1)
23 12:37:33.795 [34]      4 : Running(cursor=0,len=1,running_child=0)
23 12:37:33.795 [34]        7 : Running(cursor=0,len=2,running_child=1)
23 12:37:33.795 [34]          8 : Running(cursor=0,len=2,reason=the key is not locked)
23 12:37:33.795 [34]            10 : Failure(key=calculated,reason=the key is not locked)
23 12:37:33.795 [34]          8 : Failure(cursor=0,len=2,reason=the key is not locked)
23 12:37:33.795 [34]        7 : Running(cursor=1,len=2,running_child=1)
23 12:37:33.795 [34]          9 : Running(cursor=0,len=2,running_child=1)
23 12:37:34.349 [34]            custom: Calculated
23 12:37:34.350 [34]            12 : Success(guard=calculated)
23 12:37:34.350 [34]          9 : Running(cursor=1,len=2,running_child=1)
23 12:37:34.350 [34]            13 : Running()
23 12:37:34.350 [34]          9 : Running(cursor=1,len=2,running_child=1)
23 12:37:34.350 [34]        7 : Running(cursor=1,len=2,running_child=1)
23 12:37:34.350 [34]      4 : Running(cursor=0,len=1,running_child=0)
23 12:37:34.350 [34]    2 : Running(cursor=1,len=2,running_child=1)
23 12:37:34.350 [34]  1 : Running(cursor=0,len=1)
23 12:37:34.350 [35]  next tick
23 12:37:34.350 [35]    2 : Running(cursor=0,len=2,running_child=1)
23 12:37:34.350 [35]      3 : Running(cursor=0,len=2,reason=io: the key is expected to be a bool)
23 12:37:34.350 [35]        5 : Failure(key=calculated,reason=io: the key is expected to be a bool)
23 12:37:34.350 [35]      3 : Failure(cursor=0,len=2,reason=io: the key is expected to be a bool)
23 12:37:34.350 [35]    2 : Running(cursor=1,len=2,running_child=1)
23 12:37:34.350 [35]      4 : Running(cursor=0,len=1,running_child=0)
23 12:37:34.350 [35]        7 : Running(cursor=0,len=2,running_child=1)
23 12:37:34.350 [35]          8 : Running(cursor=0,len=2,reason=the key is not locked)
23 12:37:34.350 [35]            10 : Failure(key=calculated,reason=the key is not locked)
23 12:37:34.350 [35]          8 : Failure(cursor=0,len=2,reason=the key is not locked)
23 12:37:34.350 [35]        7 : Running(cursor=1,len=2,running_child=1)
23 12:37:34.350 [35]          9 : Running(cursor=0,len=2,running_child=1)
23 12:37:34.904 [35]            custom: Calculated
23 12:37:34.905 [35]            12 : Success(guard=calculated)
23 12:37:34.905 [35]          9 : Running(cursor=1,len=2,running_child=1)
23 12:37:34.905 [35]            13 : Running()
23 12:37:34.906 [35]          9 : Running(cursor=1,len=2,running_child=1)
23 12:37:34.906 [35]        7 : Running(cursor=1,len=2,running_child=1)
23 12:37:34.906 [35]      4 : Running(cursor=0,len=1,running_child=0)
23 12:37:34.906 [35]    2 : Running(cursor=1,len=2,running_child=1)
23 12:37:34.906 [35]  1 : Running(cursor=0,len=1)
23 12:37:34.906 [36]  next tick
23 12:37:34.906 [36]    2 : Running(cursor=0,len=2,running_child=1)
23 12:37:34.906 [36]      3 : Running(cursor=0,len=2,reason=io: the key is expected to be a bool)
23 12:37:34.906 [36]        5 : Failure(key=calculated,reason=io: the key is expected to be a bool)
23 12:37:34.906 [36]      3 : Failure(cursor=0,len=2,reason=io: the key is expected to be a bool)
23 12:37:34.906 [36]    2 : Running(cursor=1,len=2,running_child=1)
23 12:37:34.906 [36]      4 : Running(cursor=0,len=1,running_child=0)
23 12:37:34.906 [36]        7 : Running(cursor=0,len=2,running_child=1)
23 12:37:34.906 [36]          8 : Running(cursor=0,len=2,reason=the key is not locked)
23 12:37:34.906 [36]            10 : Failure(key=calculated,reason=the key is not locked)
23 12:37:34.906 [36]          8 : Failure(cursor=0,len=2,reason=the key is not locked)
23 12:37:34.906 [36]        7 : Running(cursor=1,len=2,running_child=1)
23 12:37:34.906 [36]          9 : Running(cursor=0,len=2,running_child=1)
23 12:37:35.460 [36]            custom: Calculated
23 12:37:35.461 [36]            12 : Success(guard=calculated)
23 12:37:35.461 [36]          9 : Running(cursor=1,len=2,running_child=1)
23 12:37:35.461 [36]            13 : Running()
23 12:37:35.461 [36]          9 : Running(cursor=1,len=2,running_child=1)
23 12:37:35.461 [36]        7 : Running(cursor=1,len=2,running_child=1)
23 12:37:35.461 [36]      4 : Running(cursor=0,len=1,running_child=0)
23 12:37:35.461 [36]    2 : Running(cursor=1,len=2,running_child=1)
23 12:37:35.461 [36]  1 : Running(cursor=0,len=1)
23 12:37:35.461 [37]  next tick
23 12:37:35.461 [37]    2 : Running(cursor=0,len=2,running_child=1)
23 12:37:35.461 [37]      3 : Running(cursor=0,len=2,reason=io: the key is expected to be a bool)
23 12:37:35.461 [37]        5 : Failure(key=calculated,reason=io: the key is expected to be a bool)
23 12:37:35.461 [37]      3 : Failure(cursor=0,len=2,reason=io: the key is expected to be a bool)
23 12:37:35.461 [37]    2 : Running(cursor=1,len=2,running_child=1)
23 12:37:35.461 [37]      4 : Running(cursor=0,len=1,running_child=0)
23 12:37:35.461 [37]        7 : Running(cursor=0,len=2,running_child=1)
23 12:37:35.461 [37]          8 : Running(cursor=0,len=2,reason=the key is not locked)
23 12:37:35.461 [37]            10 : Failure(key=calculated,reason=the key is not locked)
23 12:37:35.461 [37]          8 : Failure(cursor=0,len=2,reason=the key is not locked)
23 12:37:35.461 [37]        7 : Running(cursor=1,len=2,running_child=1)
23 12:37:35.461 [37]          9 : Running(cursor=0,len=2,running_child=1)
23 12:37:36.016 [37]            custom: Calculated
23 12:37:36.016 [37]            12 : Success(guard=calculated)
23 12:37:36.017 [37]          9 : Running(cursor=1,len=2,running_child=1)
23 12:37:36.017 [37]            13 : Running()
23 12:37:36.017 [37]          9 : Running(cursor=1,len=2,running_child=1)
23 12:37:36.017 [37]        7 : Running(cursor=1,len=2,running_child=1)
23 12:37:36.017 [37]      4 : Running(cursor=0,len=1,running_child=0)
23 12:37:36.017 [37]    2 : Running(cursor=1,len=2,running_child=1)
23 12:37:36.017 [37]  1 : Running(cursor=0,len=1)
23 12:37:36.017 [38]  next tick
23 12:37:36.017 [38]    2 : Running(cursor=0,len=2,running_child=1)
23 12:37:36.017 [38]      3 : Running(cursor=0,len=2,reason=io: the key is expected to be a bool)
23 12:37:36.017 [38]        5 : Failure(key=calculated,reason=io: the key is expected to be a bool)
23 12:37:36.017 [38]      3 : Failure(cursor=0,len=2,reason=io: the key is expected to be a bool)
23 12:37:36.017 [38]    2 : Running(cursor=1,len=2,running_child=1)
23 12:37:36.017 [38]      4 : Running(cursor=0,len=1,running_child=0)
23 12:37:36.017 [38]        7 : Running(cursor=0,len=2,running_child=1)
23 12:37:36.017 [38]          8 : Running(cursor=0,len=2,reason=the key is not locked)
23 12:37:36.017 [38]            10 : Failure(key=calculated,reason=the key is not locked)
23 12:37:36.017 [38]          8 : Failure(cursor=0,len=2,reason=the key is not locked)
23 12:37:36.017 [38]        7 : Running(cursor=1,len=2,running_child=1)
23 12:37:36.017 [38]          9 : Running(cursor=0,len=2,running_child=1)
23 12:37:36.571 [38]            custom: Calculated
23 12:37:36.572 [38]            12 : Success(guard=calculated)
23 12:37:36.572 [38]          9 : Running(cursor=1,len=2,running_child=1)
23 12:37:36.572 [38]            13 : Running()
23 12:37:36.572 [38]          9 : Running(cursor=1,len=2,running_child=1)
23 12:37:36.572 [38]        7 : Running(cursor=1,len=2,running_child=1)
23 12:37:36.572 [38]      4 : Running(cursor=0,len=1,running_child=0)
23 12:37:36.572 [38]    2 : Running(cursor=1,len=2,running_child=1)
23 12:37:36.572 [38]  1 : Running(cursor=0,len=1)
23 12:37:36.572 [39]  next tick
23 12:37:36.572 [39]    2 : Running(cursor=0,len=2,running_child=1)
23 12:37:36.572 [39]      3 : Running(cursor=0,len=2,reason=io: the key is expected to be a bool)
23 12:37:36.572 [39]        5 : Failure(key=calculated,reason=io: the key is expected to be a bool)
23 12:37:36.572 [39]      3 : Failure(cursor=0,len=2,reason=io: the key is expected to be a bool)
23 12:37:36.572 [39]    2 : Running(cursor=1,len=2,running_child=1)
23 12:37:36.572 [39]      4 : Running(cursor=0,len=1,running_child=0)
23 12:37:36.572 [39]        7 : Running(cursor=0,len=2,running_child=1)
23 12:37:36.572 [39]          8 : Running(cursor=0,len=2,reason=the key is not locked)
23 12:37:36.572 [39]            10 : Failure(key=calculated,reason=the key is not locked)
23 12:37:36.572 [39]          8 : Failure(cursor=0,len=2,reason=the key is not locked)
23 12:37:36.572 [39]        7 : Running(cursor=1,len=2,running_child=1)
23 12:37:36.572 [39]          9 : Running(cursor=0,len=2,running_child=1)
23 12:37:37.126 [39]            custom: Calculated
23 12:37:37.126 [39]            12 : Success(guard=calculated)
23 12:37:37.126 [39]          9 : Running(cursor=1,len=2,running_child=1)
23 12:37:37.126 [39]            13 : Running()
23 12:37:37.126 [39]          9 : Running(cursor=1,len=2,running_child=1)
23 12:37:37.126 [39]        7 : Running(cursor=1,len=2,running_child=1)
23 12:37:37.126 [39]      4 : Running(cursor=0,len=1,running_child=0)
23 12:37:37.126 [39]    2 : Running(cursor=1,len=2,running_child=1)
23 12:37:37.127 [39]  1 : Running(cursor=0,len=1)
23 12:37:37.127 [40]  next tick
23 12:37:37.127 [40]    2 : Running(cursor=0,len=2,running_child=1)
23 12:37:37.127 [40]      3 : Running(cursor=0,len=2,reason=io: the key is expected to be a bool)
23 12:37:37.127 [40]        5 : Failure(key=calculated,reason=io: the key is expected to be a bool)
23 12:37:37.127 [40]      3 : Failure(cursor=0,len=2,reason=io: the key is expected to be a bool)
23 12:37:37.127 [40]    2 : Running(cursor=1,len=2,running_child=1)
23 12:37:37.127 [40]      4 : Running(cursor=0,len=1,running_child=0)
23 12:37:37.127 [40]        7 : Running(cursor=0,len=2,running_child=1)
23 12:37:37.127 [40]          8 : Running(cursor=0,len=2,reason=the key is not locked)
23 12:37:37.127 [40]            10 : Failure(key=calculated,reason=the key is not locked)
23 12:37:37.127 [40]          8 : Failure(cursor=0,len=2,reason=the key is not locked)
23 12:37:37.127 [40]        7 : Running(cursor=1,len=2,running_child=1)
23 12:37:37.127 [40]          9 : Running(cursor=0,len=2,running_child=1)
23 12:37:37.680 [40]            custom: Calculated
23 12:37:37.681 [40]            12 : Success(guard=calculated)
23 12:37:37.681 [40]          9 : Running(cursor=1,len=2,running_child=1)
23 12:37:37.681 [40]            13 : Running()
23 12:37:37.681 [40]          9 : Running(cursor=1,len=2,running_child=1)
23 12:37:37.681 [40]        7 : Running(cursor=1,len=2,running_child=1)
23 12:37:37.681 [40]      4 : Running(cursor=0,len=1,running_child=0)
23 12:37:37.681 [40]    2 : Running(cursor=1,len=2,running_child=1)
23 12:37:37.681 [40]  1 : Running(cursor=0,len=1)
23 12:37:37.681 [41]  next tick
23 12:37:37.681 [41]    2 : Running(cursor=0,len=2,running_child=1)
23 12:37:37.681 [41]      3 : Running(cursor=0,len=2,reason=io: the key is expected to be a bool)
23 12:37:37.681 [41]        5 : Failure(key=calculated,reason=io: the key is expected to be a bool)
23 12:37:37.681 [41]      3 : Failure(cursor=0,len=2,reason=io: the key is expected to be a bool)
23 12:37:37.682 [41]    2 : Running(cursor=1,len=2,running_child=1)
23 12:37:37.682 [41]      4 : Running(cursor=0,len=1,running_child=0)
23 12:37:37.682 [41]        7 : Running(cursor=0,len=2,running_child=1)
23 12:37:37.682 [41]          8 : Running(cursor=0,len=2,reason=the key is not locked)
23 12:37:37.682 [41]            10 : Failure(key=calculated,reason=the key is not locked)
23 12:37:37.682 [41]          8 : Failure(cursor=0,len=2,reason=the key is not locked)
23 12:37:37.682 [41]        7 : Running(cursor=1,len=2,running_child=1)
23 12:37:37.682 [41]          9 : Running(cursor=0,len=2,running_child=1)
23 12:37:38.236 [41]            custom: Calculated
23 12:37:38.237 [41]            12 : Success(guard=calculated)
23 12:37:38.237 [41]          9 : Running(cursor=1,len=2,running_child=1)
23 12:37:38.237 [41]            13 : Running()
23 12:37:38.237 [41]          9 : Running(cursor=1,len=2,running_child=1)
23 12:37:38.237 [41]        7 : Running(cursor=1,len=2,running_child=1)
23 12:37:38.237 [41]      4 : Running(cursor=0,len=1,running_child=0)
23 12:37:38.237 [41]    2 : Running(cursor=1,len=2,running_child=1)
23 12:37:38.238 [41]  1 : Running(cursor=0,len=1)
23 12:37:38.238 [42]  next tick
23 12:37:38.238 [42]    2 : Running(cursor=0,len=2,running_child=1)
23 12:37:38.238 [42]      3 : Running(cursor=0,len=2,reason=io: the key is expected to be a bool)
23 12:37:38.238 [42]        5 : Failure(key=calculated,reason=io: the key is expected to be a bool)
23 12:37:38.238 [42]      3 : Failure(cursor=0,len=2,reason=io: the key is expected to be a bool)
23 12:37:38.238 [42]    2 : Running(cursor=1,len=2,running_child=1)
23 12:37:38.238 [42]      4 : Running(cursor=0,len=1,running_child=0)
23 12:37:38.238 [42]        7 : Running(cursor=0,len=2,running_child=1)
23 12:37:38.238 [42]          8 : Running(cursor=0,len=2,reason=the key is not locked)
23 12:37:38.238 [42]            10 : Failure(key=calculated,reason=the key is not locked)
23 12:37:38.238 [42]          8 : Failure(cursor=0,len=2,reason=the key is not locked)
23 12:37:38.238 [42]        7 : Running(cursor=1,len=2,running_child=1)
23 12:37:38.238 [42]          9 : Running(cursor=0,len=2,running_child=1)
23 12:37:38.792 [42]            custom: Calculated
23 12:37:38.793 [42]            12 : Success(guard=calculated)
23 12:37:38.793 [42]          9 : Running(cursor=1,len=2,running_child=1)
23 12:37:38.793 [42]            13 : Running()
23 12:37:38.793 [42]          9 : Running(cursor=1,len=2,running_child=1)
23 12:37:38.793 [42]        7 : Running(cursor=1,len=2,running_child=1)
23 12:37:38.793 [42]      4 : Running(cursor=0,len=1,running_child=0)
23 12:37:38.793 [42]    2 : Running(cursor=1,len=2,running_child=1)
23 12:37:38.793 [42]  1 : Running(cursor=0,len=1)
23 12:37:38.793 [43]  next tick
23 12:37:38.793 [43]    2 : Running(cursor=0,len=2,running_child=1)
23 12:37:38.793 [43]      3 : Running(cursor=0,len=2,reason=io: the key is expected to be a bool)
23 12:37:38.793 [43]        5 : Failure(key=calculated,reason=io: the key is expected to be a bool)
23 12:37:38.793 [43]      3 : Failure(cursor=0,len=2,reason=io: the key is expected to be a bool)
23 12:37:38.793 [43]    2 : Running(cursor=1,len=2,running_child=1)
23 12:37:38.793 [43]      4 : Running(cursor=0,len=1,running_child=0)
23 12:37:38.793 [43]        7 : Running(cursor=0,len=2,running_child=1)
23 12:37:38.793 [43]          8 : Running(cursor=0,len=2,reason=the key is not locked)
23 12:37:38.793 [43]            10 : Failure(key=calculated,reason=the key is not locked)
23 12:37:38.794 [43]          8 : Failure(cursor=0,len=2,reason=the key is not locked)
23 12:37:38.794 [43]        7 : Running(cursor=1,len=2,running_child=1)
23 12:37:38.794 [43]          9 : Running(cursor=0,len=2,running_child=1)
23 12:37:39.348 [43]            custom: Calculated
23 12:37:39.349 [43]            12 : Success(guard=calculated)
23 12:37:39.349 [43]          9 : Running(cursor=1,len=2,running_child=1)
23 12:37:39.349 [43]            13 : Running()
23 12:37:39.349 [43]          9 : Running(cursor=1,len=2,running_child=1)
23 12:37:39.349 [43]        7 : Running(cursor=1,len=2,running_child=1)
23 12:37:39.349 [43]      4 : Running(cursor=0,len=1,running_child=0)
23 12:37:39.349 [43]    2 : Running(cursor=1,len=2,running_child=1)
23 12:37:39.349 [43]  1 : Running(cursor=0,len=1)
23 12:37:39.349 [44]  next tick
23 12:37:39.349 [44]    2 : Running(cursor=0,len=2,running_child=1)
23 12:37:39.349 [44]      3 : Running(cursor=0,len=2,reason=io: the key is expected to be a bool)
23 12:37:39.349 [44]        5 : Failure(key=calculated,reason=io: the key is expected to be a bool)
23 12:37:39.349 [44]      3 : Failure(cursor=0,len=2,reason=io: the key is expected to be a bool)
23 12:37:39.349 [44]    2 : Running(cursor=1,len=2,running_child=1)
23 12:37:39.349 [44]      4 : Running(cursor=0,len=1,running_child=0)
23 12:37:39.349 [44]        7 : Running(cursor=0,len=2,running_child=1)
23 12:37:39.349 [44]          8 : Running(cursor=0,len=2,reason=the key is not locked)
23 12:37:39.349 [44]            10 : Failure(key=calculated,reason=the key is not locked)
23 12:37:39.349 [44]          8 : Failure(cursor=0,len=2,reason=the key is not locked)
23 12:37:39.349 [44]        7 : Running(cursor=1,len=2,running_child=1)
23 12:37:39.349 [44]          9 : Running(cursor=0,len=2,running_child=1)
23 12:37:39.904 [44]            custom: Calculated
23 12:37:39.905 [44]            12 : Success(guard=calculated)
23 12:37:39.905 [44]          9 : Running(cursor=1,len=2,running_child=1)
23 12:37:39.905 [44]            13 : Running()
23 12:37:39.905 [44]          9 : Running(cursor=1,len=2,running_child=1)
23 12:37:39.905 [44]        7 : Running(cursor=1,len=2,running_child=1)
23 12:37:39.905 [44]      4 : Running(cursor=0,len=1,running_child=0)
23 12:37:39.905 [44]    2 : Running(cursor=1,len=2,running_child=1)
23 12:37:39.905 [44]  1 : Running(cursor=0,len=1)
23 12:37:39.905 [45]  next tick
23 12:37:39.905 [45]    2 : Running(cursor=0,len=2,running_child=1)
23 12:37:39.905 [45]      3 : Running(cursor=0,len=2,reason=io: the key is expected to be a bool)
23 12:37:39.905 [45]        5 : Failure(key=calculated,reason=io: the key is expected to be a bool)
23 12:37:39.905 [45]      3 : Failure(cursor=0,len=2,reason=io: the key is expected to be a bool)
23 12:37:39.905 [45]    2 : Running(cursor=1,len=2,running_child=1)
23 12:37:39.905 [45]      4 : Running(cursor=0,len=1,running_child=0)
23 12:37:39.905 [45]        7 : Running(cursor=0,len=2,running_child=1)
23 12:37:39.905 [45]          8 : Running(cursor=0,len=2,reason=the key is not locked)
23 12:37:39.905 [45]            10 : Failure(key=calculated,reason=the key is not locked)
23 12:37:39.905 [45]          8 : Failure(cursor=0,len=2,reason=the key is not locked)
23 12:37:39.905 [45]        7 : Running(cursor=1,len=2,running_child=1)
23 12:37:39.905 [45]          9 : Running(cursor=0,len=2,running_child=1)
23 12:37:40.459 [45]            custom: Calculated
23 12:37:40.460 [45]            12 : Success(guard=calculated)
23 12:37:40.460 [45]          9 : Running(cursor=1,len=2,running_child=1)
23 12:37:40.460 [45]            13 : Running()
23 12:37:40.460 [45]          9 : Running(cursor=1,len=2,running_child=1)
23 12:37:40.460 [45]        7 : Running(cursor=1,len=2,running_child=1)
23 12:37:40.460 [45]      4 : Running(cursor=0,len=1,running_child=0)
23 12:37:40.460 [45]    2 : Running(cursor=1,len=2,running_child=1)
23 12:37:40.460 [45]  1 : Running(cursor=0,len=1)
23 12:37:40.460 [46]  next tick
23 12:37:40.460 [46]    2 : Running(cursor=0,len=2,running_child=1)
23 12:37:40.460 [46]      3 : Running(cursor=0,len=2,reason=io: the key is expected to be a bool)
23 12:37:40.460 [46]        5 : Failure(key=calculated,reason=io: the key is expected to be a bool)
23 12:37:40.460 [46]      3 : Failure(cursor=0,len=2,reason=io: the key is expected to be a bool)
23 12:37:40.460 [46]    2 : Running(cursor=1,len=2,running_child=1)
23 12:37:40.460 [46]      4 : Running(cursor=0,len=1,running_child=0)
23 12:37:40.460 [46]        7 : Running(cursor=0,len=2,running_child=1)
23 12:37:40.460 [46]          8 : Running(cursor=0,len=2,reason=the key is not locked)
23 12:37:40.460 [46]            10 : Failure(key=calculated,reason=the key is not locked)
23 12:37:40.460 [46]          8 : Failure(cursor=0,len=2,reason=the key is not locked)
23 12:37:40.460 [46]        7 : Running(cursor=1,len=2,running_child=1)
23 12:37:40.460 [46]          9 : Running(cursor=0,len=2,running_child=1)
23 12:37:41.014 [46]            custom: Calculated
23 12:37:41.015 [46]            12 : Success(guard=calculated)
23 12:37:41.015 [46]          9 : Running(cursor=1,len=2,running_child=1)
23 12:37:41.015 [46]            13 : Running()
23 12:37:41.015 [46]          9 : Running(cursor=1,len=2,running_child=1)
23 12:37:41.015 [46]        7 : Running(cursor=1,len=2,running_child=1)
23 12:37:41.015 [46]      4 : Running(cursor=0,len=1,running_child=0)
23 12:37:41.015 [46]    2 : Running(cursor=1,len=2,running_child=1)
23 12:37:41.015 [46]  1 : Running(cursor=0,len=1)
23 12:37:41.015 [47]  next tick
23 12:37:41.015 [47]    2 : Running(cursor=0,len=2,running_child=1)
23 12:37:41.015 [47]      3 : Running(cursor=0,len=2,reason=io: the key is expected to be a bool)
23 12:37:41.015 [47]        5 : Failure(key=calculated,reason=io: the key is expected to be a bool)
23 12:37:41.015 [47]      3 : Failure(cursor=0,len=2,reason=io: the key is expected to be a bool)
23 12:37:41.015 [47]    2 : Running(cursor=1,len=2,running_child=1)
23 12:37:41.015 [47]      4 : Running(cursor=0,len=1,running_child=0)
23 12:37:41.015 [47]        7 : Running(cursor=0,len=2,running_child=1)
23 12:37:41.015 [47]          8 : Running(cursor=0,len=2,reason=the key is not locked)
23 12:37:41.016 [47]            10 : Failure(key=calculated,reason=the key is not locked)
23 12:37:41.016 [47]          8 : Failure(cursor=0,len=2,reason=the key is not locked)
23 12:37:41.016 [47]        7 : Running(cursor=1,len=2,running_child=1)
23 12:37:41.016 [47]          9 : Running(cursor=0,len=2,running_child=1)
23 12:37:41.570 [47]            custom: Calculated
23 12:37:41.571 [47]            12 : Success(guard=calculated)
23 12:37:41.571 [47]          9 : Running(cursor=1,len=2,running_child=1)
23 12:37:41.571 [47]            13 : Running()
23 12:37:41.571 [47]          9 : Running(cursor=1,len=2,running_child=1)
23 12:37:41.571 [47]        7 : Running(cursor=1,len=2,running_child=1)
23 12:37:41.571 [47]      4 : Running(cursor=0,len=1,running_child=0)
23 12:37:41.571 [47]    2 : Running(cursor=1,len=2,running_child=1)
23 12:37:41.571 [47]  1 : Running(cursor=0,len=1)
23 12:37:41.571 [48]  next tick
23 12:37:41.571 [48]    2 : Running(cursor=0,len=2,running_child=1)
23 12:37:41.572 [48]      3 : Running(cursor=0,len=2,reason=io: the key is expected to be a bool)
23 12:37:41.572 [48]        5 : Failure(key=calculated,reason=io: the key is expected to be a bool)
23 12:37:41.572 [48]      3 : Failure(cursor=0,len=2,reason=io: the key is expected to be a bool)
23 12:37:41.572 [48]    2 : Running(cursor=1,len=2,running_child=1)
23 12:37:41.572 [48]      4 : Running(cursor=0,len=1,running_child=0)
23 12:37:41.572 [48]        7 : Running(cursor=0,len=2,running_child=1)
23 12:37:41.572 [48]          8 : Running(cursor=0,len=2,reason=the key is not locked)
23 12:37:41.572 [48]            10 : Failure(key=calculated,reason=the key is not locked)
23 12:37:41.572 [48]          8 : Failure(cursor=0,len=2,reason=the key is not locked)
23 12:37:41.572 [48]        7 : Running(cursor=1,len=2,running_child=1)
23 12:37:41.572 [48]          9 : Running(cursor=0,len=2,running_child=1)
23 12:37:42.125 [48]            custom: Calculated
23 12:37:42.126 [48]            12 : Success(guard=calculated)
23 12:37:42.127 [48]          9 : Running(cursor=1,len=2,running_child=1)
23 12:37:42.127 [48]            13 : Running()
23 12:37:42.127 [48]          9 : Running(cursor=1,len=2,running_child=1)
23 12:37:42.127 [48]        7 : Running(cursor=1,len=2,running_child=1)
23 12:37:42.127 [48]      4 : Running(cursor=0,len=1,running_child=0)
23 12:37:42.127 [48]    2 : Running(cursor=1,len=2,running_child=1)
23 12:37:42.127 [48]  1 : Running(cursor=0,len=1)
23 12:37:42.127 [49]  next tick
23 12:37:42.127 [49]    2 : Running(cursor=0,len=2,running_child=1)
23 12:37:42.127 [49]      3 : Running(cursor=0,len=2,reason=io: the key is expected to be a bool)
23 12:37:42.127 [49]        5 : Failure(key=calculated,reason=io: the key is expected to be a bool)
23 12:37:42.127 [49]      3 : Failure(cursor=0,len=2,reason=io: the key is expected to be a bool)
23 12:37:42.127 [49]    2 : Running(cursor=1,len=2,running_child=1)
23 12:37:42.127 [49]      4 : Running(cursor=0,len=1,running_child=0)
23 12:37:42.127 [49]        7 : Running(cursor=0,len=2,running_child=1)
23 12:37:42.127 [49]          8 : Running(cursor=0,len=2,reason=the key is not locked)
23 12:37:42.127 [49]            10 : Failure(key=calculated,reason=the key is not locked)
23 12:37:42.127 [49]          8 : Failure(cursor=0,len=2,reason=the key is not locked)
23 12:37:42.127 [49]        7 : Running(cursor=1,len=2,running_child=1)
23 12:37:42.127 [49]          9 : Running(cursor=0,len=2,running_child=1)
23 12:37:42.681 [49]            custom: Calculated
23 12:37:42.682 [49]            12 : Success(guard=calculated)
23 12:37:42.682 [49]          9 : Running(cursor=1,len=2,running_child=1)
23 12:37:42.682 [49]            13 : Running()
23 12:37:42.682 [49]          9 : Running(cursor=1,len=2,running_child=1)
23 12:37:42.682 [49]        7 : Running(cursor=1,len=2,running_child=1)
23 12:37:42.682 [49]      4 : Running(cursor=0,len=1,running_child=0)
23 12:37:42.682 [49]    2 : Running(cursor=1,len=2,running_child=1)
23 12:37:42.682 [49]  1 : Running(cursor=0,len=1)
23 12:37:42.683 [50]  next tick
23 12:37:42.683 [50]    2 : Running(cursor=0,len=2,running_child=1)
23 12:37:42.683 [50]      3 : Running(cursor=0,len=2,reason=io: the key is expected to be a bool)
23 12:37:42.683 [50]        5 : Failure(key=calculated,reason=io: the key is expected to be a bool)
23 12:37:42.683 [50]      3 : Failure(cursor=0,len=2,reason=io: the key is expected to be a bool)
23 12:37:42.683 [50]    2 : Running(cursor=1,len=2,running_child=1)
23 12:37:42.683 [50]      4 : Running(cursor=0,len=1,running_child=0)
23 12:37:42.683 [50]        7 : Running(cursor=0,len=2,running_child=1)
23 12:37:42.683 [50]          8 : Running(cursor=0,len=2,reason=the key is not locked)
23 12:37:42.683 [50]            10 : Failure(key=calculated,reason=the key is not locked)
23 12:37:42.683 [50]          8 : Failure(cursor=0,len=2,reason=the key is not locked)
23 12:37:42.683 [50]        7 : Running(cursor=1,len=2,running_child=1)
23 12:37:42.683 [50]          9 : Running(cursor=0,len=2,running_child=1)
23 12:37:43.237 [50]            custom: Calculated
23 12:37:43.238 [50]            12 : Success(guard=calculated)
23 12:37:43.238 [50]          9 : Running(cursor=1,len=2,running_child=1)
23 12:37:43.238 [50]            13 : Running()
23 12:37:43.238 [50]          9 : Running(cursor=1,len=2,running_child=1)
23 12:37:43.238 [50]        7 : Running(cursor=1,len=2,running_child=1)
23 12:37:43.238 [50]      4 : Running(cursor=0,len=1,running_child=0)
23 12:37:43.238 [50]    2 : Running(cursor=1,len=2,running_child=1)
23 12:37:43.238 [50]  1 : Running(cursor=0,len=1)
23 12:37:43.238 [51]  next tick
23 12:37:43.238 [51]    2 : Running(cursor=0,len=2,running_child=1)
23 12:37:43.238 [51]      3 : Running(cursor=0,len=2,reason=io: the key is expected to be a bool)
23 12:37:43.238 [51]        5 : Failure(key=calculated,reason=io: the key is expected to be a bool)
23 12:37:43.238 [51]      3 : Failure(cursor=0,len=2,reason=io: the key is expected to be a bool)
23 12:37:43.238 [51]    2 : Running(cursor=1,len=2,running_child=1)
23 12:37:43.238 [51]      4 : Running(cursor=0,len=1,running_child=0)
23 12:37:43.238 [51]        7 : Running(cursor=0,len=2,running_child=1)
23 12:37:43.238 [51]          8 : Running(cursor=0,len=2,reason=the key is not locked)
23 12:37:43.238 [51]            10 : Failure(key=calculated,reason=the key is not locked)
23 12:37:43.238 [51]          8 : Failure(cursor=0,len=2,reason=the key is not locked)
23 12:37:43.238 [51]        7 : Running(cursor=1,len=2,running_child=1)
23 12:37:43.238 [51]          9 : Running(cursor=0,len=2,running_child=1)
23 12:37:43.793 [51]            custom: Calculated
23 12:37:43.794 [51]            12 : Success(guard=calculated)
23 12:37:43.794 [51]          9 : Running(cursor=1,len=2,running_child=1)
23 12:37:43.794 [51]            13 : Running()
23 12:37:43.794 [51]          9 : Running(cursor=1,len=2,running_child=1)
23 12:37:43.794 [51]        7 : Running(cursor=1,len=2,running_child=1)
23 12:37:43.794 [51]      4 : Running(cursor=0,len=1,running_child=0)
23 12:37:43.795 [51]    2 : Running(cursor=1,len=2,running_child=1)
23 12:37:43.795 [51]  1 : Running(cursor=0,len=1)
23 12:37:43.795 [52]  next tick
23 12:37:43.795 [52]    2 : Running(cursor=0,len=2,running_child=1)
23 12:37:43.795 [52]      3 : Running(cursor=0,len=2,reason=io: the key is expected to be a bool)
23 12:37:43.795 [52]        5 : Failure(key=calculated,reason=io: the key is expected to be a bool)
23 12:37:43.795 [52]      3 : Failure(cursor=0,len=2,reason=io: the key is expected to be a bool)
23 12:37:43.795 [52]    2 : Running(cursor=1,len=2,running_child=1)
23 12:37:43.795 [52]      4 : Running(cursor=0,len=1,running_child=0)
23 12:37:43.795 [52]        7 : Running(cursor=0,len=2,running_child=1)
23 12:37:43.795 [52]          8 : Running(cursor=0,len=2,reason=the key is not locked)
23 12:37:43.795 [52]            10 : Failure(key=calculated,reason=the key is not locked)
23 12:37:43.795 [52]          8 : Failure(cursor=0,len=2,reason=the key is not locked)
23 12:37:43.795 [52]        7 : Running(cursor=1,len=2,running_child=1)
23 12:37:43.795 [52]          9 : Running(cursor=0,len=2,running_child=1)
23 12:37:44.349 [52]            custom: Calculated
23 12:37:44.350 [52]            12 : Success(guard=calculated)
23 12:37:44.350 [52]          9 : Running(cursor=1,len=2,running_child=1)
23 12:37:44.350 [52]            13 : Running()
23 12:37:44.350 [52]          9 : Running(cursor=1,len=2,running_child=1)
23 12:37:44.350 [52]        7 : Running(cursor=1,len=2,running_child=1)
23 12:37:44.350 [52]      4 : Running(cursor=0,len=1,running_child=0)
23 12:37:44.350 [52]    2 : Running(cursor=1,len=2,running_child=1)
23 12:37:44.350 [52]  1 : Running(cursor=0,len=1)
23 12:37:44.350 [53]  next tick
23 12:37:44.350 [53]    2 : Running(cursor=0,len=2,running_child=1)
23 12:37:44.350 [53]      3 : Running(cursor=0,len=2,reason=io: the key is expected to be a bool)
23 12:37:44.351 [53]        5 : Failure(key=calculated,reason=io: the key is expected to be a bool)
23 12:37:44.351 [53]      3 : Failure(cursor=0,len=2,reason=io: the key is expected to be a bool)
23 12:37:44.351 [53]    2 : Running(cursor=1,len=2,running_child=1)
23 12:37:44.351 [53]      4 : Running(cursor=0,len=1,running_child=0)
23 12:37:44.351 [53]        7 : Running(cursor=0,len=2,running_child=1)
23 12:37:44.351 [53]          8 : Running(cursor=0,len=2,reason=the key is not locked)
23 12:37:44.351 [53]            10 : Failure(key=calculated,reason=the key is not locked)
23 12:37:44.351 [53]          8 : Failure(cursor=0,len=2,reason=the key is not locked)
23 12:37:44.351 [53]        7 : Running(cursor=1,len=2,running_child=1)
23 12:37:44.351 [53]          9 : Running(cursor=0,len=2,running_child=1)
23 12:37:44.904 [53]            custom: Calculated
23 12:37:44.905 [53]            12 : Success(guard=calculated)
23 12:37:44.905 [53]          9 : Running(cursor=1,len=2,running_child=1)
23 12:37:44.905 [53]            13 : Running()
23 12:37:44.905 [53]          9 : Running(cursor=1,len=2,running_child=1)
23 12:37:44.905 [53]        7 : Running(cursor=1,len=2,running_child=1)
23 12:37:44.905 [53]      4 : Running(cursor=0,len=1,running_child=0)
23 12:37:44.905 [53]    2 : Running(cursor=1,len=2,running_child=1)
23 12:37:44.905 [53]  1 : Running(cursor=0,len=1)
23 12:37:44.905 [54]  next tick
23 12:37:44.905 [54]    2 : Running(cursor=0,len=2,running_child=1)
23 12:37:44.905 [54]      3 : Running(cursor=0,len=2,reason=io: the key is expected to be a bool)
23 12:37:44.905 [54]        5 : Failure(key=calculated,reason=io: the key is expected to be a bool)
23 12:37:44.905 [54]      3 : Failure(cursor=0,len=2,reason=io: the key is expected to be a bool)
23 12:37:44.905 [54]    2 : Running(cursor=1,len=2,running_child=1)
23 12:37:44.905 [54]      4 : Running(cursor=0,len=1,running_child=0)
23 12:37:44.905 [54]        7 : Running(cursor=0,len=2,running_child=1)
23 12:37:44.905 [54]          8 : Running(cursor=0,len=2,reason=the key is not locked)
23 12:37:44.905 [54]            10 : Failure(key=calculated,reason=the key is not locked)
23 12:37:44.905 [54]          8 : Failure(cursor=0,len=2,reason=the key is not locked)
23 12:37:44.905 [54]        7 : Running(cursor=1,len=2,running_child=1)
23 12:37:44.905 [54]          9 : Running(cursor=0,len=2,running_child=1)
23 12:37:45.459 [54]            custom: Calculated
23 12:37:45.460 [54]            12 : Success(guard=calculated)
23 12:37:45.460 [54]          9 : Running(cursor=1,len=2,running_child=1)
23 12:37:45.460 [54]            13 : Running()
23 12:37:45.460 [54]          9 : Running(cursor=1,len=2,running_child=1)
23 12:37:45.460 [54]        7 : Running(cursor=1,len=2,running_child=1)
23 12:37:45.460 [54]      4 : Running(cursor=0,len=1,running_child=0)
23 12:37:45.460 [54]    2 : Running(cursor=1,len=2,running_child=1)
23 12:37:45.460 [54]  1 : Running(cursor=0,len=1)
23 12:37:45.460 [55]  next tick
23 12:37:45.460 [55]    2 : Running(cursor=0,len=2,running_child=1)
23 12:37:45.460 [55]      3 : Running(cursor=0,len=2,reason=io: the key is expected to be a bool)
23 12:37:45.460 [55]        5 : Failure(key=calculated,reason=io: the key is expected to be a bool)
23 12:37:45.460 [55]      3 : Failure(cursor=0,len=2,reason=io: the key is expected to be a bool)
23 12:37:45.460 [55]    2 : Running(cursor=1,len=2,running_child=1)
23 12:37:45.460 [55]      4 : Running(cursor=0,len=1,running_child=0)
23 12:37:45.460 [55]        7 : Running(cursor=0,len=2,running_child=1)
23 12:37:45.460 [55]          8 : Running(cursor=0,len=2,reason=the key is not locked)
23 12:37:45.461 [55]            10 : Failure(key=calculated,reason=the key is not locked)
23 12:37:45.461 [55]          8 : Failure(cursor=0,len=2,reason=the key is not locked)
23 12:37:45.461 [55]        7 : Running(cursor=1,len=2,running_child=1)
23 12:37:45.461 [55]          9 : Running(cursor=0,len=2,running_child=1)
23 12:37:46.014 [55]            custom: Calculated
23 12:37:46.015 [55]            12 : Success(guard=calculated)
23 12:37:46.015 [55]          9 : Running(cursor=1,len=2,running_child=1)
23 12:37:46.015 [55]            13 : Running()
23 12:37:46.015 [55]          9 : Running(cursor=1,len=2,running_child=1)
23 12:37:46.015 [55]        7 : Running(cursor=1,len=2,running_child=1)
23 12:37:46.015 [55]      4 : Running(cursor=0,len=1,running_child=0)
23 12:37:46.015 [55]    2 : Running(cursor=1,len=2,running_child=1)
23 12:37:46.015 [55]  1 : Running(cursor=0,len=1)
23 12:37:46.015 [56]  next tick
23 12:37:46.015 [56]    2 : Running(cursor=0,len=2,running_child=1)
23 12:37:46.015 [56]      3 : Running(cursor=0,len=2,reason=io: the key is expected to be a bool)
23 12:37:46.015 [56]        5 : Failure(key=calculated,reason=io: the key is expected to be a bool)
23 12:37:46.015 [56]      3 : Failure(cursor=0,len=2,reason=io: the key is expected to be a bool)
23 12:37:46.015 [56]    2 : Running(cursor=1,len=2,running_child=1)
23 12:37:46.015 [56]      4 : Running(cursor=0,len=1,running_child=0)
23 12:37:46.015 [56]        7 : Running(cursor=0,len=2,running_child=1)
23 12:37:46.015 [56]          8 : Running(cursor=0,len=2,reason=the key is not locked)
23 12:37:46.015 [56]            10 : Failure(key=calculated,reason=the key is not locked)
23 12:37:46.015 [56]          8 : Failure(cursor=0,len=2,reason=the key is not locked)
23 12:37:46.015 [56]        7 : Running(cursor=1,len=2,running_child=1)
23 12:37:46.015 [56]          9 : Running(cursor=0,len=2,running_child=1)
23 12:37:46.570 [56]            custom: Calculated
23 12:37:46.571 [56]            12 : Success(guard=calculated)
23 12:37:46.571 [56]          9 : Running(cursor=1,len=2,running_child=1)
23 12:37:46.571 [56]            13 : Running()
23 12:37:46.571 [56]          9 : Running(cursor=1,len=2,running_child=1)
23 12:37:46.571 [56]        7 : Running(cursor=1,len=2,running_child=1)
23 12:37:46.571 [56]      4 : Running(cursor=0,len=1,running_child=0)
23 12:37:46.571 [56]    2 : Running(cursor=1,len=2,running_child=1)
23 12:37:46.571 [56]  1 : Running(cursor=0,len=1)
23 12:37:46.571 [57]  next tick
23 12:37:46.571 [57]    2 : Running(cursor=0,len=2,running_child=1)
23 12:37:46.571 [57]      3 : Running(cursor=0,len=2,reason=io: the key is expected to be a bool)
23 12:37:46.571 [57]        5 : Failure(key=calculated,reason=io: the key is expected to be a bool)
23 12:37:46.571 [57]      3 : Failure(cursor=0,len=2,reason=io: the key is expected to be a bool)
23 12:37:46.571 [57]    2 : Running(cursor=1,len=2,running_child=1)
23 12:37:46.571 [57]      4 : Running(cursor=0,len=1,running_child=0)
23 12:37:46.571 [57]        7 : Running(cursor=0,len=2,running_child=1)
23 12:37:46.571 [57]          8 : Running(cursor=0,len=2,reason=the key is not locked)
23 12:37:46.571 [57]            10 : Failure(key=calculated,reason=the key is not locked)
23 12:37:46.571 [57]          8 : Failure(cursor=0,len=2,reason=the key is not locked)
23 12:37:46.571 [57]        7 : Running(cursor=1,len=2,running_child=1)
23 12:37:46.571 [57]          9 : Running(cursor=0,len=2,running_child=1)
23 12:37:47.126 [57]            custom: Calculated
23 12:37:47.127 [57]            12 : Success(guard=calculated)
23 12:37:47.127 [57]          9 : Running(cursor=1,len=2,running_child=1)
23 12:37:47.127 [57]            13 : Running()
23 12:37:47.127 [57]          9 : Running(cursor=1,len=2,running_child=1)
23 12:37:47.127 [57]        7 : Running(cursor=1,len=2,running_child=1)
23 12:37:47.127 [57]      4 : Running(cursor=0,len=1,running_child=0)
23 12:37:47.127 [57]    2 : Running(cursor=1,len=2,running_child=1)
23 12:37:47.127 [57]  1 : Running(cursor=0,len=1)
23 12:37:47.127 [58]  next tick
23 12:37:47.127 [58]    2 : Running(cursor=0,len=2,running_child=1)
23 12:37:47.127 [58]      3 : Running(cursor=0,len=2,reason=io: the key is expected to be a bool)
23 12:37:47.127 [58]        5 : Failure(key=calculated,reason=io: the key is expected to be a bool)
23 12:37:47.127 [58]      3 : Failure(cursor=0,len=2,reason=io: the key is expected to be a bool)
23 12:37:47.127 [58]    2 : Running(cursor=1,len=2,running_child=1)
23 12:37:47.127 [58]      4 : Running(cursor=0,len=1,running_child=0)
23 12:37:47.127 [58]        7 : Running(cursor=0,len=2,running_child=1)
23 12:37:47.127 [58]          8 : Running(cursor=0,len=2,reason=the key is not locked)
23 12:37:47.127 [58]            10 : Failure(key=calculated,reason=the key is not locked)
23 12:37:47.127 [58]          8 : Failure(cursor=0,len=2,reason=the key is not locked)
23 12:37:47.127 [58]        7 : Running(cursor=1,len=2,running_child=1)
23 12:37:47.127 [58]          9 : Running(cursor=0,len=2,running_child=1)
23 12:37:47.683 [58]            custom: Calculated
23 12:37:47.683 [58]            12 : Success(guard=calculated)
23 12:37:47.684 [58]          9 : Running(cursor=1,len=2,running_child=1)
23 12:37:47.684 [58]            13 : Running()
23 12:37:47.684 [58]          9 : Running(cursor=1,len=2,running_child=1)
23 12:37:47.684 [58]        7 : Running(cursor=1,len=2,running_child=1)
23 12:37:47.684 [58]      4 : Running(cursor=0,len=1,running_child=0)
23 12:37:47.684 [58]    2 : Running(cursor=1,len=2,running_child=1)
23 12:37:47.684 [58]  1 : Running(cursor=0,len=1)
23 12:37:47.684 [59]  next tick
23 12:37:47.684 [59]    2 : Running(cursor=0,len=2,running_child=1)
23 12:37:47.684 [59]      3 : Running(cursor=0,len=2,reason=io: the key is expected to be a bool)
23 12:37:47.684 [59]        5 : Failure(key=calculated,reason=io: the key is expected to be a bool)
23 12:37:47.684 [59]      3 : Failure(cursor=0,len=2,reason=io: the key is expected to be a bool)
23 12:37:47.684 [59]    2 : Running(cursor=1,len=2,running_child=1)
23 12:37:47.684 [59]      4 : Running(cursor=0,len=1,running_child=0)
23 12:37:47.684 [59]        7 : Running(cursor=0,len=2,running_child=1)
23 12:37:47.684 [59]          8 : Running(cursor=0,len=2,reason=the key is not locked)
23 12:37:47.684 [59]            10 : Failure(key=calculated,reason=the key is not locked)
23 12:37:47.684 [59]          8 : Failure(cursor=0,len=2,reason=the key is not locked)
23 12:37:47.684 [59]        7 : Running(cursor=1,len=2,running_child=1)
23 12:37:47.684 [59]          9 : Running(cursor=0,len=2,running_child=1)
23 12:37:48.237 [59]            custom: Calculated
23 12:37:48.238 [59]            12 : Success(guard=calculated)
23 12:37:48.238 [59]          9 : Running(cursor=1,len=2,running_child=1)
23 12:37:48.238 [59]            13 : Running()
23 12:37:48.238 [59]          9 : Running(cursor=1,len=2,running_child=1)
23 12:37:48.238 [59]        7 : Running(cursor=1,len=2,running_child=1)
23 12:37:48.238 [59]      4 : Running(cursor=0,len=1,running_child=0)
23 12:37:48.238 [59]    2 : Running(cursor=1,len=2,running_child=1)
23 12:37:48.238 [59]  1 : Running(cursor=0,len=1)
23 12:37:48.238 [60]  next tick
23 12:37:48.238 [60]    2 : Running(cursor=0,len=2,running_child=1)
23 12:37:48.238 [60]      3 : Running(cursor=0,len=2,reason=io: the key is expected to be a bool)
23 12:37:48.238 [60]        5 : Failure(key=calculated,reason=io: the key is expected to be a bool)
23 12:37:48.238 [60]      3 : Failure(cursor=0,len=2,reason=io: the key is expected to be a bool)
23 12:37:48.238 [60]    2 : Running(cursor=1,len=2,running_child=1)
23 12:37:48.238 [60]      4 : Running(cursor=0,len=1,running_child=0)
23 12:37:48.238 [60]        7 : Running(cursor=0,len=2,running_child=1)
23 12:37:48.238 [60]          8 : Running(cursor=0,len=2,reason=the key is not locked)
23 12:37:48.238 [60]            10 : Failure(key=calculated,reason=the key is not locked)
23 12:37:48.238 [60]          8 : Failure(cursor=0,len=2,reason=the key is not locked)
23 12:37:48.238 [60]        7 : Running(cursor=1,len=2,running_child=1)
23 12:37:48.238 [60]          9 : Running(cursor=0,len=2,running_child=1)
23 12:37:48.793 [60]            custom: Calculated
23 12:37:48.794 [60]            12 : Success(guard=calculated)
23 12:37:48.794 [60]          9 : Running(cursor=1,len=2,running_child=1)
23 12:37:48.794 [60]            13 : Running()
23 12:37:48.794 [60]          9 : Running(cursor=1,len=2,running_child=1)
23 12:37:48.794 [60]        7 : Running(cursor=1,len=2,running_child=1)
23 12:37:48.794 [60]      4 : Running(cursor=0,len=1,running_child=0)
23 12:37:48.794 [60]    2 : Running(cursor=1,len=2,running_child=1)
23 12:37:48.794 [60]  1 : Running(cursor=0,len=1)
23 12:37:48.794 [61]  next tick
23 12:37:48.794 [61]    2 : Running(cursor=0,len=2,running_child=1)
23 12:37:48.794 [61]      3 : Running(cursor=0,len=2,reason=io: the key is expected to be a bool)
23 12:37:48.794 [61]        5 : Failure(key=calculated,reason=io: the key is expected to be a bool)
23 12:37:48.794 [61]      3 : Failure(cursor=0,len=2,reason=io: the key is expected to be a bool)
23 12:37:48.794 [61]    2 : Running(cursor=1,len=2,running_child=1)
23 12:37:48.794 [61]      4 : Running(cursor=0,len=1,running_child=0)
23 12:37:48.794 [61]        7 : Running(cursor=0,len=2,running_child=1)
23 12:37:48.794 [61]          8 : Running(cursor=0,len=2,reason=the key is not locked)
23 12:37:48.794 [61]            10 : Failure(key=calculated,reason=the key is not locked)
23 12:37:48.794 [61]          8 : Failure(cursor=0,len=2,reason=the key is not locked)
23 12:37:48.794 [61]        7 : Running(cursor=1,len=2,running_child=1)
23 12:37:48.795 [61]          9 : Running(cursor=0,len=2,running_child=1)
23 12:37:49.349 [61]            custom: Calculated
23 12:37:49.350 [61]            12 : Success(guard=calculated)
23 12:37:49.350 [61]          9 : Running(cursor=1,len=2,running_child=1)
23 12:37:49.350 [61]            13 : Running()
23 12:37:49.350 [61]          9 : Running(cursor=1,len=2,running_child=1)
23 12:37:49.350 [61]        7 : Running(cursor=1,len=2,running_child=1)
23 12:37:49.350 [61]      4 : Running(cursor=0,len=1,running_child=0)
23 12:37:49.350 [61]    2 : Running(cursor=1,len=2,running_child=1)
23 12:37:49.350 [61]  1 : Running(cursor=0,len=1)
23 12:37:49.350 [62]  next tick
23 12:37:49.350 [62]    2 : Running(cursor=0,len=2,running_child=1)
23 12:37:49.350 [62]      3 : Running(cursor=0,len=2,reason=io: the key is expected to be a bool)
23 12:37:49.350 [62]        5 : Failure(key=calculated,reason=io: the key is expected to be a bool)
23 12:37:49.350 [62]      3 : Failure(cursor=0,len=2,reason=io: the key is expected to be a bool)
23 12:37:49.350 [62]    2 : Running(cursor=1,len=2,running_child=1)
23 12:37:49.350 [62]      4 : Running(cursor=0,len=1,running_child=0)
23 12:37:49.350 [62]        7 : Running(cursor=0,len=2,running_child=1)
23 12:37:49.350 [62]          8 : Running(cursor=0,len=2,reason=the key is not locked)
23 12:37:49.350 [62]            10 : Failure(key=calculated,reason=the key is not locked)
23 12:37:49.350 [62]          8 : Failure(cursor=0,len=2,reason=the key is not locked)
23 12:37:49.350 [62]        7 : Running(cursor=1,len=2,running_child=1)
23 12:37:49.350 [62]          9 : Running(cursor=0,len=2,running_child=1)
23 12:37:49.904 [62]            custom: Calculated
23 12:37:49.905 [62]            12 : Success(guard=calculated)
23 12:37:49.905 [62]          9 : Running(cursor=1,len=2,running_child=1)
23 12:37:49.905 [62]            13 : Running()
23 12:37:49.905 [62]          9 : Running(cursor=1,len=2,running_child=1)
23 12:37:49.905 [62]        7 : Running(cursor=1,len=2,running_child=1)
23 12:37:49.905 [62]      4 : Running(cursor=0,len=1,running_child=0)
23 12:37:49.905 [62]    2 : Running(cursor=1,len=2,running_child=1)
23 12:37:49.905 [62]  1 : Running(cursor=0,len=1)
23 12:37:49.905 [63]  next tick
23 12:37:49.905 [63]    2 : Running(cursor=0,len=2,running_child=1)
23 12:37:49.905 [63]      3 : Running(cursor=0,len=2,reason=io: the key is expected to be a bool)
23 12:37:49.905 [63]        5 : Failure(key=calculated,reason=io: the key is expected to be a bool)
23 12:37:49.905 [63]      3 : Failure(cursor=0,len=2,reason=io: the key is expected to be a bool)
23 12:37:49.905 [63]    2 : Running(cursor=1,len=2,running_child=1)
23 12:37:49.905 [63]      4 : Running(cursor=0,len=1,running_child=0)
23 12:37:49.905 [63]        7 : Running(cursor=0,len=2,running_child=1)
23 12:37:49.905 [63]          8 : Running(cursor=0,len=2,reason=the key is not locked)
23 12:37:49.905 [63]            10 : Failure(key=calculated,reason=the key is not locked)
23 12:37:49.905 [63]          8 : Failure(cursor=0,len=2,reason=the key is not locked)
23 12:37:49.905 [63]        7 : Running(cursor=1,len=2,running_child=1)
23 12:37:49.905 [63]          9 : Running(cursor=0,len=2,running_child=1)
23 12:37:50.458 [63]            custom: Calculated
23 12:37:50.459 [63]            12 : Success(guard=calculated)
23 12:37:50.459 [63]          9 : Running(cursor=1,len=2,running_child=1)
23 12:37:50.459 [63]            13 : Running()
23 12:37:50.459 [63]          9 : Running(cursor=1,len=2,running_child=1)
23 12:37:50.459 [63]        7 : Running(cursor=1,len=2,running_child=1)
23 12:37:50.459 [63]      4 : Running(cursor=0,len=1,running_child=0)
23 12:37:50.459 [63]    2 : Running(cursor=1,len=2,running_child=1)
23 12:37:50.459 [63]  1 : Running(cursor=0,len=1)
23 12:37:50.459 [64]  next tick
23 12:37:50.459 [64]    2 : Running(cursor=0,len=2,running_child=1)
23 12:37:50.459 [64]      3 : Running(cursor=0,len=2,reason=io: the key is expected to be a bool)
23 12:37:50.459 [64]        5 : Failure(key=calculated,reason=io: the key is expected to be a bool)
23 12:37:50.459 [64]      3 : Failure(cursor=0,len=2,reason=io: the key is expected to be a bool)
23 12:37:50.459 [64]    2 : Running(cursor=1,len=2,running_child=1)
23 12:37:50.459 [64]      4 : Running(cursor=0,len=1,running_child=0)
23 12:37:50.460 [64]        7 : Running(cursor=0,len=2,running_child=1)
23 12:37:50.460 [64]          8 : Running(cursor=0,len=2,reason=the key is not locked)
23 12:37:50.460 [64]            10 : Failure(key=calculated,reason=the key is not locked)
23 12:37:50.460 [64]          8 : Failure(cursor=0,len=2,reason=the key is not locked)
23 12:37:50.460 [64]        7 : Running(cursor=1,len=2,running_child=1)
23 12:37:50.460 [64]          9 : Running(cursor=0,len=2,running_child=1)
23 12:37:51.014 [64]            custom: Calculated
23 12:37:51.015 [64]            12 : Success(guard=calculated)
23 12:37:51.015 [64]          9 : Running(cursor=1,len=2,running_child=1)
23 12:37:51.015 [64]            13 : Running()
23 12:37:51.015 [64]          9 : Running(cursor=1,len=2,running_child=1)
23 12:37:51.015 [64]        7 : Running(cursor=1,len=2,running_child=1)
23 12:37:51.015 [64]      4 : Running(cursor=0,len=1,running_child=0)
23 12:37:51.015 [64]    2 : Running(cursor=1,len=2,running_child=1)
23 12:37:51.015 [64]  1 : Running(cursor=0,len=1)
23 12:37:51.015 [65]  next tick
23 12:37:51.015 [65]    2 : Running(cursor=0,len=2,running_child=1)
23 12:37:51.015 [65]      3 : Running(cursor=0,len=2,reason=io: the key is expected to be a bool)
23 12:37:51.015 [65]        5 : Failure(key=calculated,reason=io: the key is expected to be a bool)
23 12:37:51.015 [65]      3 : Failure(cursor=0,len=2,reason=io: the key is expected to be a bool)
23 12:37:51.015 [65]    2 : Running(cursor=1,len=2,running_child=1)
23 12:37:51.015 [65]      4 : Running(cursor=0,len=1,running_child=0)
23 12:37:51.015 [65]        7 : Running(cursor=0,len=2,running_child=1)
23 12:37:51.015 [65]          8 : Running(cursor=0,len=2,reason=the key is not locked)
23 12:37:51.015 [65]            10 : Failure(key=calculated,reason=the key is not locked)
23 12:37:51.015 [65]          8 : Failure(cursor=0,len=2,reason=the key is not locked)
23 12:37:51.015 [65]        7 : Running(cursor=1,len=2,running_child=1)
23 12:37:51.015 [65]          9 : Running(cursor=0,len=2,running_child=1)
23 12:37:51.570 [65]            custom: Calculated
23 12:37:51.571 [65]            12 : Success(guard=calculated)
23 12:37:51.571 [65]          9 : Running(cursor=1,len=2,running_child=1)
23 12:37:51.571 [65]            13 : Running()
23 12:37:51.572 [65]          9 : Running(cursor=1,len=2,running_child=1)
23 12:37:51.572 [65]        7 : Running(cursor=1,len=2,running_child=1)
23 12:37:51.572 [65]      4 : Running(cursor=0,len=1,running_child=0)
23 12:37:51.572 [65]    2 : Running(cursor=1,len=2,running_child=1)
23 12:37:51.572 [65]  1 : Running(cursor=0,len=1)
23 12:37:51.572 [66]  next tick
23 12:37:51.572 [66]    2 : Running(cursor=0,len=2,running_child=1)
23 12:37:51.572 [66]      3 : Running(cursor=0,len=2,reason=io: the key is expected to be a bool)
23 12:37:51.572 [66]        5 : Failure(key=calculated,reason=io: the key is expected to be a bool)
23 12:37:51.572 [66]      3 : Failure(cursor=0,len=2,reason=io: the key is expected to be a bool)
23 12:37:51.572 [66]    2 : Running(cursor=1,len=2,running_child=1)
23 12:37:51.572 [66]      4 : Running(cursor=0,len=1,running_child=0)
23 12:37:51.572 [66]        7 : Running(cursor=0,len=2,running_child=1)
23 12:37:51.572 [66]          8 : Running(cursor=0,len=2,reason=the key is not locked)
23 12:37:51.572 [66]            10 : Failure(key=calculated,reason=the key is not locked)
23 12:37:51.572 [66]          8 : Failure(cursor=0,len=2,reason=the key is not locked)
23 12:37:51.572 [66]        7 : Running(cursor=1,len=2,running_child=1)
23 12:37:51.572 [66]          9 : Running(cursor=0,len=2,running_child=1)
23 12:37:52.126 [66]            custom: Calculated
23 12:37:52.127 [66]            12 : Success(guard=calculated)
23 12:37:52.127 [66]          9 : Running(cursor=1,len=2,running_child=1)
23 12:37:52.127 [66]            13 : Running()
23 12:37:52.127 [66]          9 : Running(cursor=1,len=2,running_child=1)
23 12:37:52.127 [66]        7 : Running(cursor=1,len=2,running_child=1)
23 12:37:52.127 [66]      4 : Running(cursor=0,len=1,running_child=0)
23 12:37:52.127 [66]    2 : Running(cursor=1,len=2,running_child=1)
23 12:37:52.127 [66]  1 : Running(cursor=0,len=1)
23 12:37:52.127 [67]  next tick
23 12:37:52.127 [67]    2 : Running(cursor=0,len=2,running_child=1)
23 12:37:52.127 [67]      3 : Running(cursor=0,len=2,reason=io: the key is expected to be a bool)
23 12:37:52.127 [67]        5 : Failure(key=calculated,reason=io: the key is expected to be a bool)
23 12:37:52.127 [67]      3 : Failure(cursor=0,len=2,reason=io: the key is expected to be a bool)
23 12:37:52.127 [67]    2 : Running(cursor=1,len=2,running_child=1)
23 12:37:52.127 [67]      4 : Running(cursor=0,len=1,running_child=0)
23 12:37:52.127 [67]        7 : Running(cursor=0,len=2,running_child=1)
23 12:37:52.127 [67]          8 : Running(cursor=0,len=2,reason=the key is not locked)
23 12:37:52.127 [67]            10 : Failure(key=calculated,reason=the key is not locked)
23 12:37:52.127 [67]          8 : Failure(cursor=0,len=2,reason=the key is not locked)
23 12:37:52.127 [67]        7 : Running(cursor=1,len=2,running_child=1)
23 12:37:52.127 [67]          9 : Running(cursor=0,len=2,running_child=1)
23 12:37:52.681 [67]            custom: Calculated
23 12:37:52.682 [67]            12 : Success(guard=calculated)
23 12:37:52.682 [67]          9 : Running(cursor=1,len=2,running_child=1)
23 12:37:52.682 [67]            13 : Running()
23 12:37:52.682 [67]          9 : Running(cursor=1,len=2,running_child=1)
23 12:37:52.682 [67]        7 : Running(cursor=1,len=2,running_child=1)
23 12:37:52.682 [67]      4 : Running(cursor=0,len=1,running_child=0)
23 12:37:52.682 [67]    2 : Running(cursor=1,len=2,running_child=1)
23 12:37:52.682 [67]  1 : Running(cursor=0,len=1)
23 12:37:52.682 [68]  next tick
23 12:37:52.682 [68]    2 : Running(cursor=0,len=2,running_child=1)
23 12:37:52.682 [68]      3 : Running(cursor=0,len=2,reason=io: the key is expected to be a bool)
23 12:37:52.682 [68]        5 : Failure(key=calculated,reason=io: the key is expected to be a bool)
23 12:37:52.682 [68]      3 : Failure(cursor=0,len=2,reason=io: the key is expected to be a bool)
23 12:37:52.682 [68]    2 : Running(cursor=1,len=2,running_child=1)
23 12:37:52.682 [68]      4 : Running(cursor=0,len=1,running_child=0)
23 12:37:52.682 [68]        7 : Running(cursor=0,len=2,running_child=1)
23 12:37:52.682 [68]          8 : Running(cursor=0,len=2,reason=the key is not locked)
23 12:37:52.682 [68]            10 : Failure(key=calculated,reason=the key is not locked)
23 12:37:52.682 [68]          8 : Failure(cursor=0,len=2,reason=the key is not locked)
23 12:37:52.682 [68]        7 : Running(cursor=1,len=2,running_child=1)
23 12:37:52.682 [68]          9 : Running(cursor=0,len=2,running_child=1)
23 12:37:53.237 [68]            custom: Calculated
23 12:37:53.237 [68]            12 : Success(guard=calculated)
23 12:37:53.237 [68]          9 : Running(cursor=1,len=2,running_child=1)
23 12:37:53.237 [68]            13 : Running()
23 12:37:53.238 [68]          9 : Running(cursor=1,len=2,running_child=1)
23 12:37:53.238 [68]        7 : Running(cursor=1,len=2,running_child=1)
23 12:37:53.238 [68]      4 : Running(cursor=0,len=1,running_child=0)
23 12:37:53.238 [68]    2 : Running(cursor=1,len=2,running_child=1)
23 12:37:53.238 [68]  1 : Running(cursor=0,len=1)
23 12:37:53.238 [69]  next tick
23 12:37:53.238 [69]    2 : Running(cursor=0,len=2,running_child=1)
23 12:37:53.238 [69]      3 : Running(cursor=0,len=2,reason=io: the key is expected to be a bool)
23 12:37:53.238 [69]        5 : Failure(key=calculated,reason=io: the key is expected to be a bool)
23 12:37:53.238 [69]      3 : Failure(cursor=0,len=2,reason=io: the key is expected to be a bool)
23 12:37:53.238 [69]    2 : Running(cursor=1,len=2,running_child=1)
23 12:37:53.238 [69]      4 : Running(cursor=0,len=1,running_child=0)
23 12:37:53.238 [69]        7 : Running(cursor=0,len=2,running_child=1)
23 12:37:53.238 [69]          8 : Running(cursor=0,len=2,reason=the key is not locked)
23 12:37:53.238 [69]            10 : Failure(key=calculated,reason=the key is not locked)
23 12:37:53.238 [69]          8 : Failure(cursor=0,len=2,reason=the key is not locked)
23 12:37:53.238 [69]        7 : Running(cursor=1,len=2,running_child=1)
23 12:37:53.238 [69]          9 : Running(cursor=0,len=2,running_child=1)
23 12:37:53.791 [69]            custom: Calculated
23 12:37:53.792 [69]            12 : Success(guard=calculated)
23 12:37:53.792 [69]          9 : Running(cursor=1,len=2,running_child=1)
23 12:37:53.792 [69]            13 : Running()
23 12:37:53.792 [69]          9 : Running(cursor=1,len=2,running_child=1)
23 12:37:53.792 [69]        7 : Running(cursor=1,len=2,running_child=1)
23 12:37:53.792 [69]      4 : Running(cursor=0,len=1,running_child=0)
23 12:37:53.792 [69]    2 : Running(cursor=1,len=2,running_child=1)
23 12:37:53.792 [69]  1 : Running(cursor=0,len=1)
23 12:37:53.793 [70]  next tick
23 12:37:53.793 [70]    2 : Running(cursor=0,len=2,running_child=1)
23 12:37:53.793 [70]      3 : Running(cursor=0,len=2,reason=io: the key is expected to be a bool)
23 12:37:53.793 [70]        5 : Failure(key=calculated,reason=io: the key is expected to be a bool)
23 12:37:53.793 [70]      3 : Failure(cursor=0,len=2,reason=io: the key is expected to be a bool)
23 12:37:53.793 [70]    2 : Running(cursor=1,len=2,running_child=1)
23 12:37:53.793 [70]      4 : Running(cursor=0,len=1,running_child=0)
23 12:37:53.793 [70]        7 : Running(cursor=0,len=2,running_child=1)
23 12:37:53.793 [70]          8 : Running(cursor=0,len=2,reason=the key is not locked)
23 12:37:53.793 [70]            10 : Failure(key=calculated,reason=the key is not locked)
23 12:37:53.793 [70]          8 : Failure(cursor=0,len=2,reason=the key is not locked)
23 12:37:53.793 [70]        7 : Running(cursor=1,len=2,running_child=1)
23 12:37:53.793 [70]          9 : Running(cursor=0,len=2,running_child=1)
23 12:37:54.347 [70]            custom: Calculated
23 12:37:54.348 [70]            12 : Success(guard=calculated)
23 12:37:54.348 [70]          9 : Running(cursor=1,len=2,running_child=1)
23 12:37:54.348 [70]            13 : Running()
23 12:37:54.348 [70]          9 : Running(cursor=1,len=2,running_child=1)
23 12:37:54.348 [70]        7 : Running(cursor=1,len=2,running_child=1)
23 12:37:54.348 [70]      4 : Running(cursor=0,len=1,running_child=0)
23 12:37:54.348 [70]    2 : Running(cursor=1,len=2,running_child=1)
23 12:37:54.348 [70]  1 : Running(cursor=0,len=1)
23 12:37:54.348 [71]  next tick
23 12:37:54.349 [71]    2 : Running(cursor=0,len=2,running_child=1)
23 12:37:54.349 [71]      3 : Running(cursor=0,len=2,reason=io: the key is expected to be a bool)
23 12:37:54.349 [71]        5 : Failure(key=calculated,reason=io: the key is expected to be a bool)
23 12:37:54.349 [71]      3 : Failure(cursor=0,len=2,reason=io: the key is expected to be a bool)
23 12:37:54.349 [71]    2 : Running(cursor=1,len=2,running_child=1)
23 12:37:54.349 [71]      4 : Running(cursor=0,len=1,running_child=0)
23 12:37:54.349 [71]        7 : Running(cursor=0,len=2,running_child=1)
23 12:37:54.349 [71]          8 : Running(cursor=0,len=2,reason=the key is not locked)
23 12:37:54.349 [71]            10 : Failure(key=calculated,reason=the key is not locked)
23 12:37:54.349 [71]          8 : Failure(cursor=0,len=2,reason=the key is not locked)
23 12:37:54.349 [71]        7 : Running(cursor=1,len=2,running_child=1)
23 12:37:54.349 [71]          9 : Running(cursor=0,len=2,running_child=1)
23 12:37:54.902 [71]            custom: Calculated
23 12:37:54.903 [71]            12 : Success(guard=calculated)
23 12:37:54.904 [71]          9 : Running(cursor=1,len=2,running_child=1)
23 12:37:54.904 [71]            13 : Running()
23 12:37:54.904 [71]          9 : Running(cursor=1,len=2,running_child=1)
23 12:37:54.904 [71]        7 : Running(cursor=1,len=2,running_child=1)
23 12:37:54.904 [71]      4 : Running(cursor=0,len=1,running_child=0)
23 12:37:54.904 [71]    2 : Running(cursor=1,len=2,running_child=1)
23 12:37:54.904 [71]  1 : Running(cursor=0,len=1)
23 12:37:54.904 [72]  next tick
23 12:37:54.904 [72]    2 : Running(cursor=0,len=2,running_child=1)
23 12:37:54.904 [72]      3 : Running(cursor=0,len=2,reason=io: the key is expected to be a bool)
23 12:37:54.904 [72]        5 : Failure(key=calculated,reason=io: the key is expected to be a bool)
23 12:37:54.904 [72]      3 : Failure(cursor=0,len=2,reason=io: the key is expected to be a bool)
23 12:37:54.904 [72]    2 : Running(cursor=1,len=2,running_child=1)
23 12:37:54.904 [72]      4 : Running(cursor=0,len=1,running_child=0)
23 12:37:54.904 [72]        7 : Running(cursor=0,len=2,running_child=1)
23 12:37:54.904 [72]          8 : Running(cursor=0,len=2,reason=the key is not locked)
23 12:37:54.904 [72]            10 : Failure(key=calculated,reason=the key is not locked)
23 12:37:54.904 [72]          8 : Failure(cursor=0,len=2,reason=the key is not locked)
23 12:37:54.904 [72]        7 : Running(cursor=1,len=2,running_child=1)
23 12:37:54.904 [72]          9 : Running(cursor=0,len=2,running_child=1)
23 12:37:55.458 [72]            custom: Calculated
23 12:37:55.459 [72]            12 : Success(guard=calculated)
23 12:37:55.459 [72]          9 : Running(cursor=1,len=2,running_child=1)
23 12:37:55.459 [72]            13 : Running()
23 12:37:55.459 [72]          9 : Running(cursor=1,len=2,running_child=1)
23 12:37:55.459 [72]        7 : Running(cursor=1,len=2,running_child=1)
23 12:37:55.459 [72]      4 : Running(cursor=0,len=1,running_child=0)
23 12:37:55.459 [72]    2 : Running(cursor=1,len=2,running_child=1)
23 12:37:55.459 [72]  1 : Running(cursor=0,len=1)
23 12:37:55.459 [73]  next tick
23 12:37:55.459 [73]    2 : Running(cursor=0,len=2,running_child=1)
23 12:37:55.459 [73]      3 : Running(cursor=0,len=2,reason=io: the key is expected to be a bool)
23 12:37:55.459 [73]        5 : Failure(key=calculated,reason=io: the key is expected to be a bool)
23 12:37:55.459 [73]      3 : Failure(cursor=0,len=2,reason=io: the key is expected to be a bool)
23 12:37:55.459 [73]    2 : Running(cursor=1,len=2,running_child=1)
23 12:37:55.459 [73]      4 : Running(cursor=0,len=1,running_child=0)
23 12:37:55.459 [73]        7 : Running(cursor=0,len=2,running_child=1)
23 12:37:55.459 [73]          8 : Running(cursor=0,len=2,reason=the key is not locked)
23 12:37:55.459 [73]            10 : Failure(key=calculated,reason=the key is not locked)
23 12:37:55.459 [73]          8 : Failure(cursor=0,len=2,reason=the key is not locked)
23 12:37:55.459 [73]        7 : Running(cursor=1,len=2,running_child=1)
23 12:37:55.459 [73]          9 : Running(cursor=0,len=2,running_child=1)
23 12:37:56.013 [73]            custom: Calculated
23 12:37:56.014 [73]            12 : Success(guard=calculated)
23 12:37:56.014 [73]          9 : Running(cursor=1,len=2,running_child=1)
23 12:37:56.014 [73]            13 : Running()
23 12:37:56.014 [73]          9 : Running(cursor=1,len=2,running_child=1)
23 12:37:56.014 [73]        7 : Running(cursor=1,len=2,running_child=1)
23 12:37:56.014 [73]      4 : Running(cursor=0,len=1,running_child=0)
23 12:37:56.014 [73]    2 : Running(cursor=1,len=2,running_child=1)
23 12:37:56.014 [73]  1 : Running(cursor=0,len=1)
23 12:37:56.014 [74]  next tick
23 12:37:56.014 [74]    2 : Running(cursor=0,len=2,running_child=1)
23 12:37:56.014 [74]      3 : Running(cursor=0,len=2,reason=io: the key is expected to be a bool)
23 12:37:56.014 [74]        5 : Failure(key=calculated,reason=io: the key is expected to be a bool)
23 12:37:56.014 [74]      3 : Failure(cursor=0,len=2,reason=io: the key is expected to be a bool)
23 12:37:56.014 [74]    2 : Running(cursor=1,len=2,running_child=1)
23 12:37:56.014 [74]      4 : Running(cursor=0,len=1,running_child=0)
23 12:37:56.014 [74]        7 : Running(cursor=0,len=2,running_child=1)
23 12:37:56.014 [74]          8 : Running(cursor=0,len=2,reason=the key is not locked)
23 12:37:56.014 [74]            10 : Failure(key=calculated,reason=the key is not locked)
23 12:37:56.014 [74]          8 : Failure(cursor=0,len=2,reason=the key is not locked)
23 12:37:56.014 [74]        7 : Running(cursor=1,len=2,running_child=1)
23 12:37:56.014 [74]          9 : Running(cursor=0,len=2,running_child=1)
23 12:37:56.569 [74]            custom: Calculated
23 12:37:56.570 [74]            12 : Success(guard=calculated)
23 12:37:56.570 [74]          9 : Running(cursor=1,len=2,running_child=1)
23 12:37:56.570 [74]            13 : Running()
23 12:37:56.570 [74]          9 : Running(cursor=1,len=2,running_child=1)
23 12:37:56.570 [74]        7 : Running(cursor=1,len=2,running_child=1)
23 12:37:56.570 [74]      4 : Running(cursor=0,len=1,running_child=0)
23 12:37:56.570 [74]    2 : Running(cursor=1,len=2,running_child=1)
23 12:37:56.570 [74]  1 : Running(cursor=0,len=1)
23 12:37:56.570 [75]  next tick
23 12:37:56.570 [75]    2 : Running(cursor=0,len=2,running_child=1)
23 12:37:56.570 [75]      3 : Running(cursor=0,len=2,reason=io: the key is expected to be a bool)
23 12:37:56.570 [75]        5 : Failure(key=calculated,reason=io: the key is expected to be a bool)
23 12:37:56.570 [75]      3 : Failure(cursor=0,len=2,reason=io: the key is expected to be a bool)
23 12:37:56.570 [75]    2 : Running(cursor=1,len=2,running_child=1)
23 12:37:56.570 [75]      4 : Running(cursor=0,len=1,running_child=0)
23 12:37:56.570 [75]        7 : Running(cursor=0,len=2,running_child=1)
23 12:37:56.570 [75]          8 : Running(cursor=0,len=2,reason=the key is not locked)
23 12:37:56.570 [75]            10 : Failure(key=calculated,reason=the key is not locked)
23 12:37:56.570 [75]          8 : Failure(cursor=0,len=2,reason=the key is not locked)
23 12:37:56.570 [75]        7 : Running(cursor=1,len=2,running_child=1)
23 12:37:56.570 [75]          9 : Running(cursor=0,len=2,running_child=1)
23 12:37:57.124 [75]            custom: Calculated
23 12:37:57.124 [75]            12 : Success(guard=calculated)
23 12:37:57.124 [75]          9 : Running(cursor=1,len=2,running_child=1)
23 12:37:57.125 [75]            13 : Running()
23 12:37:57.125 [75]          9 : Running(cursor=1,len=2,running_child=1)
23 12:37:57.125 [75]        7 : Running(cursor=1,len=2,running_child=1)
23 12:37:57.125 [75]      4 : Running(cursor=0,len=1,running_child=0)
23 12:37:57.125 [75]    2 : Running(cursor=1,len=2,running_child=1)
23 12:37:57.125 [75]  1 : Running(cursor=0,len=1)
23 12:37:57.125 [76]  next tick
23 12:37:57.125 [76]    2 : Running(cursor=0,len=2,running_child=1)
23 12:37:57.125 [76]      3 : Running(cursor=0,len=2,reason=io: the key is expected to be a bool)
23 12:37:57.125 [76]        5 : Failure(key=calculated,reason=io: the key is expected to be a bool)
23 12:37:57.126 [76]      3 : Failure(cursor=0,len=2,reason=io: the key is expected to be a bool)
23 12:37:57.126 [76]    2 : Running(cursor=1,len=2,running_child=1)
23 12:37:57.126 [76]      4 : Running(cursor=0,len=1,running_child=0)
23 12:37:57.126 [76]        7 : Running(cursor=0,len=2,running_child=1)
23 12:37:57.126 [76]          8 : Running(cursor=0,len=2,reason=the key is not locked)
23 12:37:57.126 [76]            10 : Failure(key=calculated,reason=the key is not locked)
23 12:37:57.126 [76]          8 : Failure(cursor=0,len=2,reason=the key is not locked)
23 12:37:57.126 [76]        7 : Running(cursor=1,len=2,running_child=1)
23 12:37:57.126 [76]          9 : Running(cursor=0,len=2,running_child=1)
23 12:37:57.680 [76]            custom: Calculated
23 12:37:57.681 [76]            12 : Success(guard=calculated)
23 12:37:57.681 [76]          9 : Running(cursor=1,len=2,running_child=1)
23 12:37:57.681 [76]            13 : Running()
23 12:37:57.681 [76]          9 : Running(cursor=1,len=2,running_child=1)
23 12:37:57.681 [76]        7 : Running(cursor=1,len=2,running_child=1)
23 12:37:57.681 [76]      4 : Running(cursor=0,len=1,running_child=0)
23 12:37:57.681 [76]    2 : Running(cursor=1,len=2,running_child=1)
23 12:37:57.681 [76]  1 : Running(cursor=0,len=1)
23 12:37:57.681 [77]  next tick
23 12:37:57.681 [77]    2 : Running(cursor=0,len=2,running_child=1)
23 12:37:57.681 [77]      3 : Running(cursor=0,len=2,reason=io: the key is expected to be a bool)
23 12:37:57.681 [77]        5 : Failure(key=calculated,reason=io: the key is expected to be a bool)
23 12:37:57.681 [77]      3 : Failure(cursor=0,len=2,reason=io: the key is expected to be a bool)
23 12:37:57.681 [77]    2 : Running(cursor=1,len=2,running_child=1)
23 12:37:57.681 [77]      4 : Running(cursor=0,len=1,running_child=0)
23 12:37:57.681 [77]        7 : Running(cursor=0,len=2,running_child=1)
23 12:37:57.681 [77]          8 : Running(cursor=0,len=2,reason=the key is not locked)
23 12:37:57.681 [77]            10 : Failure(key=calculated,reason=the key is not locked)
23 12:37:57.681 [77]          8 : Failure(cursor=0,len=2,reason=the key is not locked)
23 12:37:57.681 [77]        7 : Running(cursor=1,len=2,running_child=1)
23 12:37:57.681 [77]          9 : Running(cursor=0,len=2,running_child=1)
23 12:37:58.235 [77]            custom: Calculated
23 12:37:58.236 [77]            12 : Success(guard=calculated)
23 12:37:58.236 [77]          9 : Running(cursor=1,len=2,running_child=1)
23 12:37:58.236 [77]            13 : Running()
23 12:37:58.236 [77]          9 : Running(cursor=1,len=2,running_child=1)
23 12:37:58.236 [77]        7 : Running(cursor=1,len=2,running_child=1)
23 12:37:58.236 [77]      4 : Running(cursor=0,len=1,running_child=0)
23 12:37:58.236 [77]    2 : Running(cursor=1,len=2,running_child=1)
23 12:37:58.236 [77]  1 : Running(cursor=0,len=1)
23 12:37:58.236 [78]  next tick
23 12:37:58.236 [78]    2 : Running(cursor=0,len=2,running_child=1)
23 12:37:58.236 [78]      3 : Running(cursor=0,len=2,reason=io: the key is expected to be a bool)
23 12:37:58.236 [78]        5 : Failure(key=calculated,reason=io: the key is expected to be a bool)
23 12:37:58.236 [78]      3 : Failure(cursor=0,len=2,reason=io: the key is expected to be a bool)
23 12:37:58.236 [78]    2 : Running(cursor=1,len=2,running_child=1)
23 12:37:58.236 [78]      4 : Running(cursor=0,len=1,running_child=0)
23 12:37:58.236 [78]        7 : Running(cursor=0,len=2,running_child=1)
23 12:37:58.236 [78]          8 : Running(cursor=0,len=2,reason=the key is not locked)
23 12:37:58.236 [78]            10 : Failure(key=calculated,reason=the key is not locked)
23 12:37:58.236 [78]          8 : Failure(cursor=0,len=2,reason=the key is not locked)
23 12:37:58.236 [78]        7 : Running(cursor=1,len=2,running_child=1)
23 12:37:58.236 [78]          9 : Running(cursor=0,len=2,running_child=1)
23 12:37:58.790 [78]            custom: Calculated
23 12:37:58.791 [78]            12 : Success(guard=calculated)
23 12:37:58.791 [78]          9 : Running(cursor=1,len=2,running_child=1)
23 12:37:58.791 [78]            13 : Running()
23 12:37:58.791 [78]          9 : Running(cursor=1,len=2,running_child=1)
23 12:37:58.791 [78]        7 : Running(cursor=1,len=2,running_child=1)
23 12:37:58.791 [78]      4 : Running(cursor=0,len=1,running_child=0)
23 12:37:58.791 [78]    2 : Running(cursor=1,len=2,running_child=1)
23 12:37:58.791 [78]  1 : Running(cursor=0,len=1)
23 12:37:58.791 [79]  next tick
23 12:37:58.791 [79]    2 : Running(cursor=0,len=2,running_child=1)
23 12:37:58.791 [79]      3 : Running(cursor=0,len=2,reason=io: the key is expected to be a bool)
23 12:37:58.791 [79]        5 : Failure(key=calculated,reason=io: the key is expected to be a bool)
23 12:37:58.791 [79]      3 : Failure(cursor=0,len=2,reason=io: the key is expected to be a bool)
23 12:37:58.791 [79]    2 : Running(cursor=1,len=2,running_child=1)
23 12:37:58.791 [79]      4 : Running(cursor=0,len=1,running_child=0)
23 12:37:58.791 [79]        7 : Running(cursor=0,len=2,running_child=1)
23 12:37:58.791 [79]          8 : Running(cursor=0,len=2,reason=the key is not locked)
23 12:37:58.791 [79]            10 : Failure(key=calculated,reason=the key is not locked)
23 12:37:58.791 [79]          8 : Failure(cursor=0,len=2,reason=the key is not locked)
23 12:37:58.791 [79]        7 : Running(cursor=1,len=2,running_child=1)
23 12:37:58.791 [79]          9 : Running(cursor=0,len=2,running_child=1)
23 12:37:59.345 [79]            custom: Calculated
23 12:37:59.346 [79]            12 : Success(guard=calculated)
23 12:37:59.346 [79]          9 : Running(cursor=1,len=2,running_child=1)
23 12:37:59.346 [79]            13 : Running()
23 12:37:59.346 [79]          9 : Running(cursor=1,len=2,running_child=1)
23 12:37:59.346 [79]        7 : Running(cursor=1,len=2,running_child=1)
23 12:37:59.346 [79]      4 : Running(cursor=0,len=1,running_child=0)
23 12:37:59.346 [79]    2 : Running(cursor=1,len=2,running_child=1)
23 12:37:59.346 [79]  1 : Running(cursor=0,len=1)
23 12:37:59.346 [80]  next tick
23 12:37:59.346 [80]    2 : Running(cursor=0,len=2,running_child=1)
23 12:37:59.346 [80]      3 : Running(cursor=0,len=2,reason=io: the key is expected to be a bool)
23 12:37:59.346 [80]        5 : Failure(key=calculated,reason=io: the key is expected to be a bool)
23 12:37:59.346 [80]      3 : Failure(cursor=0,len=2,reason=io: the key is expected to be a bool)
23 12:37:59.346 [80]    2 : Running(cursor=1,len=2,running_child=1)
23 12:37:59.346 [80]      4 : Running(cursor=0,len=1,running_child=0)
23 12:37:59.346 [80]        7 : Running(cursor=0,len=2,running_child=1)
23 12:37:59.346 [80]          8 : Running(cursor=0,len=2,reason=the key is not locked)
23 12:37:59.346 [80]            10 : Failure(key=calculated,reason=the key is not locked)
23 12:37:59.346 [80]          8 : Failure(cursor=0,len=2,reason=the key is not locked)
23 12:37:59.346 [80]        7 : Running(cursor=1,len=2,running_child=1)
23 12:37:59.346 [80]          9 : Running(cursor=0,len=2,running_child=1)
23 12:37:59.901 [80]            custom: Calculated
23 12:37:59.902 [80]            12 : Success(guard=calculated)
23 12:37:59.902 [80]          9 : Running(cursor=1,len=2,running_child=1)
23 12:37:59.903 [80]            13 : Running()
23 12:37:59.903 [80]          9 : Running(cursor=1,len=2,running_child=1)
23 12:37:59.903 [80]        7 : Running(cursor=1,len=2,running_child=1)
23 12:37:59.903 [80]      4 : Running(cursor=0,len=1,running_child=0)
23 12:37:59.903 [80]    2 : Running(cursor=1,len=2,running_child=1)
23 12:37:59.903 [80]  1 : Running(cursor=0,len=1)
23 12:37:59.903 [81]  next tick
23 12:37:59.903 [81]    2 : Running(cursor=0,len=2,running_child=1)
23 12:37:59.903 [81]      3 : Running(cursor=0,len=2,reason=io: the key is expected to be a bool)
23 12:37:59.903 [81]        5 : Failure(key=calculated,reason=io: the key is expected to be a bool)
23 12:37:59.903 [81]      3 : Failure(cursor=0,len=2,reason=io: the key is expected to be a bool)
23 12:37:59.903 [81]    2 : Running(cursor=1,len=2,running_child=1)
23 12:37:59.903 [81]      4 : Running(cursor=0,len=1,running_child=0)
23 12:37:59.903 [81]        7 : Running(cursor=0,len=2,running_child=1)
23 12:37:59.903 [81]          8 : Running(cursor=0,len=2,reason=the key is not locked)
23 12:37:59.903 [81]            10 : Failure(key=calculated,reason=the key is not locked)
23 12:37:59.903 [81]          8 : Failure(cursor=0,len=2,reason=the key is not locked)
23 12:37:59.903 [81]        7 : Running(cursor=1,len=2,running_child=1)
23 12:37:59.903 [81]          9 : Running(cursor=0,len=2,running_child=1)
23 12:38:00.457 [81]            custom: Calculated
23 12:38:00.458 [81]            12 : Success(guard=calculated)
23 12:38:00.458 [81]          9 : Running(cursor=1,len=2,running_child=1)
23 12:38:00.458 [81]            13 : Running()
23 12:38:00.458 [81]          9 : Running(cursor=1,len=2,running_child=1)
23 12:38:00.458 [81]        7 : Running(cursor=1,len=2,running_child=1)
23 12:38:00.458 [81]      4 : Running(cursor=0,len=1,running_child=0)
23 12:38:00.458 [81]    2 : Running(cursor=1,len=2,running_child=1)
23 12:38:00.458 [81]  1 : Running(cursor=0,len=1)
23 12:38:00.458 [82]  next tick
23 12:38:00.458 [82]    2 : Running(cursor=0,len=2,running_child=1)
23 12:38:00.458 [82]      3 : Running(cursor=0,len=2,reason=io: the key is expected to be a bool)
23 12:38:00.458 [82]        5 : Failure(key=calculated,reason=io: the key is expected to be a bool)
23 12:38:00.458 [82]      3 : Failure(cursor=0,len=2,reason=io: the key is expected to be a bool)
23 12:38:00.458 [82]    2 : Running(cursor=1,len=2,running_child=1)
23 12:38:00.458 [82]      4 : Running(cursor=0,len=1,running_child=0)
23 12:38:00.458 [82]        7 : Running(cursor=0,len=2,running_child=1)
23 12:38:00.458 [82]          8 : Running(cursor=0,len=2,reason=the key is not locked)
23 12:38:00.458 [82]            10 : Failure(key=calculated,reason=the key is not locked)
23 12:38:00.458 [82]          8 : Failure(cursor=0,len=2,reason=the key is not locked)
23 12:38:00.458 [82]        7 : Running(cursor=1,len=2,running_child=1)
23 12:38:00.458 [82]          9 : Running(cursor=0,len=2,running_child=1)
23 12:38:01.013 [82]            custom: Calculated
23 12:38:01.013 [82]            12 : Success(guard=calculated)
23 12:38:01.014 [82]          9 : Running(cursor=1,len=2,running_child=1)
23 12:38:01.014 [82]            13 : Running()
23 12:38:01.014 [82]          9 : Running(cursor=1,len=2,running_child=1)
23 12:38:01.014 [82]        7 : Running(cursor=1,len=2,running_child=1)
23 12:38:01.014 [82]      4 : Running(cursor=0,len=1,running_child=0)
23 12:38:01.014 [82]    2 : Running(cursor=1,len=2,running_child=1)
23 12:38:01.014 [82]  1 : Running(cursor=0,len=1)
23 12:38:01.014 [83]  next tick
23 12:38:01.014 [83]    2 : Running(cursor=0,len=2,running_child=1)
23 12:38:01.014 [83]      3 : Running(cursor=0,len=2,reason=io: the key is expected to be a bool)
23 12:38:01.014 [83]        5 : Failure(key=calculated,reason=io: the key is expected to be a bool)
23 12:38:01.014 [83]      3 : Failure(cursor=0,len=2,reason=io: the key is expected to be a bool)
23 12:38:01.014 [83]    2 : Running(cursor=1,len=2,running_child=1)
23 12:38:01.014 [83]      4 : Running(cursor=0,len=1,running_child=0)
23 12:38:01.014 [83]        7 : Running(cursor=0,len=2,running_child=1)
23 12:38:01.014 [83]          8 : Running(cursor=0,len=2,reason=the key is not locked)
23 12:38:01.014 [83]            10 : Failure(key=calculated,reason=the key is not locked)
23 12:38:01.014 [83]          8 : Failure(cursor=0,len=2,reason=the key is not locked)
23 12:38:01.014 [83]        7 : Running(cursor=1,len=2,running_child=1)
23 12:38:01.014 [83]          9 : Running(cursor=0,len=2,running_child=1)
23 12:38:01.568 [83]            custom: Calculated
23 12:38:01.569 [83]            12 : Success(guard=calculated)
23 12:38:01.569 [83]          9 : Running(cursor=1,len=2,running_child=1)
23 12:38:01.569 [83]            13 : Running()
23 12:38:01.569 [83]          9 : Running(cursor=1,len=2,running_child=1)
23 12:38:01.569 [83]        7 : Running(cursor=1,len=2,running_child=1)
23 12:38:01.569 [83]      4 : Running(cursor=0,len=1,running_child=0)
23 12:38:01.569 [83]    2 : Running(cursor=1,len=2,running_child=1)
23 12:38:01.569 [83]  1 : Running(cursor=0,len=1)
23 12:38:01.569 [84]  next tick
23 12:38:01.569 [84]    2 : Running(cursor=0,len=2,running_child=1)
23 12:38:01.569 [84]      3 : Running(cursor=0,len=2,reason=io: the key is expected to be a bool)
23 12:38:01.569 [84]        5 : Failure(key=calculated,reason=io: the key is expected to be a bool)
23 12:38:01.569 [84]      3 : Failure(cursor=0,len=2,reason=io: the key is expected to be a bool)
23 12:38:01.569 [84]    2 : Running(cursor=1,len=2,running_child=1)
23 12:38:01.569 [84]      4 : Running(cursor=0,len=1,running_child=0)
23 12:38:01.569 [84]        7 : Running(cursor=0,len=2,running_child=1)
23 12:38:01.569 [84]          8 : Running(cursor=0,len=2,reason=the key is not locked)
23 12:38:01.569 [84]            10 : Failure(key=calculated,reason=the key is not locked)
23 12:38:01.569 [84]          8 : Failure(cursor=0,len=2,reason=the key is not locked)
23 12:38:01.569 [84]        7 : Running(cursor=1,len=2,running_child=1)
23 12:38:01.569 [84]          9 : Running(cursor=0,len=2,running_child=1)
23 12:38:02.125 [84]            custom: Calculated
23 12:38:02.126 [84]            12 : Success(guard=calculated)
23 12:38:02.126 [84]          9 : Running(cursor=1,len=2,running_child=1)
23 12:38:02.126 [84]            13 : Running()
23 12:38:02.128 [84]          9 : Running(cursor=1,len=2,running_child=1)
23 12:38:02.128 [84]        7 : Running(cursor=1,len=2,running_child=1)
23 12:38:02.128 [84]      4 : Running(cursor=0,len=1,running_child=0)
23 12:38:02.128 [84]    2 : Running(cursor=1,len=2,running_child=1)
23 12:38:02.128 [84]  1 : Running(cursor=0,len=1)
23 12:38:02.128 [85]  next tick
23 12:38:02.128 [85]    2 : Running(cursor=0,len=2,running_child=1)
23 12:38:02.128 [85]      3 : Running(cursor=0,len=2,reason=io: the key is expected to be a bool)
23 12:38:02.128 [85]        5 : Failure(key=calculated,reason=io: the key is expected to be a bool)
23 12:38:02.128 [85]      3 : Failure(cursor=0,len=2,reason=io: the key is expected to be a bool)
23 12:38:02.128 [85]    2 : Running(cursor=1,len=2,running_child=1)
23 12:38:02.128 [85]      4 : Running(cursor=0,len=1,running_child=0)
23 12:38:02.128 [85]        7 : Running(cursor=0,len=2,running_child=1)
23 12:38:02.128 [85]          8 : Running(cursor=0,len=2,reason=the key is not locked)
23 12:38:02.128 [85]            10 : Failure(key=calculated,reason=the key is not locked)
23 12:38:02.128 [85]          8 : Failure(cursor=0,len=2,reason=the key is not locked)
23 12:38:02.128 [85]        7 : Running(cursor=1,len=2,running_child=1)
23 12:38:02.128 [85]          9 : Running(cursor=0,len=2,running_child=1)
23 12:38:02.681 [85]            custom: Calculated
23 12:38:02.682 [85]            12 : Success(guard=calculated)
23 12:38:02.682 [85]          9 : Running(cursor=1,len=2,running_child=1)
23 12:38:02.682 [85]            13 : Running()
23 12:38:02.682 [85]          9 : Running(cursor=1,len=2,running_child=1)
23 12:38:02.682 [85]        7 : Running(cursor=1,len=2,running_child=1)
23 12:38:02.682 [85]      4 : Running(cursor=0,len=1,running_child=0)
23 12:38:02.682 [85]    2 : Running(cursor=1,len=2,running_child=1)
23 12:38:02.682 [85]  1 : Running(cursor=0,len=1)
23 12:38:02.682 [86]  next tick
23 12:38:02.682 [86]    2 : Running(cursor=0,len=2,running_child=1)
23 12:38:02.682 [86]      3 : Running(cursor=0,len=2,reason=io: the key is expected to be a bool)
23 12:38:02.683 [86]        5 : Failure(key=calculated,reason=io: the key is expected to be a bool)
23 12:38:02.683 [86]      3 : Failure(cursor=0,len=2,reason=io: the key is expected to be a bool)
23 12:38:02.683 [86]    2 : Running(cursor=1,len=2,running_child=1)
23 12:38:02.683 [86]      4 : Running(cursor=0,len=1,running_child=0)
23 12:38:02.683 [86]        7 : Running(cursor=0,len=2,running_child=1)
23 12:38:02.683 [86]          8 : Running(cursor=0,len=2,reason=the key is not locked)
23 12:38:02.683 [86]            10 : Failure(key=calculated,reason=the key is not locked)
23 12:38:02.683 [86]          8 : Failure(cursor=0,len=2,reason=the key is not locked)
23 12:38:02.683 [86]        7 : Running(cursor=1,len=2,running_child=1)
23 12:38:02.683 [86]          9 : Running(cursor=0,len=2,running_child=1)
23 12:38:03.237 [86]            custom: Calculated
23 12:38:03.238 [86]            12 : Success(guard=calculated)
23 12:38:03.238 [86]          9 : Running(cursor=1,len=2,running_child=1)
23 12:38:03.238 [86]            13 : Running()
23 12:38:03.238 [86]          9 : Running(cursor=1,len=2,running_child=1)
23 12:38:03.238 [86]        7 : Running(cursor=1,len=2,running_child=1)
23 12:38:03.238 [86]      4 : Running(cursor=0,len=1,running_child=0)
23 12:38:03.238 [86]    2 : Running(cursor=1,len=2,running_child=1)
23 12:38:03.238 [86]  1 : Running(cursor=0,len=1)
23 12:38:03.238 [87]  next tick
23 12:38:03.238 [87]    2 : Running(cursor=0,len=2,running_child=1)
23 12:38:03.238 [87]      3 : Running(cursor=0,len=2,reason=io: the key is expected to be a bool)
23 12:38:03.238 [87]        5 : Failure(key=calculated,reason=io: the key is expected to be a bool)
23 12:38:03.238 [87]      3 : Failure(cursor=0,len=2,reason=io: the key is expected to be a bool)
23 12:38:03.238 [87]    2 : Running(cursor=1,len=2,running_child=1)
23 12:38:03.238 [87]      4 : Running(cursor=0,len=1,running_child=0)
23 12:38:03.238 [87]        7 : Running(cursor=0,len=2,running_child=1)
23 12:38:03.238 [87]          8 : Running(cursor=0,len=2,reason=the key is not locked)
23 12:38:03.238 [87]            10 : Failure(key=calculated,reason=the key is not locked)
23 12:38:03.238 [87]          8 : Failure(cursor=0,len=2,reason=the key is not locked)
23 12:38:03.238 [87]        7 : Running(cursor=1,len=2,running_child=1)
23 12:38:03.238 [87]          9 : Running(cursor=0,len=2,running_child=1)
23 12:38:03.791 [87]            custom: Calculated
23 12:38:03.792 [87]            12 : Success(guard=calculated)
23 12:38:03.792 [87]          9 : Running(cursor=1,len=2,running_child=1)
23 12:38:03.792 [87]            13 : Running()
23 12:38:03.792 [87]          9 : Running(cursor=1,len=2,running_child=1)
23 12:38:03.792 [87]        7 : Running(cursor=1,len=2,running_child=1)
23 12:38:03.792 [87]      4 : Running(cursor=0,len=1,running_child=0)
23 12:38:03.792 [87]    2 : Running(cursor=1,len=2,running_child=1)
23 12:38:03.792 [87]  1 : Running(cursor=0,len=1)
23 12:38:03.792 [88]  next tick
23 12:38:03.792 [88]    2 : Running(cursor=0,len=2,running_child=1)
23 12:38:03.792 [88]      3 : Running(cursor=0,len=2,reason=io: the key is expected to be a bool)
23 12:38:03.792 [88]        5 : Failure(key=calculated,reason=io: the key is expected to be a bool)
23 12:38:03.792 [88]      3 : Failure(cursor=0,len=2,reason=io: the key is expected to be a bool)
23 12:38:03.792 [88]    2 : Running(cursor=1,len=2,running_child=1)
23 12:38:03.793 [88]      4 : Running(cursor=0,len=1,running_child=0)
23 12:38:03.793 [88]        7 : Running(cursor=0,len=2,running_child=1)
23 12:38:03.793 [88]          8 : Running(cursor=0,len=2,reason=the key is not locked)
23 12:38:03.793 [88]            10 : Failure(key=calculated,reason=the key is not locked)
23 12:38:03.793 [88]          8 : Failure(cursor=0,len=2,reason=the key is not locked)
23 12:38:03.793 [88]        7 : Running(cursor=1,len=2,running_child=1)
23 12:38:03.793 [88]          9 : Running(cursor=0,len=2,running_child=1)
23 12:38:04.347 [88]            custom: Calculated
23 12:38:04.348 [88]            12 : Success(guard=calculated)
23 12:38:04.348 [88]          9 : Running(cursor=1,len=2,running_child=1)
23 12:38:04.348 [88]            13 : Running()
23 12:38:04.348 [88]          9 : Running(cursor=1,len=2,running_child=1)
23 12:38:04.348 [88]        7 : Running(cursor=1,len=2,running_child=1)
23 12:38:04.348 [88]      4 : Running(cursor=0,len=1,running_child=0)
23 12:38:04.348 [88]    2 : Running(cursor=1,len=2,running_child=1)
23 12:38:04.348 [88]  1 : Running(cursor=0,len=1)
23 12:38:04.348 [89]  next tick
23 12:38:04.348 [89]    2 : Running(cursor=0,len=2,running_child=1)
23 12:38:04.348 [89]      3 : Running(cursor=0,len=2,reason=io: the key is expected to be a bool)
23 12:38:04.348 [89]        5 : Failure(key=calculated,reason=io: the key is expected to be a bool)
23 12:38:04.349 [89]      3 : Failure(cursor=0,len=2,reason=io: the key is expected to be a bool)
23 12:38:04.349 [89]    2 : Running(cursor=1,len=2,running_child=1)
23 12:38:04.349 [89]      4 : Running(cursor=0,len=1,running_child=0)
23 12:38:04.349 [89]        7 : Running(cursor=0,len=2,running_child=1)
23 12:38:04.349 [89]          8 : Running(cursor=0,len=2,reason=the key is not locked)
23 12:38:04.349 [89]            10 : Failure(key=calculated,reason=the key is not locked)
23 12:38:04.349 [89]          8 : Failure(cursor=0,len=2,reason=the key is not locked)
23 12:38:04.349 [89]        7 : Running(cursor=1,len=2,running_child=1)
23 12:38:04.349 [89]          9 : Running(cursor=0,len=2,running_child=1)
23 12:38:04.902 [89]            custom: Calculated
23 12:38:04.903 [89]            12 : Success(guard=calculated)
23 12:38:04.903 [89]          9 : Running(cursor=1,len=2,running_child=1)
23 12:38:04.903 [89]            13 : Running()
23 12:38:04.903 [89]          9 : Running(cursor=1,len=2,running_child=1)
23 12:38:04.903 [89]        7 : Running(cursor=1,len=2,running_child=1)
23 12:38:04.903 [89]      4 : Running(cursor=0,len=1,running_child=0)
23 12:38:04.903 [89]    2 : Running(cursor=1,len=2,running_child=1)
23 12:38:04.903 [89]  1 : Running(cursor=0,len=1)
23 12:38:04.903 [90]  next tick
23 12:38:04.903 [90]    2 : Running(cursor=0,len=2,running_child=1)
23 12:38:04.903 [90]      3 : Running(cursor=0,len=2,reason=io: the key is expected to be a bool)
23 12:38:04.903 [90]        5 : Failure(key=calculated,reason=io: the key is expected to be a bool)
23 12:38:04.903 [90]      3 : Failure(cursor=0,len=2,reason=io: the key is expected to be a bool)
23 12:38:04.903 [90]    2 : Running(cursor=1,len=2,running_child=1)
23 12:38:04.903 [90]      4 : Running(cursor=0,len=1,running_child=0)
23 12:38:04.903 [90]        7 : Running(cursor=0,len=2,running_child=1)
23 12:38:04.903 [90]          8 : Running(cursor=0,len=2,reason=the key is not locked)
23 12:38:04.903 [90]            10 : Failure(key=calculated,reason=the key is not locked)
23 12:38:04.903 [90]          8 : Failure(cursor=0,len=2,reason=the key is not locked)
23 12:38:04.903 [90]        7 : Running(cursor=1,len=2,running_child=1)
23 12:38:04.903 [90]          9 : Running(cursor=0,len=2,running_child=1)
23 12:38:05.458 [90]            custom: Calculated
23 12:38:05.459 [90]            12 : Success(guard=calculated)
23 12:38:05.459 [90]          9 : Running(cursor=1,len=2,running_child=1)
23 12:38:05.459 [90]            13 : Running()
23 12:38:05.459 [90]          9 : Running(cursor=1,len=2,running_child=1)
23 12:38:05.459 [90]        7 : Running(cursor=1,len=2,running_child=1)
23 12:38:05.459 [90]      4 : Running(cursor=0,len=1,running_child=0)
23 12:38:05.459 [90]    2 : Running(cursor=1,len=2,running_child=1)
23 12:38:05.459 [90]  1 : Running(cursor=0,len=1)
23 12:38:05.459 [91]  next tick
23 12:38:05.459 [91]    2 : Running(cursor=0,len=2,running_child=1)
23 12:38:05.459 [91]      3 : Running(cursor=0,len=2,reason=io: the key is expected to be a bool)
23 12:38:05.459 [91]        5 : Failure(key=calculated,reason=io: the key is expected to be a bool)
23 12:38:05.459 [91]      3 : Failure(cursor=0,len=2,reason=io: the key is expected to be a bool)
23 12:38:05.459 [91]    2 : Running(cursor=1,len=2,running_child=1)
23 12:38:05.459 [91]      4 : Running(cursor=0,len=1,running_child=0)
23 12:38:05.459 [91]        7 : Running(cursor=0,len=2,running_child=1)
23 12:38:05.459 [91]          8 : Running(cursor=0,len=2,reason=the key is not locked)
23 12:38:05.459 [91]            10 : Failure(key=calculated,reason=the key is not locked)
23 12:38:05.460 [91]          8 : Failure(cursor=0,len=2,reason=the key is not locked)
23 12:38:05.460 [91]        7 : Running(cursor=1,len=2,running_child=1)
23 12:38:05.460 [91]          9 : Running(cursor=0,len=2,running_child=1)
23 12:38:06.014 [91]            custom: Calculated
23 12:38:06.014 [91]            12 : Success(guard=calculated)
23 12:38:06.014 [91]          9 : Running(cursor=1,len=2,running_child=1)
23 12:38:06.014 [91]            13 : Running()
23 12:38:06.014 [91]          9 : Running(cursor=1,len=2,running_child=1)
23 12:38:06.014 [91]        7 : Running(cursor=1,len=2,running_child=1)
23 12:38:06.014 [91]      4 : Running(cursor=0,len=1,running_child=0)
23 12:38:06.014 [91]    2 : Running(cursor=1,len=2,running_child=1)
23 12:38:06.014 [91]  1 : Running(cursor=0,len=1)
23 12:38:06.014 [92]  next tick
23 12:38:06.014 [92]    2 : Running(cursor=0,len=2,running_child=1)
23 12:38:06.015 [92]      3 : Running(cursor=0,len=2,reason=io: the key is expected to be a bool)
23 12:38:06.015 [92]        5 : Failure(key=calculated,reason=io: the key is expected to be a bool)
23 12:38:06.015 [92]      3 : Failure(cursor=0,len=2,reason=io: the key is expected to be a bool)
23 12:38:06.015 [92]    2 : Running(cursor=1,len=2,running_child=1)
23 12:38:06.015 [92]      4 : Running(cursor=0,len=1,running_child=0)
23 12:38:06.015 [92]        7 : Running(cursor=0,len=2,running_child=1)
23 12:38:06.015 [92]          8 : Running(cursor=0,len=2,reason=the key is not locked)
23 12:38:06.015 [92]            10 : Failure(key=calculated,reason=the key is not locked)
23 12:38:06.015 [92]          8 : Failure(cursor=0,len=2,reason=the key is not locked)
23 12:38:06.015 [92]        7 : Running(cursor=1,len=2,running_child=1)
23 12:38:06.015 [92]          9 : Running(cursor=0,len=2,running_child=1)
23 12:38:06.568 [92]            custom: Calculated
23 12:38:06.569 [92]            12 : Success(guard=calculated)
23 12:38:06.569 [92]          9 : Running(cursor=1,len=2,running_child=1)
23 12:38:06.569 [92]            13 : Running()
23 12:38:06.569 [92]          9 : Running(cursor=1,len=2,running_child=1)
23 12:38:06.569 [92]        7 : Running(cursor=1,len=2,running_child=1)
23 12:38:06.569 [92]      4 : Running(cursor=0,len=1,running_child=0)
23 12:38:06.569 [92]    2 : Running(cursor=1,len=2,running_child=1)
23 12:38:06.569 [92]  1 : Running(cursor=0,len=1)
23 12:38:06.569 [93]  next tick
23 12:38:06.569 [93]    2 : Running(cursor=0,len=2,running_child=1)
23 12:38:06.569 [93]      3 : Running(cursor=0,len=2,reason=io: the key is expected to be a bool)
23 12:38:06.569 [93]        5 : Failure(key=calculated,reason=io: the key is expected to be a bool)
23 12:38:06.569 [93]      3 : Failure(cursor=0,len=2,reason=io: the key is expected to be a bool)
23 12:38:06.570 [93]    2 : Running(cursor=1,len=2,running_child=1)
23 12:38:06.570 [93]      4 : Running(cursor=0,len=1,running_child=0)
23 12:38:06.570 [93]        7 : Running(cursor=0,len=2,running_child=1)
23 12:38:06.570 [93]          8 : Running(cursor=0,len=2,reason=the key is not locked)
23 12:38:06.570 [93]            10 : Failure(key=calculated,reason=the key is not locked)
23 12:38:06.570 [93]          8 : Failure(cursor=0,len=2,reason=the key is not locked)
23 12:38:06.570 [93]        7 : Running(cursor=1,len=2,running_child=1)
23 12:38:06.570 [93]          9 : Running(cursor=0,len=2,running_child=1)
23 12:38:07.123 [93]            custom: Calculated
23 12:38:07.124 [93]            12 : Success(guard=calculated)
23 12:38:07.124 [93]          9 : Running(cursor=1,len=2,running_child=1)
23 12:38:07.124 [93]            13 : Running()
23 12:38:07.124 [93]          9 : Running(cursor=1,len=2,running_child=1)
23 12:38:07.124 [93]        7 : Running(cursor=1,len=2,running_child=1)
23 12:38:07.124 [93]      4 : Running(cursor=0,len=1,running_child=0)
23 12:38:07.124 [93]    2 : Running(cursor=1,len=2,running_child=1)
23 12:38:07.124 [93]  1 : Running(cursor=0,len=1)
23 12:38:07.124 [94]  next tick
23 12:38:07.124 [94]    2 : Running(cursor=0,len=2,running_child=1)
23 12:38:07.124 [94]      3 : Running(cursor=0,len=2,reason=io: the key is expected to be a bool)
23 12:38:07.124 [94]        5 : Failure(key=calculated,reason=io: the key is expected to be a bool)
23 12:38:07.124 [94]      3 : Failure(cursor=0,len=2,reason=io: the key is expected to be a bool)
23 12:38:07.124 [94]    2 : Running(cursor=1,len=2,running_child=1)
23 12:38:07.124 [94]      4 : Running(cursor=0,len=1,running_child=0)
23 12:38:07.124 [94]        7 : Running(cursor=0,len=2,running_child=1)
23 12:38:07.125 [94]          8 : Running(cursor=0,len=2,reason=the key is not locked)
23 12:38:07.125 [94]            10 : Failure(key=calculated,reason=the key is not locked)
23 12:38:07.125 [94]          8 : Failure(cursor=0,len=2,reason=the key is not locked)
23 12:38:07.125 [94]        7 : Running(cursor=1,len=2,running_child=1)
23 12:38:07.125 [94]          9 : Running(cursor=0,len=2,running_child=1)
23 12:38:07.678 [94]            custom: Calculated
23 12:38:07.679 [94]            12 : Success(guard=calculated)
23 12:38:07.679 [94]          9 : Running(cursor=1,len=2,running_child=1)
23 12:38:07.679 [94]            13 : Running()
23 12:38:07.679 [94]          9 : Running(cursor=1,len=2,running_child=1)
23 12:38:07.679 [94]        7 : Running(cursor=1,len=2,running_child=1)
23 12:38:07.679 [94]      4 : Running(cursor=0,len=1,running_child=0)
23 12:38:07.679 [94]    2 : Running(cursor=1,len=2,running_child=1)
23 12:38:07.679 [94]  1 : Running(cursor=0,len=1)
23 12:38:07.679 [95]  next tick
23 12:38:07.679 [95]    2 : Running(cursor=0,len=2,running_child=1)
23 12:38:07.679 [95]      3 : Running(cursor=0,len=2,reason=io: the key is expected to be a bool)
23 12:38:07.679 [95]        5 : Failure(key=calculated,reason=io: the key is expected to be a bool)
23 12:38:07.679 [95]      3 : Failure(cursor=0,len=2,reason=io: the key is expected to be a bool)
23 12:38:07.679 [95]    2 : Running(cursor=1,len=2,running_child=1)
23 12:38:07.679 [95]      4 : Running(cursor=0,len=1,running_child=0)
23 12:38:07.679 [95]        7 : Running(cursor=0,len=2,running_child=1)
23 12:38:07.679 [95]          8 : Running(cursor=0,len=2,reason=the key is not locked)
23 12:38:07.679 [95]            10 : Failure(key=calculated,reason=the key is not locked)
23 12:38:07.679 [95]          8 : Failure(cursor=0,len=2,reason=the key is not locked)
23 12:38:07.679 [95]        7 : Running(cursor=1,len=2,running_child=1)
23 12:38:07.679 [95]          9 : Running(cursor=0,len=2,running_child=1)
23 12:38:08.233 [95]            custom: Calculated
23 12:38:08.234 [95]            12 : Success(guard=calculated)
23 12:38:08.234 [95]          9 : Running(cursor=1,len=2,running_child=1)
23 12:38:08.234 [95]            13 : Running()
23 12:38:08.234 [95]          9 : Running(cursor=1,len=2,running_child=1)
23 12:38:08.234 [95]        7 : Running(cursor=1,len=2,running_child=1)
23 12:38:08.234 [95]      4 : Running(cursor=0,len=1,running_child=0)
23 12:38:08.234 [95]    2 : Running(cursor=1,len=2,running_child=1)
23 12:38:08.234 [95]  1 : Running(cursor=0,len=1)
23 12:38:08.234 [96]  next tick
23 12:38:08.234 [96]    2 : Running(cursor=0,len=2,running_child=1)
23 12:38:08.234 [96]      3 : Running(cursor=0,len=2,reason=io: the key is expected to be a bool)
23 12:38:08.234 [96]        5 : Failure(key=calculated,reason=io: the key is expected to be a bool)
23 12:38:08.234 [96]      3 : Failure(cursor=0,len=2,reason=io: the key is expected to be a bool)
23 12:38:08.234 [96]    2 : Running(cursor=1,len=2,running_child=1)
23 12:38:08.234 [96]      4 : Running(cursor=0,len=1,running_child=0)
23 12:38:08.234 [96]        7 : Running(cursor=0,len=2,running_child=1)
23 12:38:08.234 [96]          8 : Running(cursor=0,len=2,reason=the key is not locked)
23 12:38:08.234 [96]            10 : Failure(key=calculated,reason=the key is not locked)
23 12:38:08.234 [96]          8 : Failure(cursor=0,len=2,reason=the key is not locked)
23 12:38:08.234 [96]        7 : Running(cursor=1,len=2,running_child=1)
23 12:38:08.234 [96]          9 : Running(cursor=0,len=2,running_child=1)
23 12:38:08.789 [96]            custom: Calculated
23 12:38:08.790 [96]            12 : Success(guard=calculated)
23 12:38:08.790 [96]          9 : Running(cursor=1,len=2,running_child=1)
23 12:38:08.790 [96]            13 : Running()
23 12:38:08.790 [96]          9 : Running(cursor=1,len=2,running_child=1)
23 12:38:08.790 [96]        7 : Running(cursor=1,len=2,running_child=1)
23 12:38:08.790 [96]      4 : Running(cursor=0,len=1,running_child=0)
23 12:38:08.790 [96]    2 : Running(cursor=1,len=2,running_child=1)
23 12:38:08.790 [96]  1 : Running(cursor=0,len=1)
23 12:38:08.790 [97]  next tick
23 12:38:08.790 [97]    2 : Running(cursor=0,len=2,running_child=1)
23 12:38:08.790 [97]      3 : Running(cursor=0,len=2,reason=io: the key is expected to be a bool)
23 12:38:08.791 [97]        5 : Failure(key=calculated,reason=io: the key is expected to be a bool)
23 12:38:08.791 [97]      3 : Failure(cursor=0,len=2,reason=io: the key is expected to be a bool)
23 12:38:08.791 [97]    2 : Running(cursor=1,len=2,running_child=1)
23 12:38:08.791 [97]      4 : Running(cursor=0,len=1,running_child=0)
23 12:38:08.791 [97]        7 : Running(cursor=0,len=2,running_child=1)
23 12:38:08.791 [97]          8 : Running(cursor=0,len=2,reason=the key is not locked)
23 12:38:08.791 [97]            10 : Failure(key=calculated,reason=the key is not locked)
23 12:38:08.791 [97]          8 : Failure(cursor=0,len=2,reason=the key is not locked)
23 12:38:08.791 [97]        7 : Running(cursor=1,len=2,running_child=1)
23 12:38:08.791 [97]          9 : Running(cursor=0,len=2,running_child=1)
23 12:38:09.344 [97]            custom: Calculated
23 12:38:09.345 [97]            12 : Success(guard=calculated)
23 12:38:09.345 [97]          9 : Running(cursor=1,len=2,running_child=1)
23 12:38:09.345 [97]            13 : Running()
23 12:38:09.345 [97]          9 : Running(cursor=1,len=2,running_child=1)
23 12:38:09.345 [97]        7 : Running(cursor=1,len=2,running_child=1)
23 12:38:09.345 [97]      4 : Running(cursor=0,len=1,running_child=0)
23 12:38:09.345 [97]    2 : Running(cursor=1,len=2,running_child=1)
23 12:38:09.345 [97]  1 : Running(cursor=0,len=1)
23 12:38:09.345 [98]  next tick
23 12:38:09.345 [98]    2 : Running(cursor=0,len=2,running_child=1)
23 12:38:09.345 [98]      3 : Running(cursor=0,len=2,reason=io: the key is expected to be a bool)
23 12:38:09.345 [98]        5 : Failure(key=calculated,reason=io: the key is expected to be a bool)
23 12:38:09.345 [98]      3 : Failure(cursor=0,len=2,reason=io: the key is expected to be a bool)
23 12:38:09.346 [98]    2 : Running(cursor=1,len=2,running_child=1)
23 12:38:09.346 [98]      4 : Running(cursor=0,len=1,running_child=0)
23 12:38:09.346 [98]        7 : Running(cursor=0,len=2,running_child=1)
23 12:38:09.346 [98]          8 : Running(cursor=0,len=2,reason=the key is not locked)
23 12:38:09.346 [98]            10 : Failure(key=calculated,reason=the key is not locked)
23 12:38:09.346 [98]          8 : Failure(cursor=0,len=2,reason=the key is not locked)
23 12:38:09.346 [98]        7 : Running(cursor=1,len=2,running_child=1)
23 12:38:09.346 [98]          9 : Running(cursor=0,len=2,running_child=1)
23 12:38:09.901 [98]            custom: Calculated
23 12:38:09.902 [98]            12 : Success(guard=calculated)
23 12:38:09.903 [98]          9 : Running(cursor=1,len=2,running_child=1)
23 12:38:09.903 [98]            13 : Running()
23 12:38:09.903 [98]          9 : Running(cursor=1,len=2,running_child=1)
23 12:38:09.903 [98]        7 : Running(cursor=1,len=2,running_child=1)
23 12:38:09.903 [98]      4 : Running(cursor=0,len=1,running_child=0)
23 12:38:09.903 [98]    2 : Running(cursor=1,len=2,running_child=1)
23 12:38:09.903 [98]  1 : Running(cursor=0,len=1)
23 12:38:09.903 [99]  next tick
23 12:38:09.903 [99]    2 : Running(cursor=0,len=2,running_child=1)
23 12:38:09.903 [99]      3 : Running(cursor=0,len=2,reason=io: the key is expected to be a bool)
23 12:38:09.903 [99]        5 : Failure(key=calculated,reason=io: the key is expected to be a bool)
23 12:38:09.903 [99]      3 : Failure(cursor=0,len=2,reason=io: the key is expected to be a bool)
23 12:38:09.903 [99]    2 : Running(cursor=1,len=2,running_child=1)
23 12:38:09.903 [99]      4 : Running(cursor=0,len=1,running_child=0)
23 12:38:09.903 [99]        7 : Running(cursor=0,len=2,running_child=1)
23 12:38:09.903 [99]          8 : Running(cursor=0,len=2,reason=the key is not locked)
23 12:38:09.903 [99]            10 : Failure(key=calculated,reason=the key is not locked)
23 12:38:09.903 [99]          8 : Failure(cursor=0,len=2,reason=the key is not locked)
23 12:38:09.903 [99]        7 : Running(cursor=1,len=2,running_child=1)
23 12:38:09.903 [99]          9 : Running(cursor=0,len=2,running_child=1)
23 12:38:10.457 [99]            custom: Calculated
23 12:38:10.458 [99]            12 : Success(guard=calculated)
23 12:38:10.458 [99]          9 : Running(cursor=1,len=2,running_child=1)
23 12:38:10.458 [99]            13 : Running()
23 12:38:10.458 [99]          9 : Running(cursor=1,len=2,running_child=1)
23 12:38:10.458 [99]        7 : Running(cursor=1,len=2,running_child=1)
23 12:38:10.458 [99]      4 : Running(cursor=0,len=1,running_child=0)
23 12:38:10.458 [99]    2 : Running(cursor=1,len=2,running_child=1)
23 12:38:10.458 [99]  1 : Running(cursor=0,len=1)
23 12:38:10.458 [100]  next tick
23 12:41:56.203 [1]  1 : Running(cursor=0,len=1)
23 12:41:56.204 [1]    2 : Running(cursor=0,len=2)
23 12:41:56.204 [1]      3 : Running(cursor=0,len=2)
23 12:41:56.204 [1]        5 : Failure(key=calculated,reason=io: the key is expected to be a bool)
23 12:41:56.204 [1]      3 : Failure(cursor=0,len=2,reason=io: the key is expected to be a bool)
23 12:41:56.204 [1]    2 : Running(cursor=1,len=2)
23 12:41:56.204 [1]      4 : Running(cursor=0,len=1)
23 12:41:56.204 [1]        7 : Running(cursor=0,len=2)
23 12:41:56.204 [1]          8 : Running(cursor=0,len=2)
23 12:41:56.204 [1]            10 : Failure(key=calculated,reason=the key is not locked)
23 12:41:56.204 [1]          8 : Failure(cursor=0,len=2,reason=the key is not locked)
23 12:41:56.204 [1]        7 : Running(cursor=1,len=2)
23 12:41:56.204 [1]          9 : Running(cursor=0,len=2)
23 12:41:56.759 [1]            custom: Calculated
23 12:41:56.759 [1]            12 : Success(guard=calculated)
23 12:41:56.760 [1]          9 : Running(cursor=1,len=2)
23 12:41:56.760 [1]            13 : Running()
23 12:41:56.760 [1]          9 : Running(cursor=1,len=2,running_child=1)
23 12:41:56.760 [1]        7 : Running(cursor=1,len=2,running_child=1)
23 12:41:56.760 [1]      4 : Running(cursor=0,len=1,running_child=0)
23 12:41:56.760 [1]    2 : Running(cursor=1,len=2,running_child=1)
23 12:41:56.760 [2]  next tick
23 12:41:56.760 [2]    2 : Running(cursor=0,len=2,running_child=1)
23 12:41:56.760 [2]      3 : Running(cursor=0,len=2,reason=io: the key is expected to be a bool)
23 12:41:56.760 [2]        5 : Failure(key=calculated,reason=io: the key is expected to be a bool)
23 12:41:56.760 [2]      3 : Failure(cursor=0,len=2,reason=io: the key is expected to be a bool)
23 12:41:56.760 [2]    2 : Running(cursor=1,len=2,running_child=1)
23 12:41:56.760 [2]      4 : Running(cursor=0,len=1,running_child=0)
23 12:41:56.760 [2]        7 : Running(cursor=0,len=2,running_child=1)
23 12:41:56.760 [2]          8 : Running(cursor=0,len=2,reason=the key is not locked)
23 12:41:56.760 [2]            10 : Failure(key=calculated,reason=the key is not locked)
23 12:41:56.760 [2]          8 : Failure(cursor=0,len=2,reason=the key is not locked)
23 12:41:56.760 [2]        7 : Running(cursor=1,len=2,running_child=1)
23 12:41:56.760 [2]          9 : Running(cursor=0,len=2,running_child=1)
23 12:41:57.314 [2]            custom: Calculated
23 12:41:57.315 [2]            12 : Success(guard=calculated)
23 12:41:57.315 [2]          9 : Running(cursor=1,len=2,running_child=1)
23 12:41:57.315 [2]            13 : Running()
23 12:41:57.315 [2]          9 : Running(cursor=1,len=2,running_child=1)
23 12:41:57.315 [2]        7 : Running(cursor=1,len=2,running_child=1)
23 12:41:57.315 [2]      4 : Running(cursor=0,len=1,running_child=0)
23 12:41:57.315 [2]    2 : Running(cursor=1,len=2,running_child=1)
23 12:41:57.315 [2]  1 : Running(cursor=0,len=1)
23 12:41:57.315 [3]  next tick
23 12:41:57.316 [3]    2 : Running(cursor=0,len=2,running_child=1)
23 12:41:57.316 [3]      3 : Running(cursor=0,len=2,reason=io: the key is expected to be a bool)
23 12:41:57.316 [3]        5 : Failure(key=calculated,reason=io: the key is expected to be a bool)
23 12:41:57.316 [3]      3 : Failure(cursor=0,len=2,reason=io: the key is expected to be a bool)
23 12:41:57.316 [3]    2 : Running(cursor=1,len=2,running_child=1)
23 12:41:57.316 [3]      4 : Running(cursor=0,len=1,running_child=0)
23 12:41:57.316 [3]        7 : Running(cursor=0,len=2,running_child=1)
23 12:41:57.316 [3]          8 : Running(cursor=0,len=2,reason=the key is not locked)
23 12:41:57.316 [3]            10 : Failure(key=calculated,reason=the key is not locked)
23 12:41:57.316 [3]          8 : Failure(cursor=0,len=2,reason=the key is not locked)
23 12:41:57.316 [3]        7 : Running(cursor=1,len=2,running_child=1)
23 12:41:57.316 [3]          9 : Running(cursor=0,len=2,running_child=1)
23 12:41:57.869 [3]            custom: Calculated
23 12:41:57.870 [3]            12 : Success(guard=calculated)
23 12:41:57.870 [3]          9 : Running(cursor=1,len=2,running_child=1)
23 12:41:57.870 [3]            13 : Running()
23 12:41:57.870 [3]          9 : Running(cursor=1,len=2,running_child=1)
23 12:41:57.870 [3]        7 : Running(cursor=1,len=2,running_child=1)
23 12:41:57.870 [3]      4 : Running(cursor=0,len=1,running_child=0)
23 12:41:57.870 [3]    2 : Running(cursor=1,len=2,running_child=1)
23 12:41:57.870 [3]  1 : Running(cursor=0,len=1)
23 12:41:57.870 [4]  next tick
23 12:41:57.870 [4]    2 : Running(cursor=0,len=2,running_child=1)
23 12:41:57.870 [4]      3 : Running(cursor=0,len=2,reason=io: the key is expected to be a bool)
23 12:41:57.871 [4]        5 : Failure(key=calculated,reason=io: the key is expected to be a bool)
23 12:41:57.871 [4]      3 : Failure(cursor=0,len=2,reason=io: the key is expected to be a bool)
23 12:41:57.871 [4]    2 : Running(cursor=1,len=2,running_child=1)
23 12:41:57.871 [4]      4 : Running(cursor=0,len=1,running_child=0)
23 12:41:57.871 [4]        7 : Running(cursor=0,len=2,running_child=1)
23 12:41:57.871 [4]          8 : Running(cursor=0,len=2,reason=the key is not locked)
23 12:41:57.871 [4]            10 : Failure(key=calculated,reason=the key is not locked)
23 12:41:57.871 [4]          8 : Failure(cursor=0,len=2,reason=the key is not locked)
23 12:41:57.871 [4]        7 : Running(cursor=1,len=2,running_child=1)
23 12:41:57.871 [4]          9 : Running(cursor=0,len=2,running_child=1)
23 12:41:58.425 [4]            custom: Calculated
23 12:41:58.426 [4]            12 : Success(guard=calculated)
23 12:41:58.426 [4]          9 : Running(cursor=1,len=2,running_child=1)
23 12:41:58.426 [4]            13 : Running()
23 12:41:58.426 [4]          9 : Running(cursor=1,len=2,running_child=1)
23 12:41:58.426 [4]        7 : Running(cursor=1,len=2,running_child=1)
23 12:41:58.426 [4]      4 : Running(cursor=0,len=1,running_child=0)
23 12:41:58.426 [4]    2 : Running(cursor=1,len=2,running_child=1)
23 12:41:58.426 [4]  1 : Running(cursor=0,len=1)
23 12:41:58.426 [5]  next tick
23 12:41:58.426 [5]    2 : Running(cursor=0,len=2,running_child=1)
23 12:41:58.426 [5]      3 : Running(cursor=0,len=2,reason=io: the key is expected to be a bool)
23 12:41:58.426 [5]        5 : Failure(key=calculated,reason=io: the key is expected to be a bool)
23 12:41:58.426 [5]      3 : Failure(cursor=0,len=2,reason=io: the key is expected to be a bool)
23 12:41:58.426 [5]    2 : Running(cursor=1,len=2,running_child=1)
23 12:41:58.426 [5]      4 : Running(cursor=0,len=1,running_child=0)
23 12:41:58.426 [5]        7 : Running(cursor=0,len=2,running_child=1)
23 12:41:58.426 [5]          8 : Running(cursor=0,len=2,reason=the key is not locked)
23 12:41:58.426 [5]            10 : Failure(key=calculated,reason=the key is not locked)
23 12:41:58.426 [5]          8 : Failure(cursor=0,len=2,reason=the key is not locked)
23 12:41:58.426 [5]        7 : Running(cursor=1,len=2,running_child=1)
23 12:41:58.426 [5]          9 : Running(cursor=0,len=2,running_child=1)
23 12:41:58.980 [5]            custom: Calculated
23 12:41:58.980 [5]            12 : Success(guard=calculated)
23 12:41:58.980 [5]          9 : Running(cursor=1,len=2,running_child=1)
23 12:41:58.980 [5]            13 : Running()
23 12:41:58.980 [5]          9 : Running(cursor=1,len=2,running_child=1)
23 12:41:58.980 [5]        7 : Running(cursor=1,len=2,running_child=1)
23 12:41:58.981 [5]      4 : Running(cursor=0,len=1,running_child=0)
23 12:41:58.981 [5]    2 : Running(cursor=1,len=2,running_child=1)
23 12:41:58.981 [5]  1 : Running(cursor=0,len=1)
23 12:41:58.981 [6]  next tick
23 12:41:58.981 [6]    2 : Running(cursor=0,len=2,running_child=1)
23 12:41:58.981 [6]      3 : Running(cursor=0,len=2,reason=io: the key is expected to be a bool)
23 12:41:58.981 [6]        5 : Failure(key=calculated,reason=io: the key is expected to be a bool)
23 12:41:58.981 [6]      3 : Failure(cursor=0,len=2,reason=io: the key is expected to be a bool)
23 12:41:58.981 [6]    2 : Running(cursor=1,len=2,running_child=1)
23 12:41:58.981 [6]      4 : Running(cursor=0,len=1,running_child=0)
23 12:41:58.981 [6]        7 : Running(cursor=0,len=2,running_child=1)
23 12:41:58.981 [6]          8 : Running(cursor=0,len=2,reason=the key is not locked)
23 12:41:58.981 [6]            10 : Failure(key=calculated,reason=the key is not locked)
23 12:41:58.981 [6]          8 : Failure(cursor=0,len=2,reason=the key is not locked)
23 12:41:58.981 [6]        7 : Running(cursor=1,len=2,running_child=1)
23 12:41:58.981 [6]          9 : Running(cursor=0,len=2,running_child=1)
23 12:41:59.536 [6]            custom: Calculated
23 12:41:59.537 [6]            12 : Success(guard=calculated)
23 12:41:59.537 [6]          9 : Running(cursor=1,len=2,running_child=1)
23 12:41:59.537 [6]            13 : Running()
23 12:41:59.537 [6]          9 : Running(cursor=1,len=2,running_child=1)
23 12:41:59.537 [6]        7 : Running(cursor=1,len=2,running_child=1)
23 12:41:59.537 [6]      4 : Running(cursor=0,len=1,running_child=0)
23 12:41:59.537 [6]    2 : Running(cursor=1,len=2,running_child=1)
23 12:41:59.537 [6]  1 : Running(cursor=0,len=1)
23 12:41:59.537 [7]  next tick
23 12:41:59.537 [7]    2 : Running(cursor=0,len=2,running_child=1)
23 12:41:59.537 [7]      3 : Running(cursor=0,len=2,reason=io: the key is expected to be a bool)
23 12:41:59.537 [7]        5 : Failure(key=calculated,reason=io: the key is expected to be a bool)
23 12:41:59.537 [7]      3 : Failure(cursor=0,len=2,reason=io: the key is expected to be a bool)
23 12:41:59.537 [7]    2 : Running(cursor=1,len=2,running_child=1)
23 12:41:59.537 [7]      4 : Running(cursor=0,len=1,running_child=0)
23 12:41:59.537 [7]        7 : Running(cursor=0,len=2,running_child=1)
23 12:41:59.537 [7]          8 : Running(cursor=0,len=2,reason=the key is not locked)
23 12:41:59.537 [7]            10 : Failure(key=calculated,reason=the key is not locked)
23 12:41:59.537 [7]          8 : Failure(cursor=0,len=2,reason=the key is not locked)
23 12:41:59.537 [7]        7 : Running(cursor=1,len=2,running_child=1)
23 12:41:59.537 [7]          9 : Running(cursor=0,len=2,running_child=1)
23 12:42:00.091 [7]            custom: Calculated
23 12:42:00.092 [7]            12 : Success(guard=calculated)
23 12:42:00.092 [7]          9 : Running(cursor=1,len=2,running_child=1)
23 12:42:00.092 [7]            13 : Running()
23 12:42:00.092 [7]          9 : Running(cursor=1,len=2,running_child=1)
23 12:42:00.092 [7]        7 : Running(cursor=1,len=2,running_child=1)
23 12:42:00.092 [7]      4 : Running(cursor=0,len=1,running_child=0)
23 12:42:00.092 [7]    2 : Running(cursor=1,len=2,running_child=1)
23 12:42:00.092 [7]  1 : Running(cursor=0,len=1)
23 12:42:00.092 [8]  next tick
23 12:42:00.093 [8]    2 : Running(cursor=0,len=2,running_child=1)
23 12:42:00.093 [8]      3 : Running(cursor=0,len=2,reason=io: the key is expected to be a bool)
23 12:42:00.093 [8]        5 : Failure(key=calculated,reason=io: the key is expected to be a bool)
23 12:42:00.093 [8]      3 : Failure(cursor=0,len=2,reason=io: the key is expected to be a bool)
23 12:42:00.093 [8]    2 : Running(cursor=1,len=2,running_child=1)
23 12:42:00.093 [8]      4 : Running(cursor=0,len=1,running_child=0)
23 12:42:00.093 [8]        7 : Running(cursor=0,len=2,running_child=1)
23 12:42:00.093 [8]          8 : Running(cursor=0,len=2,reason=the key is not locked)
23 12:42:00.093 [8]            10 : Failure(key=calculated,reason=the key is not locked)
23 12:42:00.093 [8]          8 : Failure(cursor=0,len=2,reason=the key is not locked)
23 12:42:00.093 [8]        7 : Running(cursor=1,len=2,running_child=1)
23 12:42:00.093 [8]          9 : Running(cursor=0,len=2,running_child=1)
23 12:42:00.648 [8]            custom: Calculated
23 12:42:00.648 [8]            12 : Success(guard=calculated)
23 12:42:00.648 [8]          9 : Running(cursor=1,len=2,running_child=1)
23 12:42:00.649 [8]            13 : Running()
23 12:42:00.649 [8]          9 : Running(cursor=1,len=2,running_child=1)
23 12:42:00.649 [8]        7 : Running(cursor=1,len=2,running_child=1)
23 12:42:00.649 [8]      4 : Running(cursor=0,len=1,running_child=0)
23 12:42:00.649 [8]    2 : Running(cursor=1,len=2,running_child=1)
23 12:42:00.649 [8]  1 : Running(cursor=0,len=1)
23 12:42:00.649 [9]  next tick
23 12:42:00.649 [9]    2 : Running(cursor=0,len=2,running_child=1)
23 12:42:00.649 [9]      3 : Running(cursor=0,len=2,reason=io: the key is expected to be a bool)
23 12:42:00.649 [9]        5 : Failure(key=calculated,reason=io: the key is expected to be a bool)
23 12:42:00.649 [9]      3 : Failure(cursor=0,len=2,reason=io: the key is expected to be a bool)
23 12:42:00.649 [9]    2 : Running(cursor=1,len=2,running_child=1)
23 12:42:00.649 [9]      4 : Running(cursor=0,len=1,running_child=0)
23 12:42:00.649 [9]        7 : Running(cursor=0,len=2,running_child=1)
23 12:42:00.649 [9]          8 : Running(cursor=0,len=2,reason=the key is not locked)
23 12:42:00.649 [9]            10 : Failure(key=calculated,reason=the key is not locked)
23 12:42:00.649 [9]          8 : Failure(cursor=0,len=2,reason=the key is not locked)
23 12:42:00.649 [9]        7 : Running(cursor=1,len=2,running_child=1)
23 12:42:00.649 [9]          9 : Running(cursor=0,len=2,running_child=1)
23 12:42:01.204 [9]            custom: Calculated
23 12:42:01.205 [9]            12 : Success(guard=calculated)
23 12:42:01.206 [9]          9 : Running(cursor=1,len=2,running_child=1)
23 12:42:01.206 [9]            13 : Running()
23 12:42:01.206 [9]          9 : Running(cursor=1,len=2,running_child=1)
23 12:42:01.206 [9]        7 : Running(cursor=1,len=2,running_child=1)
23 12:42:01.206 [9]      4 : Running(cursor=0,len=1,running_child=0)
23 12:42:01.206 [9]    2 : Running(cursor=1,len=2,running_child=1)
23 12:42:01.206 [9]  1 : Running(cursor=0,len=1)
23 12:42:01.206 [10]  next tick
23 12:42:01.206 [10]    2 : Running(cursor=0,len=2,running_child=1)
23 12:42:01.206 [10]      3 : Running(cursor=0,len=2,reason=io: the key is expected to be a bool)
23 12:42:01.206 [10]        5 : Failure(key=calculated,reason=io: the key is expected to be a bool)
23 12:42:01.206 [10]      3 : Failure(cursor=0,len=2,reason=io: the key is expected to be a bool)
23 12:42:01.206 [10]    2 : Running(cursor=1,len=2,running_child=1)
23 12:42:01.206 [10]      4 : Running(cursor=0,len=1,running_child=0)
23 12:42:01.206 [10]        7 : Running(cursor=0,len=2,running_child=1)
23 12:42:01.206 [10]          8 : Running(cursor=0,len=2,reason=the key is not locked)
23 12:42:01.206 [10]            10 : Failure(key=calculated,reason=the key is not locked)
23 12:42:01.206 [10]          8 : Failure(cursor=0,len=2,reason=the key is not locked)
23 12:42:01.206 [10]        7 : Running(cursor=1,len=2,running_child=1)
23 12:42:01.206 [10]          9 : Running(cursor=0,len=2,running_child=1)
23 12:42:01.761 [10]            custom: Calculated
23 12:42:01.762 [10]            12 : Success(guard=calculated)
23 12:42:01.762 [10]          9 : Running(cursor=1,len=2,running_child=1)
23 12:42:01.762 [10]            13 : Running()
23 12:42:01.762 [10]          9 : Running(cursor=1,len=2,running_child=1)
23 12:42:01.762 [10]        7 : Running(cursor=1,len=2,running_child=1)
23 12:42:01.762 [10]      4 : Running(cursor=0,len=1,running_child=0)
23 12:42:01.762 [10]    2 : Running(cursor=1,len=2,running_child=1)
23 12:42:01.762 [10]  1 : Running(cursor=0,len=1)
23 12:42:01.762 [11]  next tick
23 12:42:01.762 [11]    2 : Running(cursor=0,len=2,running_child=1)
23 12:42:01.762 [11]      3 : Running(cursor=0,len=2,reason=io: the key is expected to be a bool)
23 12:42:01.762 [11]        5 : Failure(key=calculated,reason=io: the key is expected to be a bool)
23 12:42:01.763 [11]      3 : Failure(cursor=0,len=2,reason=io: the key is expected to be a bool)
23 12:42:01.763 [11]    2 : Running(cursor=1,len=2,running_child=1)
23 12:42:01.763 [11]      4 : Running(cursor=0,len=1,running_child=0)
23 12:42:01.763 [11]        7 : Running(cursor=0,len=2,running_child=1)
23 12:42:01.763 [11]          8 : Running(cursor=0,len=2,reason=the key is not locked)
23 12:42:01.763 [11]            10 : Failure(key=calculated,reason=the key is not locked)
23 12:42:01.763 [11]          8 : Failure(cursor=0,len=2,reason=the key is not locked)
23 12:42:01.763 [11]        7 : Running(cursor=1,len=2,running_child=1)
23 12:42:01.763 [11]          9 : Running(cursor=0,len=2,running_child=1)
23 12:42:02.316 [11]            custom: Calculated
23 12:42:02.317 [11]            12 : Success(guard=calculated)
23 12:42:02.317 [11]          9 : Running(cursor=1,len=2,running_child=1)
23 12:42:02.317 [11]            13 : Running()
23 12:42:02.317 [11]          9 : Running(cursor=1,len=2,running_child=1)
23 12:42:02.317 [11]        7 : Running(cursor=1,len=2,running_child=1)
23 12:42:02.317 [11]      4 : Running(cursor=0,len=1,running_child=0)
23 12:42:02.317 [11]    2 : Running(cursor=1,len=2,running_child=1)
23 12:42:02.317 [11]  1 : Running(cursor=0,len=1)
23 12:42:02.317 [12]  next tick
23 12:42:02.317 [12]    2 : Running(cursor=0,len=2,running_child=1)
23 12:42:02.317 [12]      3 : Running(cursor=0,len=2,reason=io: the key is expected to be a bool)
23 12:42:02.317 [12]        5 : Failure(key=calculated,reason=io: the key is expected to be a bool)
23 12:42:02.317 [12]      3 : Failure(cursor=0,len=2,reason=io: the key is expected to be a bool)
23 12:42:02.317 [12]    2 : Running(cursor=1,len=2,running_child=1)
23 12:42:02.317 [12]      4 : Running(cursor=0,len=1,running_child=0)
23 12:42:02.317 [12]        7 : Running(cursor=0,len=2,running_child=1)
23 12:42:02.317 [12]          8 : Running(cursor=0,len=2,reason=the key is not locked)
23 12:42:02.317 [12]            10 : Failure(key=calculated,reason=the key is not locked)
23 12:42:02.317 [12]          8 : Failure(cursor=0,len=2,reason=the key is not locked)
23 12:42:02.317 [12]        7 : Running(cursor=1,len=2,running_child=1)
23 12:42:02.317 [12]          9 : Running(cursor=0,len=2,running_child=1)
23 12:42:02.871 [12]            custom: Calculated
23 12:42:02.872 [12]            12 : Success(guard=calculated)
23 12:42:02.872 [12]          9 : Running(cursor=1,len=2,running_child=1)
23 12:42:02.872 [12]            13 : Running()
23 12:42:02.872 [12]          9 : Running(cursor=1,len=2,running_child=1)
23 12:42:02.872 [12]        7 : Running(cursor=1,len=2,running_child=1)
23 12:42:02.872 [12]      4 : Running(cursor=0,len=1,running_child=0)
23 12:42:02.872 [12]    2 : Running(cursor=1,len=2,running_child=1)
23 12:42:02.872 [12]  1 : Running(cursor=0,len=1)
23 12:42:02.872 [13]  next tick
23 12:42:02.872 [13]    2 : Running(cursor=0,len=2,running_child=1)
23 12:42:02.872 [13]      3 : Running(cursor=0,len=2,reason=io: the key is expected to be a bool)
23 12:42:02.872 [13]        5 : Failure(key=calculated,reason=io: the key is expected to be a bool)
23 12:42:02.872 [13]      3 : Failure(cursor=0,len=2,reason=io: the key is expected to be a bool)
23 12:42:02.872 [13]    2 : Running(cursor=1,len=2,running_child=1)
23 12:42:02.872 [13]      4 : Running(cursor=0,len=1,running_child=0)
23 12:42:02.872 [13]        7 : Running(cursor=0,len=2,running_child=1)
23 12:42:02.872 [13]          8 : Running(cursor=0,len=2,reason=the key is not locked)
23 12:42:02.872 [13]            10 : Failure(key=calculated,reason=the key is not locked)
23 12:42:02.872 [13]          8 : Failure(cursor=0,len=2,reason=the key is not locked)
23 12:42:02.872 [13]        7 : Running(cursor=1,len=2,running_child=1)
23 12:42:02.872 [13]          9 : Running(cursor=0,len=2,running_child=1)
23 12:42:03.427 [13]            custom: Calculated
23 12:42:03.428 [13]            12 : Success(guard=calculated)
23 12:42:03.428 [13]          9 : Running(cursor=1,len=2,running_child=1)
23 12:42:03.428 [13]            13 : Running()
23 12:42:03.428 [13]          9 : Running(cursor=1,len=2,running_child=1)
23 12:42:03.428 [13]        7 : Running(cursor=1,len=2,running_child=1)
23 12:42:03.428 [13]      4 : Running(cursor=0,len=1,running_child=0)
23 12:42:03.428 [13]    2 : Running(cursor=1,len=2,running_child=1)
23 12:42:03.428 [13]  1 : Running(cursor=0,len=1)
23 12:42:03.428 [14]  next tick
23 12:42:03.428 [14]    2 : Running(cursor=0,len=2,running_child=1)
23 12:42:03.428 [14]      3 : Running(cursor=0,len=2,reason=io: the key is expected to be a bool)
23 12:42:03.428 [14]        5 : Failure(key=calculated,reason=io: the key is expected to be a bool)
23 12:42:03.428 [14]      3 : Failure(cursor=0,len=2,reason=io: the key is expected to be a bool)
23 12:42:03.428 [14]    2 : Running(cursor=1,len=2,running_child=1)
23 12:42:03.428 [14]      4 : Running(cursor=0,len=1,running_child=0)
23 12:42:03.428 [14]        7 : Running(cursor=0,len=2,running_child=1)
23 12:42:03.428 [14]          8 : Running(cursor=0,len=2,reason=the key is not locked)
23 12:42:03.428 [14]            10 : Failure(key=calculated,reason=the key is not locked)
23 12:42:03.428 [14]          8 : Failure(cursor=0,len=2,reason=the key is not locked)
23 12:42:03.428 [14]        7 : Running(cursor=1,len=2,running_child=1)
23 12:42:03.428 [14]          9 : Running(cursor=0,len=2,running_child=1)
23 12:42:03.981 [14]            custom: Calculated
23 12:42:03.982 [14]            12 : Success(guard=calculated)
23 12:42:03.982 [14]          9 : Running(cursor=1,len=2,running_child=1)
23 12:42:03.982 [14]            13 : Running()
23 12:42:03.982 [14]          9 : Running(cursor=1,len=2,running_child=1)
23 12:42:03.982 [14]        7 : Running(cursor=1,len=2,running_child=1)
23 12:42:03.982 [14]      4 : Running(cursor=0,len=1,running_child=0)
23 12:42:03.982 [14]    2 : Running(cursor=1,len=2,running_child=1)
23 12:42:03.982 [14]  1 : Running(cursor=0,len=1)
23 12:42:03.982 [15]  next tick
23 12:42:03.982 [15]    2 : Running(cursor=0,len=2,running_child=1)
23 12:42:03.982 [15]      3 : Running(cursor=0,len=2,reason=io: the key is expected to be a bool)
23 12:42:03.982 [15]        5 : Failure(key=calculated,reason=io: the key is expected to be a bool)
23 12:42:03.982 [15]      3 : Failure(cursor=0,len=2,reason=io: the key is expected to be a bool)
23 12:42:03.982 [15]    2 : Running(cursor=1,len=2,running_child=1)
23 12:42:03.982 [15]      4 : Running(cursor=0,len=1,running_child=0)
23 12:42:03.982 [15]        7 : Running(cursor=0,len=2,running_child=1)
23 12:42:03.982 [15]          8 : Running(cursor=0,len=2,reason=the key is not locked)
23 12:42:03.983 [15]            10 : Failure(key=calculated,reason=the key is not locked)
23 12:42:03.983 [15]          8 : Failure(cursor=0,len=2,reason=the key is not locked)
23 12:42:03.983 [15]        7 : Running(cursor=1,len=2,running_child=1)
23 12:42:03.983 [15]          9 : Running(cursor=0,len=2,running_child=1)
23 12:42:04.536 [15]            custom: Calculated
23 12:42:04.536 [15]            12 : Success(guard=calculated)
23 12:42:04.536 [15]          9 : Running(cursor=1,len=2,running_child=1)
23 12:42:04.536 [15]            13 : Running()
23 12:42:04.536 [15]          9 : Running(cursor=1,len=2,running_child=1)
23 12:42:04.536 [15]        7 : Running(cursor=1,len=2,running_child=1)
23 12:42:04.536 [15]      4 : Running(cursor=0,len=1,running_child=0)
23 12:42:04.536 [15]    2 : Running(cursor=1,len=2,running_child=1)
23 12:42:04.536 [15]  1 : Running(cursor=0,len=1)
23 12:42:04.536 [16]  next tick
23 12:42:04.536 [16]    2 : Running(cursor=0,len=2,running_child=1)
23 12:42:04.536 [16]      3 : Running(cursor=0,len=2,reason=io: the key is expected to be a bool)
23 12:42:04.537 [16]        5 : Failure(key=calculated,reason=io: the key is expected to be a bool)
23 12:42:04.537 [16]      3 : Failure(cursor=0,len=2,reason=io: the key is expected to be a bool)
23 12:42:04.537 [16]    2 : Running(cursor=1,len=2,running_child=1)
23 12:42:04.537 [16]      4 : Running(cursor=0,len=1,running_child=0)
23 12:42:04.537 [16]        7 : Running(cursor=0,len=2,running_child=1)
23 12:42:04.537 [16]          8 : Running(cursor=0,len=2,reason=the key is not locked)
23 12:42:04.537 [16]            10 : Failure(key=calculated,reason=the key is not locked)
23 12:42:04.537 [16]          8 : Failure(cursor=0,len=2,reason=the key is not locked)
23 12:42:04.537 [16]        7 : Running(cursor=1,len=2,running_child=1)
23 12:42:04.537 [16]          9 : Running(cursor=0,len=2,running_child=1)
23 12:42:05.090 [16]            custom: Calculated
23 12:42:05.090 [16]            12 : Success(guard=calculated)
23 12:42:05.090 [16]          9 : Running(cursor=1,len=2,running_child=1)
23 12:42:05.091 [16]            13 : Running()
23 12:42:05.091 [16]          9 : Running(cursor=1,len=2,running_child=1)
23 12:42:05.091 [16]        7 : Running(cursor=1,len=2,running_child=1)
23 12:42:05.091 [16]      4 : Running(cursor=0,len=1,running_child=0)
23 12:42:05.091 [16]    2 : Running(cursor=1,len=2,running_child=1)
23 12:42:05.091 [16]  1 : Running(cursor=0,len=1)
23 12:42:05.091 [17]  next tick
23 12:42:05.091 [17]    2 : Running(cursor=0,len=2,running_child=1)
23 12:42:05.091 [17]      3 : Running(cursor=0,len=2,reason=io: the key is expected to be a bool)
23 12:42:05.091 [17]        5 : Failure(key=calculated,reason=io: the key is expected to be a bool)
23 12:42:05.091 [17]      3 : Failure(cursor=0,len=2,reason=io: the key is expected to be a bool)
23 12:42:05.091 [17]    2 : Running(cursor=1,len=2,running_child=1)
23 12:42:05.091 [17]      4 : Running(cursor=0,len=1,running_child=0)
23 12:42:05.091 [17]        7 : Running(cursor=0,len=2,running_child=1)
23 12:42:05.091 [17]          8 : Running(cursor=0,len=2,reason=the key is not locked)
23 12:42:05.091 [17]            10 : Failure(key=calculated,reason=the key is not locked)
23 12:42:05.091 [17]          8 : Failure(cursor=0,len=2,reason=the key is not locked)
23 12:42:05.091 [17]        7 : Running(cursor=1,len=2,running_child=1)
23 12:42:05.091 [17]          9 : Running(cursor=0,len=2,running_child=1)
23 12:42:05.645 [17]            custom: Calculated
23 12:42:05.646 [17]            12 : Success(guard=calculated)
23 12:42:05.646 [17]          9 : Running(cursor=1,len=2,running_child=1)
23 12:42:05.646 [17]            13 : Running()
23 12:42:05.646 [17]          9 : Running(cursor=1,len=2,running_child=1)
23 12:42:05.646 [17]        7 : Running(cursor=1,len=2,running_child=1)
23 12:42:05.646 [17]      4 : Running(cursor=0,len=1,running_child=0)
23 12:42:05.646 [17]    2 : Running(cursor=1,len=2,running_child=1)
23 12:42:05.646 [17]  1 : Running(cursor=0,len=1)
23 12:42:05.646 [18]  next tick
23 12:42:05.646 [18]    2 : Running(cursor=0,len=2,running_child=1)
23 12:42:05.646 [18]      3 : Running(cursor=0,len=2,reason=io: the key is expected to be a bool)
23 12:42:05.646 [18]        5 : Failure(key=calculated,reason=io: the key is expected to be a bool)
23 12:42:05.646 [18]      3 : Failure(cursor=0,len=2,reason=io: the key is expected to be a bool)
23 12:42:05.646 [18]    2 : Running(cursor=1,len=2,running_child=1)
23 12:42:05.646 [18]      4 : Running(cursor=0,len=1,running_child=0)
23 12:42:05.646 [18]        7 : Running(cursor=0,len=2,running_child=1)
23 12:42:05.646 [18]          8 : Running(cursor=0,len=2,reason=the key is not locked)
23 12:42:05.646 [18]            10 : Failure(key=calculated,reason=the key is not locked)
23 12:42:05.646 [18]          8 : Failure(cursor=0,len=2,reason=the key is not locked)
23 12:42:05.646 [18]        7 : Running(cursor=1,len=2,running_child=1)
23 12:42:05.646 [18]          9 : Running(cursor=0,len=2,running_child=1)
23 12:42:06.201 [18]            custom: Calculated
23 12:42:06.202 [18]            12 : Success(guard=calculated)
23 12:42:06.202 [18]          9 : Running(cursor=1,len=2,running_child=1)
23 12:42:06.202 [18]            13 : Running()
23 12:42:06.202 [18]          9 : Running(cursor=1,len=2,running_child=1)
23 12:42:06.202 [18]        7 : Running(cursor=1,len=2,running_child=1)
23 12:42:06.202 [18]      4 : Running(cursor=0,len=1,running_child=0)
23 12:42:06.202 [18]    2 : Running(cursor=1,len=2,running_child=1)
23 12:42:06.202 [18]  1 : Running(cursor=0,len=1)
23 12:42:06.202 [19]  next tick
23 12:42:06.202 [19]    2 : Running(cursor=0,len=2,running_child=1)
23 12:42:06.202 [19]      3 : Running(cursor=0,len=2,reason=io: the key is expected to be a bool)
23 12:42:06.202 [19]        5 : Failure(key=calculated,reason=io: the key is expected to be a bool)
23 12:42:06.202 [19]      3 : Failure(cursor=0,len=2,reason=io: the key is expected to be a bool)
23 12:42:06.202 [19]    2 : Running(cursor=1,len=2,running_child=1)
23 12:42:06.202 [19]      4 : Running(cursor=0,len=1,running_child=0)
23 12:42:06.203 [19]        7 : Running(cursor=0,len=2,running_child=1)
23 12:42:06.203 [19]          8 : Running(cursor=0,len=2,reason=the key is not locked)
23 12:42:06.203 [19]            10 : Failure(key=calculated,reason=the key is not locked)
23 12:42:06.203 [19]          8 : Failure(cursor=0,len=2,reason=the key is not locked)
23 12:42:06.203 [19]        7 : Running(cursor=1,len=2,running_child=1)
23 12:42:06.203 [19]          9 : Running(cursor=0,len=2,running_child=1)
23 12:42:06.757 [19]            custom: Calculated
23 12:42:06.758 [19]            12 : Success(guard=calculated)
23 12:42:06.758 [19]          9 : Running(cursor=1,len=2,running_child=1)
23 12:42:06.758 [19]            13 : Running()
23 12:42:06.758 [19]          9 : Running(cursor=1,len=2,running_child=1)
23 12:42:06.758 [19]        7 : Running(cursor=1,len=2,running_child=1)
23 12:42:06.758 [19]      4 : Running(cursor=0,len=1,running_child=0)
23 12:42:06.758 [19]    2 : Running(cursor=1,len=2,running_child=1)
23 12:42:06.758 [19]  1 : Running(cursor=0,len=1)
23 12:42:06.758 [20]  next tick
23 12:42:06.758 [20]    2 : Running(cursor=0,len=2,running_child=1)
23 12:42:06.758 [20]      3 : Running(cursor=0,len=2,reason=io: the key is expected to be a bool)
23 12:42:06.758 [20]        5 : Failure(key=calculated,reason=io: the key is expected to be a bool)
23 12:42:06.758 [20]      3 : Failure(cursor=0,len=2,reason=io: the key is expected to be a bool)
23 12:42:06.758 [20]    2 : Running(cursor=1,len=2,running_child=1)
23 12:42:06.758 [20]      4 : Running(cursor=0,len=1,running_child=0)
23 12:42:06.758 [20]        7 : Running(cursor=0,len=2,running_child=1)
23 12:42:06.758 [20]          8 : Running(cursor=0,len=2,reason=the key is not locked)
23 12:42:06.758 [20]            10 : Failure(key=calculated,reason=the key is not locked)
23 12:42:06.758 [20]          8 : Failure(cursor=0,len=2,reason=the key is not locked)
23 12:42:06.758 [20]        7 : Running(cursor=1,len=2,running_child=1)
23 12:42:06.758 [20]          9 : Running(cursor=0,len=2,running_child=1)
23 12:42:07.312 [20]            custom: Calculated
23 12:42:07.313 [20]            12 : Success(guard=calculated)
23 12:42:07.313 [20]          9 : Running(cursor=1,len=2,running_child=1)
23 12:42:07.313 [20]            13 : Running()
23 12:42:07.313 [20]          9 : Running(cursor=1,len=2,running_child=1)
23 12:42:07.313 [20]        7 : Running(cursor=1,len=2,running_child=1)
23 12:42:07.313 [20]      4 : Running(cursor=0,len=1,running_child=0)
23 12:42:07.314 [20]    2 : Running(cursor=1,len=2,running_child=1)
23 12:42:07.314 [20]  1 : Running(cursor=0,len=1)
23 12:42:07.314 [21]  next tick
23 12:42:07.314 [21]    2 : Running(cursor=0,len=2,running_child=1)
23 12:42:07.314 [21]      3 : Running(cursor=0,len=2,reason=io: the key is expected to be a bool)
23 12:42:07.314 [21]        5 : Failure(key=calculated,reason=io: the key is expected to be a bool)
23 12:42:07.314 [21]      3 : Failure(cursor=0,len=2,reason=io: the key is expected to be a bool)
23 12:42:07.314 [21]    2 : Running(cursor=1,len=2,running_child=1)
23 12:42:07.314 [21]      4 : Running(cursor=0,len=1,running_child=0)
23 12:42:07.314 [21]        7 : Running(cursor=0,len=2,running_child=1)
23 12:42:07.314 [21]          8 : Running(cursor=0,len=2,reason=the key is not locked)
23 12:42:07.314 [21]            10 : Failure(key=calculated,reason=the key is not locked)
23 12:42:07.314 [21]          8 : Failure(cursor=0,len=2,reason=the key is not locked)
23 12:42:07.314 [21]        7 : Running(cursor=1,len=2,running_child=1)
23 12:42:07.314 [21]          9 : Running(cursor=0,len=2,running_child=1)
23 12:42:07.875 [21]            custom: Calculated
23 12:42:07.876 [21]            12 : Success(guard=calculated)
23 12:42:07.876 [21]          9 : Running(cursor=1,len=2,running_child=1)
23 12:42:07.876 [21]            13 : Running()
23 12:42:07.876 [21]          9 : Running(cursor=1,len=2,running_child=1)
23 12:42:07.876 [21]        7 : Running(cursor=1,len=2,running_child=1)
23 12:42:07.876 [21]      4 : Running(cursor=0,len=1,running_child=0)
23 12:42:07.876 [21]    2 : Running(cursor=1,len=2,running_child=1)
23 12:42:07.876 [21]  1 : Running(cursor=0,len=1)
23 12:42:07.876 [22]  next tick
23 12:42:07.876 [22]    2 : Running(cursor=0,len=2,running_child=1)
23 12:42:07.876 [22]      3 : Running(cursor=0,len=2,reason=io: the key is expected to be a bool)
23 12:42:07.876 [22]        5 : Failure(key=calculated,reason=io: the key is expected to be a bool)
23 12:42:07.876 [22]      3 : Failure(cursor=0,len=2,reason=io: the key is expected to be a bool)
23 12:42:07.876 [22]    2 : Running(cursor=1,len=2,running_child=1)
23 12:42:07.876 [22]      4 : Running(cursor=0,len=1,running_child=0)
23 12:42:07.876 [22]        7 : Running(cursor=0,len=2,running_child=1)
23 12:42:07.876 [22]          8 : Running(cursor=0,len=2,reason=the key is not locked)
23 12:42:07.876 [22]            10 : Failure(key=calculated,reason=the key is not locked)
23 12:42:07.876 [22]          8 : Failure(cursor=0,len=2,reason=the key is not locked)
23 12:42:07.876 [22]        7 : Running(cursor=1,len=2,running_child=1)
23 12:42:07.876 [22]          9 : Running(cursor=0,len=2,running_child=1)
23 12:42:08.431 [22]            custom: Calculated
23 12:42:08.432 [22]            12 : Success(guard=calculated)
23 12:42:08.432 [22]          9 : Running(cursor=1,len=2,running_child=1)
23 12:42:08.432 [22]            13 : Running()
23 12:42:08.432 [22]          9 : Running(cursor=1,len=2,running_child=1)
23 12:42:08.432 [22]        7 : Running(cursor=1,len=2,running_child=1)
23 12:42:08.432 [22]      4 : Running(cursor=0,len=1,running_child=0)
23 12:42:08.432 [22]    2 : Running(cursor=1,len=2,running_child=1)
23 12:42:08.432 [22]  1 : Running(cursor=0,len=1)
23 12:42:08.432 [23]  next tick
23 12:42:08.432 [23]    2 : Running(cursor=0,len=2,running_child=1)
23 12:42:08.432 [23]      3 : Running(cursor=0,len=2,reason=io: the key is expected to be a bool)
23 12:42:08.432 [23]        5 : Failure(key=calculated,reason=io: the key is expected to be a bool)
23 12:42:08.432 [23]      3 : Failure(cursor=0,len=2,reason=io: the key is expected to be a bool)
23 12:42:08.432 [23]    2 : Running(cursor=1,len=2,running_child=1)
23 12:42:08.432 [23]      4 : Running(cursor=0,len=1,running_child=0)
23 12:42:08.432 [23]        7 : Running(cursor=0,len=2,running_child=1)
23 12:42:08.433 [23]          8 : Running(cursor=0,len=2,reason=the key is not locked)
23 12:42:08.433 [23]            10 : Failure(key=calculated,reason=the key is not locked)
23 12:42:08.433 [23]          8 : Failure(cursor=0,len=2,reason=the key is not locked)
23 12:42:08.433 [23]        7 : Running(cursor=1,len=2,running_child=1)
23 12:42:08.433 [23]          9 : Running(cursor=0,len=2,running_child=1)
23 12:42:08.988 [23]            custom: Calculated
23 12:42:08.989 [23]            12 : Success(guard=calculated)
23 12:42:08.989 [23]          9 : Running(cursor=1,len=2,running_child=1)
23 12:42:08.989 [23]            13 : Running()
23 12:42:08.989 [23]          9 : Running(cursor=1,len=2,running_child=1)
23 12:42:08.989 [23]        7 : Running(cursor=1,len=2,running_child=1)
23 12:42:08.989 [23]      4 : Running(cursor=0,len=1,running_child=0)
23 12:42:08.989 [23]    2 : Running(cursor=1,len=2,running_child=1)
23 12:42:08.989 [23]  1 : Running(cursor=0,len=1)
23 12:42:08.989 [24]  next tick
23 12:42:08.989 [24]    2 : Running(cursor=0,len=2,running_child=1)
23 12:42:08.989 [24]      3 : Running(cursor=0,len=2,reason=io: the key is expected to be a bool)
23 12:42:08.989 [24]        5 : Failure(key=calculated,reason=io: the key is expected to be a bool)
23 12:42:08.989 [24]      3 : Failure(cursor=0,len=2,reason=io: the key is expected to be a bool)
23 12:42:08.989 [24]    2 : Running(cursor=1,len=2,running_child=1)
23 12:42:08.989 [24]      4 : Running(cursor=0,len=1,running_child=0)
23 12:42:08.989 [24]        7 : Running(cursor=0,len=2,running_child=1)
23 12:42:08.989 [24]          8 : Running(cursor=0,len=2,reason=the key is not locked)
23 12:42:08.989 [24]            10 : Failure(key=calculated,reason=the key is not locked)
23 12:42:08.989 [24]          8 : Failure(cursor=0,len=2,reason=the key is not locked)
23 12:42:08.989 [24]        7 : Running(cursor=1,len=2,running_child=1)
23 12:42:08.989 [24]          9 : Running(cursor=0,len=2,running_child=1)
23 12:42:09.544 [24]            custom: Calculated
23 12:42:09.545 [24]            12 : Success(guard=calculated)
23 12:42:09.545 [24]          9 : Running(cursor=1,len=2,running_child=1)
23 12:42:09.545 [24]            13 : Running()
23 12:42:09.545 [24]          9 : Running(cursor=1,len=2,running_child=1)
23 12:42:09.545 [24]        7 : Running(cursor=1,len=2,running_child=1)
23 12:42:09.545 [24]      4 : Running(cursor=0,len=1,running_child=0)
23 12:42:09.545 [24]    2 : Running(cursor=1,len=2,running_child=1)
23 12:42:09.545 [24]  1 : Running(cursor=0,len=1)
23 12:42:09.545 [25]  next tick
23 12:42:09.545 [25]    2 : Running(cursor=0,len=2,running_child=1)
23 12:42:09.545 [25]      3 : Running(cursor=0,len=2,reason=io: the key is expected to be a bool)
23 12:42:09.545 [25]        5 : Failure(key=calculated,reason=io: the key is expected to be a bool)
23 12:42:09.545 [25]      3 : Failure(cursor=0,len=2,reason=io: the key is expected to be a bool)
23 12:42:09.545 [25]    2 : Running(cursor=1,len=2,running_child=1)
23 12:42:09.545 [25]      4 : Running(cursor=0,len=1,running_child=0)
23 12:42:09.545 [25]        7 : Running(cursor=0,len=2,running_child=1)
23 12:42:09.545 [25]          8 : Running(cursor=0,len=2,reason=the key is not locked)
23 12:42:09.545 [25]            10 : Failure(key=calculated,reason=the key is not locked)
23 12:42:09.545 [25]          8 : Failure(cursor=0,len=2,reason=the key is not locked)
23 12:42:09.545 [25]        7 : Running(cursor=1,len=2,running_child=1)
23 12:42:09.545 [25]          9 : Running(cursor=0,len=2,running_child=1)
23 12:42:10.099 [25]            custom: Calculated
23 12:42:10.100 [25]            12 : Success(guard=calculated)
23 12:42:10.100 [25]          9 : Running(cursor=1,len=2,running_child=1)
23 12:42:10.100 [25]            13 : Running()
23 12:42:10.100 [25]          9 : Running(cursor=1,len=2,running_child=1)
23 12:42:10.100 [25]        7 : Running(cursor=1,len=2,running_child=1)
23 12:42:10.100 [25]      4 : Running(cursor=0,len=1,running_child=0)
23 12:42:10.100 [25]    2 : Running(cursor=1,len=2,running_child=1)
23 12:42:10.100 [25]  1 : Running(cursor=0,len=1)
23 12:42:10.100 [26]  next tick
23 12:42:10.100 [26]    2 : Running(cursor=0,len=2,running_child=1)
23 12:42:10.100 [26]      3 : Running(cursor=0,len=2,reason=io: the key is expected to be a bool)
23 12:42:10.100 [26]        5 : Failure(key=calculated,reason=io: the key is expected to be a bool)
23 12:42:10.100 [26]      3 : Failure(cursor=0,len=2,reason=io: the key is expected to be a bool)
23 12:42:10.100 [26]    2 : Running(cursor=1,len=2,running_child=1)
23 12:42:10.100 [26]      4 : Running(cursor=0,len=1,running_child=0)
23 12:42:10.100 [26]        7 : Running(cursor=0,len=2,running_child=1)
23 12:42:10.100 [26]          8 : Running(cursor=0,len=2,reason=the key is not locked)
23 12:42:10.100 [26]            10 : Failure(key=calculated,reason=the key is not locked)
23 12:42:10.101 [26]          8 : Failure(cursor=0,len=2,reason=the key is not locked)
23 12:42:10.101 [26]        7 : Running(cursor=1,len=2,running_child=1)
23 12:42:10.101 [26]          9 : Running(cursor=0,len=2,running_child=1)
23 12:42:10.654 [26]            custom: Calculated
23 12:42:10.655 [26]            12 : Success(guard=calculated)
23 12:42:10.655 [26]          9 : Running(cursor=1,len=2,running_child=1)
23 12:42:10.655 [26]            13 : Running()
23 12:42:10.655 [26]          9 : Running(cursor=1,len=2,running_child=1)
23 12:42:10.655 [26]        7 : Running(cursor=1,len=2,running_child=1)
23 12:42:10.655 [26]      4 : Running(cursor=0,len=1,running_child=0)
23 12:42:10.655 [26]    2 : Running(cursor=1,len=2,running_child=1)
23 12:42:10.655 [26]  1 : Running(cursor=0,len=1)
23 12:42:10.655 [27]  next tick
23 12:42:10.655 [27]    2 : Running(cursor=0,len=2,running_child=1)
23 12:42:10.655 [27]      3 : Running(cursor=0,len=2,reason=io: the key is expected to be a bool)
23 12:42:10.655 [27]        5 : Failure(key=calculated,reason=io: the key is expected to be a bool)
23 12:42:10.655 [27]      3 : Failure(cursor=0,len=2,reason=io: the key is expected to be a bool)
23 12:42:10.655 [27]    2 : Running(cursor=1,len=2,running_child=1)
23 12:42:10.655 [27]      4 : Running(cursor=0,len=1,running_child=0)
23 12:42:10.655 [27]        7 : Running(cursor=0,len=2,running_child=1)
23 12:42:10.655 [27]          8 : Running(cursor=0,len=2,reason=the key is not locked)
23 12:42:10.655 [27]            10 : Failure(key=calculated,reason=the key is not locked)
23 12:42:10.655 [27]          8 : Failure(cursor=0,len=2,reason=the key is not locked)
23 12:42:10.655 [27]        7 : Running(cursor=1,len=2,running_child=1)
23 12:42:10.655 [27]          9 : Running(cursor=0,len=2,running_child=1)
23 12:42:11.209 [27]            custom: Calculated
23 12:42:11.211 [27]            12 : Success(guard=calculated)
23 12:42:11.211 [27]          9 : Running(cursor=1,len=2,running_child=1)
23 12:42:11.211 [27]            13 : Running()
23 12:42:11.211 [27]          9 : Running(cursor=1,len=2,running_child=1)
23 12:42:11.211 [27]        7 : Running(cursor=1,len=2,running_child=1)
23 12:42:11.211 [27]      4 : Running(cursor=0,len=1,running_child=0)
23 12:42:11.211 [27]    2 : Running(cursor=1,len=2,running_child=1)
23 12:42:11.211 [27]  1 : Running(cursor=0,len=1)
23 12:42:11.211 [28]  next tick
23 12:42:11.211 [28]    2 : Running(cursor=0,len=2,running_child=1)
23 12:42:11.211 [28]      3 : Running(cursor=0,len=2,reason=io: the key is expected to be a bool)
23 12:42:11.211 [28]        5 : Failure(key=calculated,reason=io: the key is expected to be a bool)
23 12:42:11.211 [28]      3 : Failure(cursor=0,len=2,reason=io: the key is expected to be a bool)
23 12:42:11.211 [28]    2 : Running(cursor=1,len=2,running_child=1)
23 12:42:11.211 [28]      4 : Running(cursor=0,len=1,running_child=0)
23 12:42:11.211 [28]        7 : Running(cursor=0,len=2,running_child=1)
23 12:42:11.211 [28]          8 : Running(cursor=0,len=2,reason=the key is not locked)
23 12:42:11.211 [28]            10 : Failure(key=calculated,reason=the key is not locked)
23 12:42:11.211 [28]          8 : Failure(cursor=0,len=2,reason=the key is not locked)
23 12:42:11.211 [28]        7 : Running(cursor=1,len=2,running_child=1)
23 12:42:11.211 [28]          9 : Running(cursor=0,len=2,running_child=1)
23 12:42:11.765 [28]            custom: Calculated
23 12:42:11.766 [28]            12 : Success(guard=calculated)
23 12:42:11.766 [28]          9 : Running(cursor=1,len=2,running_child=1)
23 12:42:11.766 [28]            13 : Running()
23 12:42:11.766 [28]          9 : Running(cursor=1,len=2,running_child=1)
23 12:42:11.766 [28]        7 : Running(cursor=1,len=2,running_child=1)
23 12:42:11.766 [28]      4 : Running(cursor=0,len=1,running_child=0)
23 12:42:11.766 [28]    2 : Running(cursor=1,len=2,running_child=1)
23 12:42:11.766 [28]  1 : Running(cursor=0,len=1)
23 12:42:11.766 [29]  next tick
23 12:42:11.766 [29]    2 : Running(cursor=0,len=2,running_child=1)
23 12:42:11.766 [29]      3 : Running(cursor=0,len=2,reason=io: the key is expected to be a bool)
23 12:42:11.766 [29]        5 : Failure(key=calculated,reason=io: the key is expected to be a bool)
23 12:42:11.766 [29]      3 : Failure(cursor=0,len=2,reason=io: the key is expected to be a bool)
23 12:42:11.766 [29]    2 : Running(cursor=1,len=2,running_child=1)
23 12:42:11.766 [29]      4 : Running(cursor=0,len=1,running_child=0)
23 12:42:11.766 [29]        7 : Running(cursor=0,len=2,running_child=1)
23 12:42:11.766 [29]          8 : Running(cursor=0,len=2,reason=the key is not locked)
23 12:42:11.766 [29]            10 : Failure(key=calculated,reason=the key is not locked)
23 12:42:11.766 [29]          8 : Failure(cursor=0,len=2,reason=the key is not locked)
23 12:42:11.766 [29]        7 : Running(cursor=1,len=2,running_child=1)
23 12:42:11.766 [29]          9 : Running(cursor=0,len=2,running_child=1)
23 12:42:12.320 [29]            custom: Calculated
23 12:42:12.321 [29]            12 : Success(guard=calculated)
23 12:42:12.321 [29]          9 : Running(cursor=1,len=2,running_child=1)
23 12:42:12.321 [29]            13 : Running()
23 12:42:12.321 [29]          9 : Running(cursor=1,len=2,running_child=1)
23 12:42:12.321 [29]        7 : Running(cursor=1,len=2,running_child=1)
23 12:42:12.321 [29]      4 : Running(cursor=0,len=1,running_child=0)
23 12:42:12.321 [29]    2 : Running(cursor=1,len=2,running_child=1)
23 12:42:12.321 [29]  1 : Running(cursor=0,len=1)
23 12:42:12.321 [30]  next tick
23 12:42:12.321 [30]    2 : Running(cursor=0,len=2,running_child=1)
23 12:42:12.321 [30]      3 : Running(cursor=0,len=2,reason=io: the key is expected to be a bool)
23 12:42:12.321 [30]        5 : Failure(key=calculated,reason=io: the key is expected to be a bool)
23 12:42:12.321 [30]      3 : Failure(cursor=0,len=2,reason=io: the key is expected to be a bool)
23 12:42:12.321 [30]    2 : Running(cursor=1,len=2,running_child=1)
23 12:42:12.321 [30]      4 : Running(cursor=0,len=1,running_child=0)
23 12:42:12.321 [30]        7 : Running(cursor=0,len=2,running_child=1)
23 12:42:12.321 [30]          8 : Running(cursor=0,len=2,reason=the key is not locked)
23 12:42:12.321 [30]            10 : Failure(key=calculated,reason=the key is not locked)
23 12:42:12.321 [30]          8 : Failure(cursor=0,len=2,reason=the key is not locked)
23 12:42:12.321 [30]        7 : Running(cursor=1,len=2,running_child=1)
23 12:42:12.321 [30]          9 : Running(cursor=0,len=2,running_child=1)
23 12:42:12.875 [30]            custom: Calculated
23 12:42:12.876 [30]            12 : Success(guard=calculated)
23 12:42:12.876 [30]          9 : Running(cursor=1,len=2,running_child=1)
23 12:42:12.876 [30]            13 : Running()
23 12:42:12.876 [30]          9 : Running(cursor=1,len=2,running_child=1)
23 12:42:12.876 [30]        7 : Running(cursor=1,len=2,running_child=1)
23 12:42:12.876 [30]      4 : Running(cursor=0,len=1,running_child=0)
23 12:42:12.876 [30]    2 : Running(cursor=1,len=2,running_child=1)
23 12:42:12.876 [30]  1 : Running(cursor=0,len=1)
23 12:42:12.876 [31]  next tick
23 12:42:12.876 [31]    2 : Running(cursor=0,len=2,running_child=1)
23 12:42:12.876 [31]      3 : Running(cursor=0,len=2,reason=io: the key is expected to be a bool)
23 12:42:12.876 [31]        5 : Failure(key=calculated,reason=io: the key is expected to be a bool)
23 12:42:12.876 [31]      3 : Failure(cursor=0,len=2,reason=io: the key is expected to be a bool)
23 12:42:12.876 [31]    2 : Running(cursor=1,len=2,running_child=1)
23 12:42:12.876 [31]      4 : Running(cursor=0,len=1,running_child=0)
23 12:42:12.876 [31]        7 : Running(cursor=0,len=2,running_child=1)
23 12:42:12.876 [31]          8 : Running(cursor=0,len=2,reason=the key is not locked)
23 12:42:12.876 [31]            10 : Failure(key=calculated,reason=the key is not locked)
23 12:42:12.876 [31]          8 : Failure(cursor=0,len=2,reason=the key is not locked)
23 12:42:12.876 [31]        7 : Running(cursor=1,len=2,running_child=1)
23 12:42:12.876 [31]          9 : Running(cursor=0,len=2,running_child=1)
23 12:42:13.430 [31]            custom: Calculated
23 12:42:13.430 [31]            12 : Success(guard=calculated)
23 12:42:13.431 [31]          9 : Running(cursor=1,len=2,running_child=1)
23 12:42:13.431 [31]            13 : Running()
23 12:42:13.431 [31]          9 : Running(cursor=1,len=2,running_child=1)
23 12:42:13.431 [31]        7 : Running(cursor=1,len=2,running_child=1)
23 12:42:13.431 [31]      4 : Running(cursor=0,len=1,running_child=0)
23 12:42:13.431 [31]    2 : Running(cursor=1,len=2,running_child=1)
23 12:42:13.431 [31]  1 : Running(cursor=0,len=1)
23 12:42:13.431 [32]  next tick
23 12:42:13.431 [32]    2 : Running(cursor=0,len=2,running_child=1)
23 12:42:13.431 [32]      3 : Running(cursor=0,len=2,reason=io: the key is expected to be a bool)
23 12:42:13.431 [32]        5 : Failure(key=calculated,reason=io: the key is expected to be a bool)
23 12:42:13.431 [32]      3 : Failure(cursor=0,len=2,reason=io: the key is expected to be a bool)
23 12:42:13.431 [32]    2 : Running(cursor=1,len=2,running_child=1)
23 12:42:13.431 [32]      4 : Running(cursor=0,len=1,running_child=0)
23 12:42:13.431 [32]        7 : Running(cursor=0,len=2,running_child=1)
23 12:42:13.431 [32]          8 : Running(cursor=0,len=2,reason=the key is not locked)
23 12:42:13.431 [32]            10 : Failure(key=calculated,reason=the key is not locked)
23 12:42:13.431 [32]          8 : Failure(cursor=0,len=2,reason=the key is not locked)
23 12:42:13.431 [32]        7 : Running(cursor=1,len=2,running_child=1)
23 12:42:13.431 [32]          9 : Running(cursor=0,len=2,running_child=1)
23 12:42:13.985 [32]            custom: Calculated
23 12:42:13.986 [32]            12 : Success(guard=calculated)
23 12:42:13.986 [32]          9 : Running(cursor=1,len=2,running_child=1)
23 12:42:13.986 [32]            13 : Running()
23 12:42:13.986 [32]          9 : Running(cursor=1,len=2,running_child=1)
23 12:42:13.986 [32]        7 : Running(cursor=1,len=2,running_child=1)
23 12:42:13.986 [32]      4 : Running(cursor=0,len=1,running_child=0)
23 12:42:13.986 [32]    2 : Running(cursor=1,len=2,running_child=1)
23 12:42:13.986 [32]  1 : Running(cursor=0,len=1)
23 12:42:13.986 [33]  next tick
23 12:42:13.986 [33]    2 : Running(cursor=0,len=2,running_child=1)
23 12:42:13.986 [33]      3 : Running(cursor=0,len=2,reason=io: the key is expected to be a bool)
23 12:42:13.986 [33]        5 : Failure(key=calculated,reason=io: the key is expected to be a bool)
23 12:42:13.986 [33]      3 : Failure(cursor=0,len=2,reason=io: the key is expected to be a bool)
23 12:42:13.986 [33]    2 : Running(cursor=1,len=2,running_child=1)
23 12:42:13.986 [33]      4 : Running(cursor=0,len=1,running_child=0)
23 12:42:13.986 [33]        7 : Running(cursor=0,len=2,running_child=1)
23 12:42:13.986 [33]          8 : Running(cursor=0,len=2,reason=the key is not locked)
23 12:42:13.986 [33]            10 : Failure(key=calculated,reason=the key is not locked)
23 12:42:13.986 [33]          8 : Failure(cursor=0,len=2,reason=the key is not locked)
23 12:42:13.986 [33]        7 : Running(cursor=1,len=2,running_child=1)
23 12:42:13.986 [33]          9 : Running(cursor=0,len=2,running_child=1)
23 12:42:14.540 [33]            custom: Calculated
23 12:42:14.541 [33]            12 : Success(guard=calculated)
23 12:42:14.541 [33]          9 : Running(cursor=1,len=2,running_child=1)
23 12:42:14.541 [33]            13 : Running()
23 12:42:14.541 [33]          9 : Running(cursor=1,len=2,running_child=1)
23 12:42:14.541 [33]        7 : Running(cursor=1,len=2,running_child=1)
23 12:42:14.541 [33]      4 : Running(cursor=0,len=1,running_child=0)
23 12:42:14.541 [33]    2 : Running(cursor=1,len=2,running_child=1)
23 12:42:14.541 [33]  1 : Running(cursor=0,len=1)
23 12:42:14.541 [34]  next tick
23 12:42:14.541 [34]    2 : Running(cursor=0,len=2,running_child=1)
23 12:42:14.541 [34]      3 : Running(cursor=0,len=2,reason=io: the key is expected to be a bool)
23 12:42:14.541 [34]        5 : Failure(key=calculated,reason=io: the key is expected to be a bool)
23 12:42:14.541 [34]      3 : Failure(cursor=0,len=2,reason=io: the key is expected to be a bool)
23 12:42:14.541 [34]    2 : Running(cursor=1,len=2,running_child=1)
23 12:42:14.541 [34]      4 : Running(cursor=0,len=1,running_child=0)
23 12:42:14.541 [34]        7 : Running(cursor=0,len=2,running_child=1)
23 12:42:14.541 [34]          8 : Running(cursor=0,len=2,reason=the key is not locked)
23 12:42:14.541 [34]            10 : Failure(key=calculated,reason=the key is not locked)
23 12:42:14.541 [34]          8 : Failure(cursor=0,len=2,reason=the key is not locked)
23 12:42:14.541 [34]        7 : Running(cursor=1,len=2,running_child=1)
23 12:42:14.541 [34]          9 : Running(cursor=0,len=2,running_child=1)
23 12:42:15.095 [34]            custom: Calculated
23 12:42:15.096 [34]            12 : Success(guard=calculated)
23 12:42:15.096 [34]          9 : Running(cursor=1,len=2,running_child=1)
23 12:42:15.096 [34]            13 : Running()
23 12:42:15.096 [34]          9 : Running(cursor=1,len=2,running_child=1)
23 12:42:15.096 [34]        7 : Running(cursor=1,len=2,running_child=1)
23 12:42:15.096 [34]      4 : Running(cursor=0,len=1,running_child=0)
23 12:42:15.096 [34]    2 : Running(cursor=1,len=2,running_child=1)
23 12:42:15.096 [34]  1 : Running(cursor=0,len=1)
23 12:42:15.096 [35]  next tick
23 12:42:15.096 [35]    2 : Running(cursor=0,len=2,running_child=1)
23 12:42:15.096 [35]      3 : Running(cursor=0,len=2,reason=io: the key is expected to be a bool)
23 12:42:15.096 [35]        5 : Failure(key=calculated,reason=io: the key is expected to be a bool)
23 12:42:15.096 [35]      3 : Failure(cursor=0,len=2,reason=io: the key is expected to be a bool)
23 12:42:15.096 [35]    2 : Running(cursor=1,len=2,running_child=1)
23 12:42:15.096 [35]      4 : Running(cursor=0,len=1,running_child=0)
23 12:42:15.096 [35]        7 : Running(cursor=0,len=2,running_child=1)
23 12:42:15.096 [35]          8 : Running(cursor=0,len=2,reason=the key is not locked)
23 12:42:15.096 [35]            10 : Failure(key=calculated,reason=the key is not locked)
23 12:42:15.096 [35]          8 : Failure(cursor=0,len=2,reason=the key is not locked)
23 12:42:15.096 [35]        7 : Running(cursor=1,len=2,running_child=1)
23 12:42:15.096 [35]          9 : Running(cursor=0,len=2,running_child=1)
23 12:42:15.651 [35]            custom: Calculated
23 12:42:15.652 [35]            12 : Success(guard=calculated)
23 12:42:15.652 [35]          9 : Running(cursor=1,len=2,running_child=1)
23 12:42:15.652 [35]            13 : Running()
23 12:42:15.652 [35]          9 : Running(cursor=1,len=2,running_child=1)
23 12:42:15.652 [35]        7 : Running(cursor=1,len=2,running_child=1)
23 12:42:15.652 [35]      4 : Running(cursor=0,len=1,running_child=0)
23 12:42:15.652 [35]    2 : Running(cursor=1,len=2,running_child=1)
23 12:42:15.652 [35]  1 : Running(cursor=0,len=1)
23 12:42:15.652 [36]  next tick
23 12:42:15.652 [36]    2 : Running(cursor=0,len=2,running_child=1)
23 12:42:15.652 [36]      3 : Running(cursor=0,len=2,reason=io: the key is expected to be a bool)
23 12:42:15.652 [36]        5 : Failure(key=calculated,reason=io: the key is expected to be a bool)
23 12:42:15.652 [36]      3 : Failure(cursor=0,len=2,reason=io: the key is expected to be a bool)
23 12:42:15.652 [36]    2 : Running(cursor=1,len=2,running_child=1)
23 12:42:15.652 [36]      4 : Running(cursor=0,len=1,running_child=0)
23 12:42:15.652 [36]        7 : Running(cursor=0,len=2,running_child=1)
23 12:42:15.652 [36]          8 : Running(cursor=0,len=2,reason=the key is not locked)
23 12:42:15.652 [36]            10 : Failure(key=calculated,reason=the key is not locked)
23 12:42:15.652 [36]          8 : Failure(cursor=0,len=2,reason=the key is not locked)
23 12:42:15.652 [36]        7 : Running(cursor=1,len=2,running_child=1)
23 12:42:15.652 [36]          9 : Running(cursor=0,len=2,running_child=1)
23 12:42:16.206 [36]            custom: Calculated
23 12:42:16.207 [36]            12 : Success(guard=calculated)
23 12:42:16.207 [36]          9 : Running(cursor=1,len=2,running_child=1)
23 12:42:16.207 [36]            13 : Running()
23 12:42:16.207 [36]          9 : Running(cursor=1,len=2,running_child=1)
23 12:42:16.207 [36]        7 : Running(cursor=1,len=2,running_child=1)
23 12:42:16.207 [36]      4 : Running(cursor=0,len=1,running_child=0)
23 12:42:16.207 [36]    2 : Running(cursor=1,len=2,running_child=1)
23 12:42:16.207 [36]  1 : Running(cursor=0,len=1)
23 12:42:16.207 [37]  next tick
23 12:42:16.207 [37]    2 : Running(cursor=0,len=2,running_child=1)
23 12:42:16.207 [37]      3 : Running(cursor=0,len=2,reason=io: the key is expected to be a bool)
23 12:42:16.207 [37]        5 : Failure(key=calculated,reason=io: the key is expected to be a bool)
23 12:42:16.207 [37]      3 : Failure(cursor=0,len=2,reason=io: the key is expected to be a bool)
23 12:42:16.207 [37]    2 : Running(cursor=1,len=2,running_child=1)
23 12:42:16.207 [37]      4 : Running(cursor=0,len=1,running_child=0)
23 12:42:16.207 [37]        7 : Running(cursor=0,len=2,running_child=1)
23 12:42:16.207 [37]          8 : Running(cursor=0,len=2,reason=the key is not locked)
23 12:42:16.207 [37]            10 : Failure(key=calculated,reason=the key is not locked)
23 12:42:16.207 [37]          8 : Failure(cursor=0,len=2,reason=the key is not locked)
23 12:42:16.207 [37]        7 : Running(cursor=1,len=2,running_child=1)
23 12:42:16.207 [37]          9 : Running(cursor=0,len=2,running_child=1)
23 12:42:16.761 [37]            custom: Calculated
23 12:42:16.762 [37]            12 : Success(guard=calculated)
23 12:42:16.762 [37]          9 : Running(cursor=1,len=2,running_child=1)
23 12:42:16.762 [37]            13 : Running()
23 12:42:16.762 [37]          9 : Running(cursor=1,len=2,running_child=1)
23 12:42:16.762 [37]        7 : Running(cursor=1,len=2,running_child=1)
23 12:42:16.762 [37]      4 : Running(cursor=0,len=1,running_child=0)
23 12:42:16.762 [37]    2 : Running(cursor=1,len=2,running_child=1)
23 12:42:16.762 [37]  1 : Running(cursor=0,len=1)
23 12:42:16.762 [38]  next tick
23 12:42:16.762 [38]    2 : Running(cursor=0,len=2,running_child=1)
23 12:42:16.762 [38]      3 : Running(cursor=0,len=2,reason=io: the key is expected to be a bool)
23 12:42:16.762 [38]        5 : Failure(key=calculated,reason=io: the key is expected to be a bool)
23 12:42:16.762 [38]      3 : Failure(cursor=0,len=2,reason=io: the key is expected to be a bool)
23 12:42:16.762 [38]    2 : Running(cursor=1,len=2,running_child=1)
23 12:42:16.762 [38]      4 : Running(cursor=0,len=1,running_child=0)
23 12:42:16.762 [38]        7 : Running(cursor=0,len=2,running_child=1)
23 12:42:16.762 [38]          8 : Running(cursor=0,len=2,reason=the key is not locked)
23 12:42:16.762 [38]            10 : Failure(key=calculated,reason=the key is not locked)
23 12:42:16.762 [38]          8 : Failure(cursor=0,len=2,reason=the key is not locked)
23 12:42:16.762 [38]        7 : Running(cursor=1,len=2,running_child=1)
23 12:42:16.762 [38]          9 : Running(cursor=0,len=2,running_child=1)
23 12:42:17.316 [38]            custom: Calculated
23 12:42:17.317 [38]            12 : Success(guard=calculated)
23 12:42:17.317 [38]          9 : Running(cursor=1,len=2,running_child=1)
23 12:42:17.317 [38]            13 : Running()
23 12:42:17.317 [38]          9 : Running(cursor=1,len=2,running_child=1)
23 12:42:17.317 [38]        7 : Running(cursor=1,len=2,running_child=1)
23 12:42:17.317 [38]      4 : Running(cursor=0,len=1,running_child=0)
23 12:42:17.317 [38]    2 : Running(cursor=1,len=2,running_child=1)
23 12:42:17.317 [38]  1 : Running(cursor=0,len=1)
23 12:42:17.317 [39]  next tick
23 12:42:17.318 [39]    2 : Running(cursor=0,len=2,running_child=1)
23 12:42:17.318 [39]      3 : Running(cursor=0,len=2,reason=io: the key is expected to be a bool)
23 12:42:17.318 [39]        5 : Failure(key=calculated,reason=io: the key is expected to be a bool)
23 12:42:17.318 [39]      3 : Failure(cursor=0,len=2,reason=io: the key is expected to be a bool)
23 12:42:17.318 [39]    2 : Running(cursor=1,len=2,running_child=1)
23 12:42:17.318 [39]      4 : Running(cursor=0,len=1,running_child=0)
23 12:42:17.318 [39]        7 : Running(cursor=0,len=2,running_child=1)
23 12:42:17.318 [39]          8 : Running(cursor=0,len=2,reason=the key is not locked)
23 12:42:17.318 [39]            10 : Failure(key=calculated,reason=the key is not locked)
23 12:42:17.318 [39]          8 : Failure(cursor=0,len=2,reason=the key is not locked)
23 12:42:17.318 [39]        7 : Running(cursor=1,len=2,running_child=1)
23 12:42:17.318 [39]          9 : Running(cursor=0,len=2,running_child=1)
23 12:42:17.872 [39]            custom: Calculated
23 12:42:17.873 [39]            12 : Success(guard=calculated)
23 12:42:17.874 [39]          9 : Running(cursor=1,len=2,running_child=1)
23 12:42:17.874 [39]            13 : Running()
23 12:42:17.874 [39]          9 : Running(cursor=1,len=2,running_child=1)
23 12:42:17.874 [39]        7 : Running(cursor=1,len=2,running_child=1)
23 12:42:17.874 [39]      4 : Running(cursor=0,len=1,running_child=0)
23 12:42:17.874 [39]    2 : Running(cursor=1,len=2,running_child=1)
23 12:42:17.874 [39]  1 : Running(cursor=0,len=1)
23 12:42:17.874 [40]  next tick
23 12:42:17.874 [40]    2 : Running(cursor=0,len=2,running_child=1)
23 12:42:17.874 [40]      3 : Running(cursor=0,len=2,reason=io: the key is expected to be a bool)
23 12:42:17.874 [40]        5 : Failure(key=calculated,reason=io: the key is expected to be a bool)
23 12:42:17.874 [40]      3 : Failure(cursor=0,len=2,reason=io: the key is expected to be a bool)
23 12:42:17.874 [40]    2 : Running(cursor=1,len=2,running_child=1)
23 12:42:17.874 [40]      4 : Running(cursor=0,len=1,running_child=0)
23 12:42:17.874 [40]        7 : Running(cursor=0,len=2,running_child=1)
23 12:42:17.874 [40]          8 : Running(cursor=0,len=2,reason=the key is not locked)
23 12:42:17.874 [40]            10 : Failure(key=calculated,reason=the key is not locked)
23 12:42:17.874 [40]          8 : Failure(cursor=0,len=2,reason=the key is not locked)
23 12:42:17.874 [40]        7 : Running(cursor=1,len=2,running_child=1)
23 12:42:17.874 [40]          9 : Running(cursor=0,len=2,running_child=1)
23 12:42:18.428 [40]            custom: Calculated
23 12:42:18.429 [40]            12 : Success(guard=calculated)
23 12:42:18.429 [40]          9 : Running(cursor=1,len=2,running_child=1)
23 12:42:18.429 [40]            13 : Running()
23 12:42:18.429 [40]          9 : Running(cursor=1,len=2,running_child=1)
23 12:42:18.429 [40]        7 : Running(cursor=1,len=2,running_child=1)
23 12:42:18.430 [40]      4 : Running(cursor=0,len=1,running_child=0)
23 12:42:18.430 [40]    2 : Running(cursor=1,len=2,running_child=1)
23 12:42:18.430 [40]  1 : Running(cursor=0,len=1)
23 12:42:18.430 [41]  next tick
23 12:42:18.430 [41]    2 : Running(cursor=0,len=2,running_child=1)
23 12:42:18.430 [41]      3 : Running(cursor=0,len=2,reason=io: the key is expected to be a bool)
23 12:42:18.430 [41]        5 : Failure(key=calculated,reason=io: the key is expected to be a bool)
23 12:42:18.430 [41]      3 : Failure(cursor=0,len=2,reason=io: the key is expected to be a bool)
23 12:42:18.430 [41]    2 : Running(cursor=1,len=2,running_child=1)
23 12:42:18.430 [41]      4 : Running(cursor=0,len=1,running_child=0)
23 12:42:18.430 [41]        7 : Running(cursor=0,len=2,running_child=1)
23 12:42:18.430 [41]          8 : Running(cursor=0,len=2,reason=the key is not locked)
23 12:42:18.430 [41]            10 : Failure(key=calculated,reason=the key is not locked)
23 12:42:18.430 [41]          8 : Failure(cursor=0,len=2,reason=the key is not locked)
23 12:42:18.430 [41]        7 : Running(cursor=1,len=2,running_child=1)
23 12:42:18.430 [41]          9 : Running(cursor=0,len=2,running_child=1)
23 12:42:18.984 [41]            custom: Calculated
23 12:42:18.985 [41]            12 : Success(guard=calculated)
23 12:42:18.985 [41]          9 : Running(cursor=1,len=2,running_child=1)
23 12:42:18.985 [41]            13 : Running()
23 12:42:18.985 [41]          9 : Running(cursor=1,len=2,running_child=1)
23 12:42:18.985 [41]        7 : Running(cursor=1,len=2,running_child=1)
23 12:42:18.985 [41]      4 : Running(cursor=0,len=1,running_child=0)
23 12:42:18.985 [41]    2 : Running(cursor=1,len=2,running_child=1)
23 12:42:18.985 [41]  1 : Running(cursor=0,len=1)
23 12:42:18.985 [42]  next tick
23 12:42:18.985 [42]    2 : Running(cursor=0,len=2,running_child=1)
23 12:42:18.985 [42]      3 : Running(cursor=0,len=2,reason=io: the key is expected to be a bool)
23 12:42:18.985 [42]        5 : Failure(key=calculated,reason=io: the key is expected to be a bool)
23 12:42:18.985 [42]      3 : Failure(cursor=0,len=2,reason=io: the key is expected to be a bool)
23 12:42:18.985 [42]    2 : Running(cursor=1,len=2,running_child=1)
23 12:42:18.985 [42]      4 : Running(cursor=0,len=1,running_child=0)
23 12:42:18.985 [42]        7 : Running(cursor=0,len=2,running_child=1)
23 12:42:18.985 [42]          8 : Running(cursor=0,len=2,reason=the key is not locked)
23 12:42:18.985 [42]            10 : Failure(key=calculated,reason=the key is not locked)
23 12:42:18.985 [42]          8 : Failure(cursor=0,len=2,reason=the key is not locked)
23 12:42:18.985 [42]        7 : Running(cursor=1,len=2,running_child=1)
23 12:42:18.985 [42]          9 : Running(cursor=0,len=2,running_child=1)
23 12:42:19.540 [42]            custom: Calculated
23 12:42:19.541 [42]            12 : Success(guard=calculated)
23 12:42:19.541 [42]          9 : Running(cursor=1,len=2,running_child=1)
23 12:42:19.541 [42]            13 : Running()
23 12:42:19.541 [42]          9 : Running(cursor=1,len=2,running_child=1)
23 12:42:19.541 [42]        7 : Running(cursor=1,len=2,running_child=1)
23 12:42:19.541 [42]      4 : Running(cursor=0,len=1,running_child=0)
23 12:42:19.541 [42]    2 : Running(cursor=1,len=2,running_child=1)
23 12:42:19.541 [42]  1 : Running(cursor=0,len=1)
23 12:42:19.541 [43]  next tick
23 12:42:19.541 [43]    2 : Running(cursor=0,len=2,running_child=1)
23 12:42:19.541 [43]      3 : Running(cursor=0,len=2,reason=io: the key is expected to be a bool)
23 12:42:19.541 [43]        5 : Failure(key=calculated,reason=io: the key is expected to be a bool)
23 12:42:19.541 [43]      3 : Failure(cursor=0,len=2,reason=io: the key is expected to be a bool)
23 12:42:19.541 [43]    2 : Running(cursor=1,len=2,running_child=1)
23 12:42:19.541 [43]      4 : Running(cursor=0,len=1,running_child=0)
23 12:42:19.541 [43]        7 : Running(cursor=0,len=2,running_child=1)
23 12:42:19.541 [43]          8 : Running(cursor=0,len=2,reason=the key is not locked)
23 12:42:19.541 [43]            10 : Failure(key=calculated,reason=the key is not locked)
23 12:42:19.541 [43]          8 : Failure(cursor=0,len=2,reason=the key is not locked)
23 12:42:19.541 [43]        7 : Running(cursor=1,len=2,running_child=1)
23 12:42:19.541 [43]          9 : Running(cursor=0,len=2,running_child=1)
23 12:42:20.095 [43]            custom: Calculated
23 12:42:20.096 [43]            12 : Success(guard=calculated)
23 12:42:20.096 [43]          9 : Running(cursor=1,len=2,running_child=1)
23 12:42:20.096 [43]            13 : Running()
23 12:42:20.096 [43]          9 : Running(cursor=1,len=2,running_child=1)
23 12:42:20.096 [43]        7 : Running(cursor=1,len=2,running_child=1)
23 12:42:20.096 [43]      4 : Running(cursor=0,len=1,running_child=0)
23 12:42:20.096 [43]    2 : Running(cursor=1,len=2,running_child=1)
23 12:42:20.096 [43]  1 : Running(cursor=0,len=1)
23 12:42:20.096 [44]  next tick
23 12:42:20.096 [44]    2 : Running(cursor=0,len=2,running_child=1)
23 12:42:20.096 [44]      3 : Running(cursor=0,len=2,reason=io: the key is expected to be a bool)
23 12:42:20.096 [44]        5 : Failure(key=calculated,reason=io: the key is expected to be a bool)
23 12:42:20.096 [44]      3 : Failure(cursor=0,len=2,reason=io: the key is expected to be a bool)
23 12:42:20.096 [44]    2 : Running(cursor=1,len=2,running_child=1)
23 12:42:20.096 [44]      4 : Running(cursor=0,len=1,running_child=0)
23 12:42:20.096 [44]        7 : Running(cursor=0,len=2,running_child=1)
23 12:42:20.096 [44]          8 : Running(cursor=0,len=2,reason=the key is not locked)
23 12:42:20.096 [44]            10 : Failure(key=calculated,reason=the key is not locked)
23 12:42:20.096 [44]          8 : Failure(cursor=0,len=2,reason=the key is not locked)
23 12:42:20.096 [44]        7 : Running(cursor=1,len=2,running_child=1)
23 12:42:20.096 [44]          9 : Running(cursor=0,len=2,running_child=1)
23 12:42:20.650 [44]            custom: Calculated
23 12:42:20.651 [44]            12 : Success(guard=calculated)
23 12:42:20.651 [44]          9 : Running(cursor=1,len=2,running_child=1)
23 12:42:20.651 [44]            13 : Running()
23 12:42:20.651 [44]          9 : Running(cursor=1,len=2,running_child=1)
23 12:42:20.651 [44]        7 : Running(cursor=1,len=2,running_child=1)
23 12:42:20.651 [44]      4 : Running(cursor=0,len=1,running_child=0)
23 12:42:20.651 [44]    2 : Running(cursor=1,len=2,running_child=1)
23 12:42:20.651 [44]  1 : Running(cursor=0,len=1)
23 12:42:20.651 [45]  next tick
23 12:42:20.651 [45]    2 : Running(cursor=0,len=2,running_child=1)
23 12:42:20.651 [45]      3 : Running(cursor=0,len=2,reason=io: the key is expected to be a bool)
23 12:42:20.651 [45]        5 : Failure(key=calculated,reason=io: the key is expected to be a bool)
23 12:42:20.651 [45]      3 : Failure(cursor=0,len=2,reason=io: the key is expected to be a bool)
23 12:42:20.651 [45]    2 : Running(cursor=1,len=2,running_child=1)
23 12:42:20.651 [45]      4 : Running(cursor=0,len=1,running_child=0)
23 12:42:20.651 [45]        7 : Running(cursor=0,len=2,running_child=1)
23 12:42:20.651 [45]          8 : Running(cursor=0,len=2,reason=the key is not locked)
23 12:42:20.651 [45]            10 : Failure(key=calculated,reason=the key is not locked)
23 12:42:20.651 [45]          8 : Failure(cursor=0,len=2,reason=the key is not locked)
23 12:42:20.651 [45]        7 : Running(cursor=1,len=2,running_child=1)
23 12:42:20.651 [45]          9 : Running(cursor=0,len=2,running_child=1)
23 12:42:21.205 [45]            custom: Calculated
23 12:42:21.206 [45]            12 : Success(guard=calculated)
23 12:42:21.206 [45]          9 : Running(cursor=1,len=2,running_child=1)
23 12:42:21.206 [45]            13 : Running()
23 12:42:21.206 [45]          9 : Running(cursor=1,len=2,running_child=1)
23 12:42:21.206 [45]        7 : Running(cursor=1,len=2,running_child=1)
23 12:42:21.206 [45]      4 : Running(cursor=0,len=1,running_child=0)
23 12:42:21.206 [45]    2 : Running(cursor=1,len=2,running_child=1)
23 12:42:21.206 [45]  1 : Running(cursor=0,len=1)
23 12:42:21.206 [46]  next tick
23 12:42:21.206 [46]    2 : Running(cursor=0,len=2,running_child=1)
23 12:42:21.206 [46]      3 : Running(cursor=0,len=2,reason=io: the key is expected to be a bool)
23 12:42:21.206 [46]        5 : Failure(key=calculated,reason=io: the key is expected to be a bool)
23 12:42:21.206 [46]      3 : Failure(cursor=0,len=2,reason=io: the key is expected to be a bool)
23 12:42:21.206 [46]    2 : Running(cursor=1,len=2,running_child=1)
23 12:42:21.206 [46]      4 : Running(cursor=0,len=1,running_child=0)
23 12:42:21.206 [46]        7 : Running(cursor=0,len=2,running_child=1)
23 12:42:21.206 [46]          8 : Running(cursor=0,len=2,reason=the key is not locked)
23 12:42:21.206 [46]            10 : Failure(key=calculated,reason=the key is not locked)
23 12:42:21.206 [46]          8 : Failure(cursor=0,len=2,reason=the key is not locked)
23 12:42:21.206 [46]        7 : Running(cursor=1,len=2,running_child=1)
23 12:42:21.206 [46]          9 : Running(cursor=0,len=2,running_child=1)
23 12:42:21.760 [46]            custom: Calculated
23 12:42:21.760 [46]            12 : Success(guard=calculated)
23 12:42:21.761 [46]          9 : Running(cursor=1,len=2,running_child=1)
23 12:42:21.761 [46]            13 : Running()
23 12:42:21.761 [46]          9 : Running(cursor=1,len=2,running_child=1)
23 12:42:21.761 [46]        7 : Running(cursor=1,len=2,running_child=1)
23 12:42:21.761 [46]      4 : Running(cursor=0,len=1,running_child=0)
23 12:42:21.761 [46]    2 : Running(cursor=1,len=2,running_child=1)
23 12:42:21.761 [46]  1 : Running(cursor=0,len=1)
23 12:42:21.761 [47]  next tick
23 12:42:21.761 [47]    2 : Running(cursor=0,len=2,running_child=1)
23 12:42:21.761 [47]      3 : Running(cursor=0,len=2,reason=io: the key is expected to be a bool)
23 12:42:21.761 [47]        5 : Failure(key=calculated,reason=io: the key is expected to be a bool)
23 12:42:21.761 [47]      3 : Failure(cursor=0,len=2,reason=io: the key is expected to be a bool)
23 12:42:21.761 [47]    2 : Running(cursor=1,len=2,running_child=1)
23 12:42:21.761 [47]      4 : Running(cursor=0,len=1,running_child=0)
23 12:42:21.761 [47]        7 : Running(cursor=0,len=2,running_child=1)
23 12:42:21.761 [47]          8 : Running(cursor=0,len=2,reason=the key is not locked)
23 12:42:21.761 [47]            10 : Failure(key=calculated,reason=the key is not locked)
23 12:42:21.761 [47]          8 : Failure(cursor=0,len=2,reason=the key is not locked)
23 12:42:21.761 [47]        7 : Running(cursor=1,len=2,running_child=1)
23 12:42:21.761 [47]          9 : Running(cursor=0,len=2,running_child=1)
23 12:42:22.316 [47]            custom: Calculated
23 12:42:22.317 [47]            12 : Success(guard=calculated)
23 12:42:22.317 [47]          9 : Running(cursor=1,len=2,running_child=1)
23 12:42:22.317 [47]            13 : Running()
23 12:42:22.317 [47]          9 : Running(cursor=1,len=2,running_child=1)
23 12:42:22.317 [47]        7 : Running(cursor=1,len=2,running_child=1)
23 12:42:22.317 [47]      4 : Running(cursor=0,len=1,running_child=0)
23 12:42:22.317 [47]    2 : Running(cursor=1,len=2,running_child=1)
23 12:42:22.317 [47]  1 : Running(cursor=0,len=1)
23 12:42:22.317 [48]  next tick
23 12:42:22.317 [48]    2 : Running(cursor=0,len=2,running_child=1)
23 12:42:22.317 [48]      3 : Running(cursor=0,len=2,reason=io: the key is expected to be a bool)
23 12:42:22.317 [48]        5 : Failure(key=calculated,reason=io: the key is expected to be a bool)
23 12:42:22.317 [48]      3 : Failure(cursor=0,len=2,reason=io: the key is expected to be a bool)
23 12:42:22.317 [48]    2 : Running(cursor=1,len=2,running_child=1)
23 12:42:22.317 [48]      4 : Running(cursor=0,len=1,running_child=0)
23 12:42:22.317 [48]        7 : Running(cursor=0,len=2,running_child=1)
23 12:42:22.317 [48]          8 : Running(cursor=0,len=2,reason=the key is not locked)
23 12:42:22.317 [48]            10 : Failure(key=calculated,reason=the key is not locked)
23 12:42:22.317 [48]          8 : Failure(cursor=0,len=2,reason=the key is not locked)
23 12:42:22.317 [48]        7 : Running(cursor=1,len=2,running_child=1)
23 12:42:22.317 [48]          9 : Running(cursor=0,len=2,running_child=1)
23 12:42:22.872 [48]            custom: Calculated
23 12:42:22.872 [48]            12 : Success(guard=calculated)
23 12:42:22.873 [48]          9 : Running(cursor=1,len=2,running_child=1)
23 12:42:22.873 [48]            13 : Running()
23 12:42:22.873 [48]          9 : Running(cursor=1,len=2,running_child=1)
23 12:42:22.873 [48]        7 : Running(cursor=1,len=2,running_child=1)
23 12:42:22.873 [48]      4 : Running(cursor=0,len=1,running_child=0)
23 12:42:22.873 [48]    2 : Running(cursor=1,len=2,running_child=1)
23 12:42:22.873 [48]  1 : Running(cursor=0,len=1)
23 12:42:22.873 [49]  next tick
23 12:42:22.873 [49]    2 : Running(cursor=0,len=2,running_child=1)
23 12:42:22.873 [49]      3 : Running(cursor=0,len=2,reason=io: the key is expected to be a bool)
23 12:42:22.873 [49]        5 : Failure(key=calculated,reason=io: the key is expected to be a bool)
23 12:42:22.873 [49]      3 : Failure(cursor=0,len=2,reason=io: the key is expected to be a bool)
23 12:42:22.873 [49]    2 : Running(cursor=1,len=2,running_child=1)
23 12:42:22.873 [49]      4 : Running(cursor=0,len=1,running_child=0)
23 12:42:22.873 [49]        7 : Running(cursor=0,len=2,running_child=1)
23 12:42:22.873 [49]          8 : Running(cursor=0,len=2,reason=the key is not locked)
23 12:42:22.873 [49]            10 : Failure(key=calculated,reason=the key is not locked)
23 12:42:22.873 [49]          8 : Failure(cursor=0,len=2,reason=the key is not locked)
23 12:42:22.873 [49]        7 : Running(cursor=1,len=2,running_child=1)
23 12:42:22.873 [49]          9 : Running(cursor=0,len=2,running_child=1)
23 12:42:23.427 [49]            custom: Calculated
23 12:42:23.428 [49]            12 : Success(guard=calculated)
23 12:42:23.428 [49]          9 : Running(cursor=1,len=2,running_child=1)
23 12:42:23.428 [49]            13 : Running()
23 12:42:23.428 [49]          9 : Running(cursor=1,len=2,running_child=1)
23 12:42:23.428 [49]        7 : Running(cursor=1,len=2,running_child=1)
23 12:42:23.428 [49]      4 : Running(cursor=0,len=1,running_child=0)
23 12:42:23.428 [49]    2 : Running(cursor=1,len=2,running_child=1)
23 12:42:23.428 [49]  1 : Running(cursor=0,len=1)
23 12:42:23.428 [50]  next tick
23 12:42:23.428 [50]    2 : Running(cursor=0,len=2,running_child=1)
23 12:42:23.428 [50]      3 : Running(cursor=0,len=2,reason=io: the key is expected to be a bool)
23 12:42:23.428 [50]        5 : Failure(key=calculated,reason=io: the key is expected to be a bool)
23 12:42:23.428 [50]      3 : Failure(cursor=0,len=2,reason=io: the key is expected to be a bool)
23 12:42:23.428 [50]    2 : Running(cursor=1,len=2,running_child=1)
23 12:42:23.428 [50]      4 : Running(cursor=0,len=1,running_child=0)
23 12:42:23.428 [50]        7 : Running(cursor=0,len=2,running_child=1)
23 12:42:23.428 [50]          8 : Running(cursor=0,len=2,reason=the key is not locked)
23 12:42:23.428 [50]            10 : Failure(key=calculated,reason=the key is not locked)
23 12:42:23.428 [50]          8 : Failure(cursor=0,len=2,reason=the key is not locked)
23 12:42:23.428 [50]        7 : Running(cursor=1,len=2,running_child=1)
23 12:42:23.428 [50]          9 : Running(cursor=0,len=2,running_child=1)
23 12:42:23.982 [50]            custom: Calculated
23 12:42:23.983 [50]            12 : Success(guard=calculated)
23 12:42:23.983 [50]          9 : Running(cursor=1,len=2,running_child=1)
23 12:42:23.983 [50]            13 : Running()
23 12:42:23.983 [50]          9 : Running(cursor=1,len=2,running_child=1)
23 12:42:23.983 [50]        7 : Running(cursor=1,len=2,running_child=1)
23 12:42:23.983 [50]      4 : Running(cursor=0,len=1,running_child=0)
23 12:42:23.983 [50]    2 : Running(cursor=1,len=2,running_child=1)
23 12:42:23.983 [50]  1 : Running(cursor=0,len=1)
23 12:42:23.983 [51]  next tick
23 12:42:23.983 [51]    2 : Running(cursor=0,len=2,running_child=1)
23 12:42:23.983 [51]      3 : Running(cursor=0,len=2,reason=io: the key is expected to be a bool)
23 12:42:23.983 [51]        5 : Failure(key=calculated,reason=io: the key is expected to be a bool)
23 12:42:23.983 [51]      3 : Failure(cursor=0,len=2,reason=io: the key is expected to be a bool)
23 12:42:23.983 [51]    2 : Running(cursor=1,len=2,running_child=1)
23 12:42:23.983 [51]      4 : Running(cursor=0,len=1,running_child=0)
23 12:42:23.983 [51]        7 : Running(cursor=0,len=2,running_child=1)
23 12:42:23.983 [51]          8 : Running(cursor=0,len=2,reason=the key is not locked)
23 12:42:23.983 [51]            10 : Failure(key=calculated,reason=the key is not locked)
23 12:42:23.983 [51]          8 : Failure(cursor=0,len=2,reason=the key is not locked)
23 12:42:23.983 [51]        7 : Running(cursor=1,len=2,running_child=1)
23 12:42:23.983 [51]          9 : Running(cursor=0,len=2,running_child=1)
23 12:42:24.538 [51]            custom: Calculated
23 12:42:24.539 [51]            12 : Success(guard=calculated)
23 12:42:24.539 [51]          9 : Running(cursor=1,len=2,running_child=1)
23 12:42:24.539 [51]            13 : Running()
23 12:42:24.539 [51]          9 : Running(cursor=1,len=2,running_child=1)
23 12:42:24.539 [51]        7 : Running(cursor=1,len=2,running_child=1)
23 12:42:24.539 [51]      4 : Running(cursor=0,len=1,running_child=0)
23 12:42:24.539 [51]    2 : Running(cursor=1,len=2,running_child=1)
23 12:42:24.539 [51]  1 : Running(cursor=0,len=1)
23 12:42:24.539 [52]  next tick
23 12:42:24.539 [52]    2 : Running(cursor=0,len=2,running_child=1)
23 12:42:24.539 [52]      3 : Running(cursor=0,len=2,reason=io: the key is expected to be a bool)
23 12:42:24.539 [52]        5 : Failure(key=calculated,reason=io: the key is expected to be a bool)
23 12:42:24.539 [52]      3 : Failure(cursor=0,len=2,reason=io: the key is expected to be a bool)
23 12:42:24.539 [52]    2 : Running(cursor=1,len=2,running_child=1)
23 12:42:24.539 [52]      4 : Running(cursor=0,len=1,running_child=0)
23 12:42:24.539 [52]        7 : Running(cursor=0,len=2,running_child=1)
23 12:42:24.539 [52]          8 : Running(cursor=0,len=2,reason=the key is not locked)
23 12:42:24.539 [52]            10 : Failure(key=calculated,reason=the key is not locked)
23 12:42:24.539 [52]          8 : Failure(cursor=0,len=2,reason=the key is not locked)
23 12:42:24.539 [52]        7 : Running(cursor=1,len=2,running_child=1)
23 12:42:24.539 [52]          9 : Running(cursor=0,len=2,running_child=1)
23 12:42:25.093 [52]            custom: Calculated
23 12:42:25.094 [52]            12 : Success(guard=calculated)
23 12:42:25.094 [52]          9 : Running(cursor=1,len=2,running_child=1)
23 12:42:25.094 [52]            13 : Running()
23 12:42:25.094 [52]          9 : Running(cursor=1,len=2,running_child=1)
23 12:42:25.094 [52]        7 : Running(cursor=1,len=2,running_child=1)
23 12:42:25.094 [52]      4 : Running(cursor=0,len=1,running_child=0)
23 12:42:25.094 [52]    2 : Running(cursor=1,len=2,running_child=1)
23 12:42:25.094 [52]  1 : Running(cursor=0,len=1)
23 12:42:25.094 [53]  next tick
23 12:42:25.094 [53]    2 : Running(cursor=0,len=2,running_child=1)
23 12:42:25.094 [53]      3 : Running(cursor=0,len=2,reason=io: the key is expected to be a bool)
23 12:42:25.094 [53]        5 : Failure(key=calculated,reason=io: the key is expected to be a bool)
23 12:42:25.094 [53]      3 : Failure(cursor=0,len=2,reason=io: the key is expected to be a bool)
23 12:42:25.094 [53]    2 : Running(cursor=1,len=2,running_child=1)
23 12:42:25.094 [53]      4 : Running(cursor=0,len=1,running_child=0)
23 12:42:25.094 [53]        7 : Running(cursor=0,len=2,running_child=1)
23 12:42:25.094 [53]          8 : Running(cursor=0,len=2,reason=the key is not locked)
23 12:42:25.094 [53]            10 : Failure(key=calculated,reason=the key is not locked)
23 12:42:25.094 [53]          8 : Failure(cursor=0,len=2,reason=the key is not locked)
23 12:42:25.094 [53]        7 : Running(cursor=1,len=2,running_child=1)
23 12:42:25.094 [53]          9 : Running(cursor=0,len=2,running_child=1)
23 12:42:25.648 [53]            custom: Calculated
23 12:42:25.649 [53]            12 : Success(guard=calculated)
23 12:42:25.649 [53]          9 : Running(cursor=1,len=2,running_child=1)
23 12:42:25.649 [53]            13 : Running()
23 12:42:25.649 [53]          9 : Running(cursor=1,len=2,running_child=1)
23 12:42:25.649 [53]        7 : Running(cursor=1,len=2,running_child=1)
23 12:42:25.649 [53]      4 : Running(cursor=0,len=1,running_child=0)
23 12:42:25.649 [53]    2 : Running(cursor=1,len=2,running_child=1)
23 12:42:25.649 [53]  1 : Running(cursor=0,len=1)
23 12:42:25.649 [54]  next tick
23 12:42:25.649 [54]    2 : Running(cursor=0,len=2,running_child=1)
23 12:42:25.649 [54]      3 : Running(cursor=0,len=2,reason=io: the key is expected to be a bool)
23 12:42:25.649 [54]        5 : Failure(key=calculated,reason=io: the key is expected to be a bool)
23 12:42:25.649 [54]      3 : Failure(cursor=0,len=2,reason=io: the key is expected to be a bool)
23 12:42:25.649 [54]    2 : Running(cursor=1,len=2,running_child=1)
23 12:42:25.649 [54]      4 : Running(cursor=0,len=1,running_child=0)
23 12:42:25.649 [54]        7 : Running(cursor=0,len=2,running_child=1)
23 12:42:25.649 [54]          8 : Running(cursor=0,len=2,reason=the key is not locked)
23 12:42:25.650 [54]            10 : Failure(key=calculated,reason=the key is not locked)
23 12:42:25.650 [54]          8 : Failure(cursor=0,len=2,reason=the key is not locked)
23 12:42:25.650 [54]        7 : Running(cursor=1,len=2,running_child=1)
23 12:42:25.650 [54]          9 : Running(cursor=0,len=2,running_child=1)
23 12:42:26.203 [54]            custom: Calculated
23 12:42:26.204 [54]            12 : Success(guard=calculated)
23 12:42:26.204 [54]          9 : Running(cursor=1,len=2,running_child=1)
23 12:42:26.204 [54]            13 : Running()
23 12:42:26.204 [54]          9 : Running(cursor=1,len=2,running_child=1)
23 12:42:26.204 [54]        7 : Running(cursor=1,len=2,running_child=1)
23 12:42:26.204 [54]      4 : Running(cursor=0,len=1,running_child=0)
23 12:42:26.204 [54]    2 : Running(cursor=1,len=2,running_child=1)
23 12:42:26.204 [54]  1 : Running(cursor=0,len=1)
23 12:42:26.204 [55]  next tick
23 12:42:26.204 [55]    2 : Running(cursor=0,len=2,running_child=1)
23 12:42:26.204 [55]      3 : Running(cursor=0,len=2,reason=io: the key is expected to be a bool)
23 12:42:26.204 [55]        5 : Failure(key=calculated,reason=io: the key is expected to be a bool)
23 12:42:26.204 [55]      3 : Failure(cursor=0,len=2,reason=io: the key is expected to be a bool)
23 12:42:26.204 [55]    2 : Running(cursor=1,len=2,running_child=1)
23 12:42:26.204 [55]      4 : Running(cursor=0,len=1,running_child=0)
23 12:42:26.204 [55]        7 : Running(cursor=0,len=2,running_child=1)
23 12:42:26.204 [55]          8 : Running(cursor=0,len=2,reason=the key is not locked)
23 12:42:26.204 [55]            10 : Failure(key=calculated,reason=the key is not locked)
23 12:42:26.204 [55]          8 : Failure(cursor=0,len=2,reason=the key is not locked)
23 12:42:26.204 [55]        7 : Running(cursor=1,len=2,running_child=1)
23 12:42:26.204 [55]          9 : Running(cursor=0,len=2,running_child=1)
23 12:42:26.758 [55]            custom: Calculated
23 12:42:26.759 [55]            12 : Success(guard=calculated)
23 12:42:26.759 [55]          9 : Running(cursor=1,len=2,running_child=1)
23 12:42:26.759 [55]            13 : Running()
23 12:42:26.759 [55]          9 : Running(cursor=1,len=2,running_child=1)
23 12:42:26.759 [55]        7 : Running(cursor=1,len=2,running_child=1)
23 12:42:26.759 [55]      4 : Running(cursor=0,len=1,running_child=0)
23 12:42:26.759 [55]    2 : Running(cursor=1,len=2,running_child=1)
23 12:42:26.759 [55]  1 : Running(cursor=0,len=1)
23 12:42:26.759 [56]  next tick
23 12:42:26.759 [56]    2 : Running(cursor=0,len=2,running_child=1)
23 12:42:26.759 [56]      3 : Running(cursor=0,len=2,reason=io: the key is expected to be a bool)
23 12:42:26.759 [56]        5 : Failure(key=calculated,reason=io: the key is expected to be a bool)
23 12:42:26.759 [56]      3 : Failure(cursor=0,len=2,reason=io: the key is expected to be a bool)
23 12:42:26.759 [56]    2 : Running(cursor=1,len=2,running_child=1)
23 12:42:26.759 [56]      4 : Running(cursor=0,len=1,running_child=0)
23 12:42:26.759 [56]        7 : Running(cursor=0,len=2,running_child=1)
23 12:42:26.759 [56]          8 : Running(cursor=0,len=2,reason=the key is not locked)
23 12:42:26.759 [56]            10 : Failure(key=calculated,reason=the key is not locked)
23 12:42:26.759 [56]          8 : Failure(cursor=0,len=2,reason=the key is not locked)
23 12:42:26.759 [56]        7 : Running(cursor=1,len=2,running_child=1)
23 12:42:26.759 [56]          9 : Running(cursor=0,len=2,running_child=1)
